label,zip,member,series_uid,sop_uid,center_x,center_y,patient_id,image_id,laterality,view,cancer,image_path,split
SEM_NODULO,/media/angualberto/423ff97c-bf80-4bc9-9621-cf3ec081fd25/rsna_breast_cancer_detection/train_images/10324/1430620887.dcm,1430620887.dcm,10324,1430620887,1664,2048,10324,1430620887,R,MLO,0,/media/angualberto/423ff97c-bf80-4bc9-9621-cf3ec081fd25/rsna_breast_cancer_detection/train_images/10324/1430620887.dcm,train
SEM_NODULO,/media/angualberto/423ff97c-bf80-4bc9-9621-cf3ec081fd25/rsna_breast_cancer_detection/train_images/10324/244315935.dcm,244315935.dcm,10324,244315935,1664,2048,10324,244315935,R,MLO,0,/media/angualberto/423ff97c-bf80-4bc9-9621-cf3ec081fd25/rsna_breast_cancer_detection/train_images/10324/244315935.dcm,train
SEM_NODULO,/media/angualberto/423ff97c-bf80-4bc9-9621-cf3ec081fd25/rsna_breast_cancer_detection/train_images/10324/32340277.dcm,32340277.dcm,10324,32340277,1664,2048,10324,32340277,L,CC,0,/media/angualberto/423ff97c-bf80-4bc9-9621-cf3ec081fd25/rsna_breast_cancer_detection/train_images/10324/32340277.dcm,train
SEM_NODULO,/media/angualberto/423ff97c-bf80-4bc9-9621-cf3ec081fd25/rsna_breast_cancer_detection/train_images/10324/329930293.dcm,329930293.dcm,10324,329930293,1664,2048,10324,329930293,R,CC,0,/media/angualberto/423ff97c-bf80-4bc9-9621-cf3ec081fd25/rsna_breast_cancer_detection/train_images/10324/329930293.dcm,train
SEM_NODULO,/media/angualberto/423ff97c-bf80-4bc9-9621-cf3ec081fd25/rsna_breast_cancer_detection/train_images/10324/540973699.dcm,540973699.dcm,10324,540973699,1664,2048,10324,540973699,L,MLO,0,/media/angualberto/423ff97c-bf80-4bc9-9621-cf3ec081fd25/rsna_breast_cancer_detection/train_images/10324/540973699.dcm,train
SEM_NODULO,/media/angualberto/423ff97c-bf80-4bc9-9621-cf3ec081fd25/rsna_breast_cancer_detection/train_images/10324/690183.dcm,690183.dcm,10324,690183,1664,2048,10324,690183,L,MLO,0,/media/angualberto/423ff97c-bf80-4bc9-9621-cf3ec081fd25/rsna_breast_cancer_detection/train_images/10324/690183.dcm,train
NODULO,/media/angualberto/423ff97c-bf80-4bc9-9621-cf3ec081fd25/rsna_breast_cancer_detection/train_images/10432/1434858530.dcm,1434858530.dcm,10432,1434858530,1664,2048,10432,1434858530,L,MLO,1,/media/angualberto/423ff97c-bf80-4bc9-9621-cf3ec081fd25/rsna_breast_cancer_detection/train_images/10432/1434858530.dcm,train
SEM_NODULO,/media/angualberto/423ff97c-bf80-4bc9-9621-cf3ec081fd25/rsna_breast_cancer_detection/train_images/10432/1540201051.dcm,1540201051.dcm,10432,1540201051,1664,2048,10432,1540201051,R,CC,0,/media/angualberto/423ff97c-bf80-4bc9-9621-cf3ec081fd25/rsna_breast_cancer_detection/train_images/10432/1540201051.dcm,train
NODULO,/media/angualberto/423ff97c-bf80-4bc9-9621-cf3ec081fd25/rsna_breast_cancer_detection/train_images/10432/458553546.dcm,458553546.dcm,10432,458553546,1664,2048,10432,458553546,L,CC,1,/media/angualberto/423ff97c-bf80-4bc9-9621-cf3ec081fd25/rsna_breast_cancer_detection/train_images/10432/458553546.dcm,train
SEM_NODULO,/media/angualberto/423ff97c-bf80-4bc9-9621-cf3ec081fd25/rsna_breast_cancer_detection/train_images/10432/956574704.dcm,956574704.dcm,10432,956574704,1664,2048,10432,956574704,R,MLO,0,/media/angualberto/423ff97c-bf80-4bc9-9621-cf3ec081fd25/rsna_breast_cancer_detection/train_images/10432/956574704.dcm,train
SEM_NODULO,/media/angualberto/423ff97c-bf80-4bc9-9621-cf3ec081fd25/rsna_breast_cancer_detection/train_images/10432/958479048.dcm,958479048.dcm,10432,958479048,1664,2048,10432,958479048,R,MLO,0,/media/angualberto/423ff97c-bf80-4bc9-9621-cf3ec081fd25/rsna_breast_cancer_detection/train_images/10432/958479048.dcm,train
SEM_NODULO,/media/angualberto/423ff97c-bf80-4bc9-9621-cf3ec081fd25/rsna_breast_cancer_detection/train_images/10534/1726763733.dcm,1726763733.dcm,10534,1726763733,1664,2048,10534,1726763733,L,MLO,0,/media/angualberto/423ff97c-bf80-4bc9-9621-cf3ec081fd25/rsna_breast_cancer_detection/train_images/10534/1726763733.dcm,train
SEM_NODULO,/media/angualberto/423ff97c-bf80-4bc9-9621-cf3ec081fd25/rsna_breast_cancer_detection/train_images/10534/1922586609.dcm,1922586609.dcm,10534,1922586609,1664,2048,10534,1922586609,R,CC,0,/media/angualberto/423ff97c-bf80-4bc9-9621-cf3ec081fd25/rsna_breast_cancer_detection/train_images/10534/1922586609.dcm,train
SEM_NODULO,/media/angualberto/423ff97c-bf80-4bc9-9621-cf3ec081fd25/rsna_breast_cancer_detection/train_images/10534/547002624.dcm,547002624.dcm,10534,547002624,1664,2048,10534,547002624,L,CC,0,/media/angualberto/423ff97c-bf80-4bc9-9621-cf3ec081fd25/rsna_breast_cancer_detection/train_images/10534/547002624.dcm,train
SEM_NODULO,/media/angualberto/423ff97c-bf80-4bc9-9621-cf3ec081fd25/rsna_breast_cancer_detection/train_images/10534/93022595.dcm,93022595.dcm,10534,93022595,1664,2048,10534,93022595,R,MLO,0,/media/angualberto/423ff97c-bf80-4bc9-9621-cf3ec081fd25/rsna_breast_cancer_detection/train_images/10534/93022595.dcm,train
SEM_NODULO,/media/angualberto/423ff97c-bf80-4bc9-9621-cf3ec081fd25/rsna_breast_cancer_detection/train_images/10822/1770807658.dcm,1770807658.dcm,10822,1770807658,1664,2048,10822,1770807658,L,CC,0,/media/angualberto/423ff97c-bf80-4bc9-9621-cf3ec081fd25/rsna_breast_cancer_detection/train_images/10822/1770807658.dcm,train
SEM_NODULO,/media/angualberto/423ff97c-bf80-4bc9-9621-cf3ec081fd25/rsna_breast_cancer_detection/train_images/10822/1838021144.dcm,1838021144.dcm,10822,1838021144,1664,2048,10822,1838021144,L,MLO,0,/media/angualberto/423ff97c-bf80-4bc9-9621-cf3ec081fd25/rsna_breast_cancer_detection/train_images/10822/1838021144.dcm,train
SEM_NODULO,/media/angualberto/423ff97c-bf80-4bc9-9621-cf3ec081fd25/rsna_breast_cancer_detection/train_images/10822/711533480.dcm,711533480.dcm,10822,711533480,1664,2048,10822,711533480,R,MLO,0,/media/angualberto/423ff97c-bf80-4bc9-9621-cf3ec081fd25/rsna_breast_cancer_detection/train_images/10822/711533480.dcm,train
SEM_NODULO,/media/angualberto/423ff97c-bf80-4bc9-9621-cf3ec081fd25/rsna_breast_cancer_detection/train_images/10822/836443904.dcm,836443904.dcm,10822,836443904,1664,2048,10822,836443904,R,CC,0,/media/angualberto/423ff97c-bf80-4bc9-9621-cf3ec081fd25/rsna_breast_cancer_detection/train_images/10822/836443904.dcm,train
SEM_NODULO,/media/angualberto/423ff97c-bf80-4bc9-9621-cf3ec081fd25/rsna_breast_cancer_detection/train_images/11017/1075876909.dcm,1075876909.dcm,11017,1075876909,957,1147,11017,1075876909,R,MLO,0,/media/angualberto/423ff97c-bf80-4bc9-9621-cf3ec081fd25/rsna_breast_cancer_detection/train_images/11017/1075876909.dcm,test
SEM_NODULO,/media/angualberto/423ff97c-bf80-4bc9-9621-cf3ec081fd25/rsna_breast_cancer_detection/train_images/11017/348553439.dcm,348553439.dcm,11017,348553439,957,1147,11017,348553439,L,CC,0,/media/angualberto/423ff97c-bf80-4bc9-9621-cf3ec081fd25/rsna_breast_cancer_detection/train_images/11017/348553439.dcm,test
SEM_NODULO,/media/angualberto/423ff97c-bf80-4bc9-9621-cf3ec081fd25/rsna_breast_cancer_detection/train_images/11017/4703157.dcm,4703157.dcm,11017,4703157,957,1147,11017,4703157,R,CC,0,/media/angualberto/423ff97c-bf80-4bc9-9621-cf3ec081fd25/rsna_breast_cancer_detection/train_images/11017/4703157.dcm,test
SEM_NODULO,/media/angualberto/423ff97c-bf80-4bc9-9621-cf3ec081fd25/rsna_breast_cancer_detection/train_images/11017/565699417.dcm,565699417.dcm,11017,565699417,957,1147,11017,565699417,L,MLO,0,/media/angualberto/423ff97c-bf80-4bc9-9621-cf3ec081fd25/rsna_breast_cancer_detection/train_images/11017/565699417.dcm,test
SEM_NODULO,/media/angualberto/423ff97c-bf80-4bc9-9621-cf3ec081fd25/rsna_breast_cancer_detection/train_images/11230/141786795.dcm,141786795.dcm,11230,141786795,1280,1664,11230,141786795,L,CC,0,/media/angualberto/423ff97c-bf80-4bc9-9621-cf3ec081fd25/rsna_breast_cancer_detection/train_images/11230/141786795.dcm,train
SEM_NODULO,/media/angualberto/423ff97c-bf80-4bc9-9621-cf3ec081fd25/rsna_breast_cancer_detection/train_images/11230/2108022809.dcm,2108022809.dcm,11230,2108022809,1280,1664,11230,2108022809,R,MLO,0,/media/angualberto/423ff97c-bf80-4bc9-9621-cf3ec081fd25/rsna_breast_cancer_detection/train_images/11230/2108022809.dcm,train
SEM_NODULO,/media/angualberto/423ff97c-bf80-4bc9-9621-cf3ec081fd25/rsna_breast_cancer_detection/train_images/11230/316711525.dcm,316711525.dcm,11230,316711525,1280,1664,11230,316711525,L,MLO,0,/media/angualberto/423ff97c-bf80-4bc9-9621-cf3ec081fd25/rsna_breast_cancer_detection/train_images/11230/316711525.dcm,train
SEM_NODULO,/media/angualberto/423ff97c-bf80-4bc9-9621-cf3ec081fd25/rsna_breast_cancer_detection/train_images/11230/720856716.dcm,720856716.dcm,11230,720856716,1280,1664,11230,720856716,R,CC,0,/media/angualberto/423ff97c-bf80-4bc9-9621-cf3ec081fd25/rsna_breast_cancer_detection/train_images/11230/720856716.dcm,train
SEM_NODULO,/media/angualberto/423ff97c-bf80-4bc9-9621-cf3ec081fd25/rsna_breast_cancer_detection/train_images/11284/1217260620.dcm,1217260620.dcm,11284,1217260620,1664,2048,11284,1217260620,R,MLO,0,/media/angualberto/423ff97c-bf80-4bc9-9621-cf3ec081fd25/rsna_breast_cancer_detection/train_images/11284/1217260620.dcm,train
SEM_NODULO,/media/angualberto/423ff97c-bf80-4bc9-9621-cf3ec081fd25/rsna_breast_cancer_detection/train_images/11284/1448339056.dcm,1448339056.dcm,11284,1448339056,1664,2048,11284,1448339056,L,CC,0,/media/angualberto/423ff97c-bf80-4bc9-9621-cf3ec081fd25/rsna_breast_cancer_detection/train_images/11284/1448339056.dcm,train
SEM_NODULO,/media/angualberto/423ff97c-bf80-4bc9-9621-cf3ec081fd25/rsna_breast_cancer_detection/train_images/11284/372913994.dcm,372913994.dcm,11284,372913994,1664,2048,11284,372913994,L,MLO,0,/media/angualberto/423ff97c-bf80-4bc9-9621-cf3ec081fd25/rsna_breast_cancer_detection/train_images/11284/372913994.dcm,train
SEM_NODULO,/media/angualberto/423ff97c-bf80-4bc9-9621-cf3ec081fd25/rsna_breast_cancer_detection/train_images/11284/492172232.dcm,492172232.dcm,11284,492172232,1664,2048,11284,492172232,R,CC,0,/media/angualberto/423ff97c-bf80-4bc9-9621-cf3ec081fd25/rsna_breast_cancer_detection/train_images/11284/492172232.dcm,train
SEM_NODULO,/media/angualberto/423ff97c-bf80-4bc9-9621-cf3ec081fd25/rsna_breast_cancer_detection/train_images/11365/1976923246.dcm,1976923246.dcm,11365,1976923246,1041,1388,11365,1976923246,R,MLO,0,/media/angualberto/423ff97c-bf80-4bc9-9621-cf3ec081fd25/rsna_breast_cancer_detection/train_images/11365/1976923246.dcm,train
NODULO,/media/angualberto/423ff97c-bf80-4bc9-9621-cf3ec081fd25/rsna_breast_cancer_detection/train_images/11365/199041775.dcm,199041775.dcm,11365,199041775,1041,1388,11365,199041775,L,MLO,1,/media/angualberto/423ff97c-bf80-4bc9-9621-cf3ec081fd25/rsna_breast_cancer_detection/train_images/11365/199041775.dcm,train
SEM_NODULO,/media/angualberto/423ff97c-bf80-4bc9-9621-cf3ec081fd25/rsna_breast_cancer_detection/train_images/11365/2127215319.dcm,2127215319.dcm,11365,2127215319,1041,1388,11365,2127215319,R,CC,0,/media/angualberto/423ff97c-bf80-4bc9-9621-cf3ec081fd25/rsna_breast_cancer_detection/train_images/11365/2127215319.dcm,train
NODULO,/media/angualberto/423ff97c-bf80-4bc9-9621-cf3ec081fd25/rsna_breast_cancer_detection/train_images/11365/671458270.dcm,671458270.dcm,11365,671458270,1041,1388,11365,671458270,L,CC,1,/media/angualberto/423ff97c-bf80-4bc9-9621-cf3ec081fd25/rsna_breast_cancer_detection/train_images/11365/671458270.dcm,train
SEM_NODULO,/media/angualberto/423ff97c-bf80-4bc9-9621-cf3ec081fd25/rsna_breast_cancer_detection/train_images/11421/1030542061.dcm,1030542061.dcm,11421,1030542061,1664,2048,11421,1030542061,R,MLO,0,/media/angualberto/423ff97c-bf80-4bc9-9621-cf3ec081fd25/rsna_breast_cancer_detection/train_images/11421/1030542061.dcm,test
SEM_NODULO,/media/angualberto/423ff97c-bf80-4bc9-9621-cf3ec081fd25/rsna_breast_cancer_detection/train_images/11421/2065682925.dcm,2065682925.dcm,11421,2065682925,1664,2048,11421,2065682925,L,MLO,0,/media/angualberto/423ff97c-bf80-4bc9-9621-cf3ec081fd25/rsna_breast_cancer_detection/train_images/11421/2065682925.dcm,test
SEM_NODULO,/media/angualberto/423ff97c-bf80-4bc9-9621-cf3ec081fd25/rsna_breast_cancer_detection/train_images/11421/220684820.dcm,220684820.dcm,11421,220684820,1664,2048,11421,220684820,R,CC,0,/media/angualberto/423ff97c-bf80-4bc9-9621-cf3ec081fd25/rsna_breast_cancer_detection/train_images/11421/220684820.dcm,test
SEM_NODULO,/media/angualberto/423ff97c-bf80-4bc9-9621-cf3ec081fd25/rsna_breast_cancer_detection/train_images/11421/578429039.dcm,578429039.dcm,11421,578429039,1664,2048,11421,578429039,L,MLO,0,/media/angualberto/423ff97c-bf80-4bc9-9621-cf3ec081fd25/rsna_breast_cancer_detection/train_images/11421/578429039.dcm,test
SEM_NODULO,/media/angualberto/423ff97c-bf80-4bc9-9621-cf3ec081fd25/rsna_breast_cancer_detection/train_images/11421/766028876.dcm,766028876.dcm,11421,766028876,1664,2048,11421,766028876,R,MLO,0,/media/angualberto/423ff97c-bf80-4bc9-9621-cf3ec081fd25/rsna_breast_cancer_detection/train_images/11421/766028876.dcm,test
SEM_NODULO,/media/angualberto/423ff97c-bf80-4bc9-9621-cf3ec081fd25/rsna_breast_cancer_detection/train_images/11421/864460834.dcm,864460834.dcm,11421,864460834,1664,2048,11421,864460834,L,CC,0,/media/angualberto/423ff97c-bf80-4bc9-9621-cf3ec081fd25/rsna_breast_cancer_detection/train_images/11421/864460834.dcm,test
SEM_NODULO,/media/angualberto/423ff97c-bf80-4bc9-9621-cf3ec081fd25/rsna_breast_cancer_detection/train_images/1185/1076502758.dcm,1076502758.dcm,1185,1076502758,1280,1664,1185,1076502758,L,CC,0,/media/angualberto/423ff97c-bf80-4bc9-9621-cf3ec081fd25/rsna_breast_cancer_detection/train_images/1185/1076502758.dcm,train
SEM_NODULO,/media/angualberto/423ff97c-bf80-4bc9-9621-cf3ec081fd25/rsna_breast_cancer_detection/train_images/1185/1840111737.dcm,1840111737.dcm,1185,1840111737,1280,1664,1185,1840111737,L,MLO,0,/media/angualberto/423ff97c-bf80-4bc9-9621-cf3ec081fd25/rsna_breast_cancer_detection/train_images/1185/1840111737.dcm,train
SEM_NODULO,/media/angualberto/423ff97c-bf80-4bc9-9621-cf3ec081fd25/rsna_breast_cancer_detection/train_images/1185/310949052.dcm,310949052.dcm,1185,310949052,1280,1664,1185,310949052,R,CC,0,/media/angualberto/423ff97c-bf80-4bc9-9621-cf3ec081fd25/rsna_breast_cancer_detection/train_images/1185/310949052.dcm,train
SEM_NODULO,/media/angualberto/423ff97c-bf80-4bc9-9621-cf3ec081fd25/rsna_breast_cancer_detection/train_images/1185/934222597.dcm,934222597.dcm,1185,934222597,1280,1664,1185,934222597,R,MLO,0,/media/angualberto/423ff97c-bf80-4bc9-9621-cf3ec081fd25/rsna_breast_cancer_detection/train_images/1185/934222597.dcm,train
NODULO,/media/angualberto/423ff97c-bf80-4bc9-9621-cf3ec081fd25/rsna_breast_cancer_detection/train_images/11919/1007401721.dcm,1007401721.dcm,11919,1007401721,1664,2048,11919,1007401721,R,MLO,1,/media/angualberto/423ff97c-bf80-4bc9-9621-cf3ec081fd25/rsna_breast_cancer_detection/train_images/11919/1007401721.dcm,train
NODULO,/media/angualberto/423ff97c-bf80-4bc9-9621-cf3ec081fd25/rsna_breast_cancer_detection/train_images/11919/1017363921.dcm,1017363921.dcm,11919,1017363921,1664,2048,11919,1017363921,R,CC,1,/media/angualberto/423ff97c-bf80-4bc9-9621-cf3ec081fd25/rsna_breast_cancer_detection/train_images/11919/1017363921.dcm,train
SEM_NODULO,/media/angualberto/423ff97c-bf80-4bc9-9621-cf3ec081fd25/rsna_breast_cancer_detection/train_images/11919/1438944952.dcm,1438944952.dcm,11919,1438944952,1664,2048,11919,1438944952,L,CC,0,/media/angualberto/423ff97c-bf80-4bc9-9621-cf3ec081fd25/rsna_breast_cancer_detection/train_images/11919/1438944952.dcm,train
SEM_NODULO,/media/angualberto/423ff97c-bf80-4bc9-9621-cf3ec081fd25/rsna_breast_cancer_detection/train_images/11919/1501459958.dcm,1501459958.dcm,11919,1501459958,1664,2048,11919,1501459958,L,MLO,0,/media/angualberto/423ff97c-bf80-4bc9-9621-cf3ec081fd25/rsna_breast_cancer_detection/train_images/11919/1501459958.dcm,train
SEM_NODULO,/media/angualberto/423ff97c-bf80-4bc9-9621-cf3ec081fd25/rsna_breast_cancer_detection/train_images/11937/1211213412.dcm,1211213412.dcm,11937,1211213412,1664,2048,11937,1211213412,R,MLO,0,/media/angualberto/423ff97c-bf80-4bc9-9621-cf3ec081fd25/rsna_breast_cancer_detection/train_images/11937/1211213412.dcm,test
NODULO,/media/angualberto/423ff97c-bf80-4bc9-9621-cf3ec081fd25/rsna_breast_cancer_detection/train_images/11937/1767654639.dcm,1767654639.dcm,11937,1767654639,1664,2048,11937,1767654639,L,MLO,1,/media/angualberto/423ff97c-bf80-4bc9-9621-cf3ec081fd25/rsna_breast_cancer_detection/train_images/11937/1767654639.dcm,test
SEM_NODULO,/media/angualberto/423ff97c-bf80-4bc9-9621-cf3ec081fd25/rsna_breast_cancer_detection/train_images/11937/261140418.dcm,261140418.dcm,11937,261140418,1664,2048,11937,261140418,R,CC,0,/media/angualberto/423ff97c-bf80-4bc9-9621-cf3ec081fd25/rsna_breast_cancer_detection/train_images/11937/261140418.dcm,test
SEM_NODULO,/media/angualberto/423ff97c-bf80-4bc9-9621-cf3ec081fd25/rsna_breast_cancer_detection/train_images/11937/415477495.dcm,415477495.dcm,11937,415477495,1664,2048,11937,415477495,R,CC,0,/media/angualberto/423ff97c-bf80-4bc9-9621-cf3ec081fd25/rsna_breast_cancer_detection/train_images/11937/415477495.dcm,test
NODULO,/media/angualberto/423ff97c-bf80-4bc9-9621-cf3ec081fd25/rsna_breast_cancer_detection/train_images/11937/457443056.dcm,457443056.dcm,11937,457443056,1664,2048,11937,457443056,L,CC,1,/media/angualberto/423ff97c-bf80-4bc9-9621-cf3ec081fd25/rsna_breast_cancer_detection/train_images/11937/457443056.dcm,test
SEM_NODULO,/media/angualberto/423ff97c-bf80-4bc9-9621-cf3ec081fd25/rsna_breast_cancer_detection/train_images/12164/1326840032.dcm,1326840032.dcm,12164,1326840032,1664,2048,12164,1326840032,L,CC,0,/media/angualberto/423ff97c-bf80-4bc9-9621-cf3ec081fd25/rsna_breast_cancer_detection/train_images/12164/1326840032.dcm,train
SEM_NODULO,/media/angualberto/423ff97c-bf80-4bc9-9621-cf3ec081fd25/rsna_breast_cancer_detection/train_images/12164/1544557550.dcm,1544557550.dcm,12164,1544557550,1664,2048,12164,1544557550,R,CC,0,/media/angualberto/423ff97c-bf80-4bc9-9621-cf3ec081fd25/rsna_breast_cancer_detection/train_images/12164/1544557550.dcm,train
SEM_NODULO,/media/angualberto/423ff97c-bf80-4bc9-9621-cf3ec081fd25/rsna_breast_cancer_detection/train_images/12164/1969589039.dcm,1969589039.dcm,12164,1969589039,1664,2048,12164,1969589039,R,MLO,0,/media/angualberto/423ff97c-bf80-4bc9-9621-cf3ec081fd25/rsna_breast_cancer_detection/train_images/12164/1969589039.dcm,train
SEM_NODULO,/media/angualberto/423ff97c-bf80-4bc9-9621-cf3ec081fd25/rsna_breast_cancer_detection/train_images/12164/529808972.dcm,529808972.dcm,12164,529808972,1664,2048,12164,529808972,R,MLO,0,/media/angualberto/423ff97c-bf80-4bc9-9621-cf3ec081fd25/rsna_breast_cancer_detection/train_images/12164/529808972.dcm,train
SEM_NODULO,/media/angualberto/423ff97c-bf80-4bc9-9621-cf3ec081fd25/rsna_breast_cancer_detection/train_images/12164/816596492.dcm,816596492.dcm,12164,816596492,1664,2048,12164,816596492,L,MLO,0,/media/angualberto/423ff97c-bf80-4bc9-9621-cf3ec081fd25/rsna_breast_cancer_detection/train_images/12164/816596492.dcm,train
SEM_NODULO,/media/angualberto/423ff97c-bf80-4bc9-9621-cf3ec081fd25/rsna_breast_cancer_detection/train_images/12392/1406872473.dcm,1406872473.dcm,12392,1406872473,1664,2048,12392,1406872473,R,MLO,0,/media/angualberto/423ff97c-bf80-4bc9-9621-cf3ec081fd25/rsna_breast_cancer_detection/train_images/12392/1406872473.dcm,train
NODULO,/media/angualberto/423ff97c-bf80-4bc9-9621-cf3ec081fd25/rsna_breast_cancer_detection/train_images/12392/1420153030.dcm,1420153030.dcm,12392,1420153030,1664,2048,12392,1420153030,L,MLO,1,/media/angualberto/423ff97c-bf80-4bc9-9621-cf3ec081fd25/rsna_breast_cancer_detection/train_images/12392/1420153030.dcm,train
SEM_NODULO,/media/angualberto/423ff97c-bf80-4bc9-9621-cf3ec081fd25/rsna_breast_cancer_detection/train_images/12392/561386629.dcm,561386629.dcm,12392,561386629,1664,2048,12392,561386629,R,CC,0,/media/angualberto/423ff97c-bf80-4bc9-9621-cf3ec081fd25/rsna_breast_cancer_detection/train_images/12392/561386629.dcm,train
SEM_NODULO,/media/angualberto/423ff97c-bf80-4bc9-9621-cf3ec081fd25/rsna_breast_cancer_detection/train_images/12392/771724637.dcm,771724637.dcm,12392,771724637,1664,2048,12392,771724637,R,CC,0,/media/angualberto/423ff97c-bf80-4bc9-9621-cf3ec081fd25/rsna_breast_cancer_detection/train_images/12392/771724637.dcm,train
NODULO,/media/angualberto/423ff97c-bf80-4bc9-9621-cf3ec081fd25/rsna_breast_cancer_detection/train_images/12392/982883275.dcm,982883275.dcm,12392,982883275,1664,2048,12392,982883275,L,CC,1,/media/angualberto/423ff97c-bf80-4bc9-9621-cf3ec081fd25/rsna_breast_cancer_detection/train_images/12392/982883275.dcm,train
SEM_NODULO,/media/angualberto/423ff97c-bf80-4bc9-9621-cf3ec081fd25/rsna_breast_cancer_detection/train_images/12485/1391106974.dcm,1391106974.dcm,12485,1391106974,1280,1664,12485,1391106974,R,CC,0,/media/angualberto/423ff97c-bf80-4bc9-9621-cf3ec081fd25/rsna_breast_cancer_detection/train_images/12485/1391106974.dcm,train
NODULO,/media/angualberto/423ff97c-bf80-4bc9-9621-cf3ec081fd25/rsna_breast_cancer_detection/train_images/12485/1446339465.dcm,1446339465.dcm,12485,1446339465,1280,1664,12485,1446339465,L,CC,1,/media/angualberto/423ff97c-bf80-4bc9-9621-cf3ec081fd25/rsna_breast_cancer_detection/train_images/12485/1446339465.dcm,train
NODULO,/media/angualberto/423ff97c-bf80-4bc9-9621-cf3ec081fd25/rsna_breast_cancer_detection/train_images/12485/1563019139.dcm,1563019139.dcm,12485,1563019139,1280,1664,12485,1563019139,L,MLO,1,/media/angualberto/423ff97c-bf80-4bc9-9621-cf3ec081fd25/rsna_breast_cancer_detection/train_images/12485/1563019139.dcm,train
SEM_NODULO,/media/angualberto/423ff97c-bf80-4bc9-9621-cf3ec081fd25/rsna_breast_cancer_detection/train_images/12485/480521895.dcm,480521895.dcm,12485,480521895,1280,1664,12485,480521895,R,MLO,0,/media/angualberto/423ff97c-bf80-4bc9-9621-cf3ec081fd25/rsna_breast_cancer_detection/train_images/12485/480521895.dcm,train
SEM_NODULO,/media/angualberto/423ff97c-bf80-4bc9-9621-cf3ec081fd25/rsna_breast_cancer_detection/train_images/12590/1128441675.dcm,1128441675.dcm,12590,1128441675,2457,2677,12590,1128441675,R,CC,0,/media/angualberto/423ff97c-bf80-4bc9-9621-cf3ec081fd25/rsna_breast_cancer_detection/train_images/12590/1128441675.dcm,test
SEM_NODULO,/media/angualberto/423ff97c-bf80-4bc9-9621-cf3ec081fd25/rsna_breast_cancer_detection/train_images/12590/1278357052.dcm,1278357052.dcm,12590,1278357052,2457,2677,12590,1278357052,R,MLO,0,/media/angualberto/423ff97c-bf80-4bc9-9621-cf3ec081fd25/rsna_breast_cancer_detection/train_images/12590/1278357052.dcm,test
SEM_NODULO,/media/angualberto/423ff97c-bf80-4bc9-9621-cf3ec081fd25/rsna_breast_cancer_detection/train_images/12590/1597385155.dcm,1597385155.dcm,12590,1597385155,2457,2677,12590,1597385155,L,CC,0,/media/angualberto/423ff97c-bf80-4bc9-9621-cf3ec081fd25/rsna_breast_cancer_detection/train_images/12590/1597385155.dcm,test
SEM_NODULO,/media/angualberto/423ff97c-bf80-4bc9-9621-cf3ec081fd25/rsna_breast_cancer_detection/train_images/12590/963892918.dcm,963892918.dcm,12590,963892918,2457,2677,12590,963892918,L,MLO,0,/media/angualberto/423ff97c-bf80-4bc9-9621-cf3ec081fd25/rsna_breast_cancer_detection/train_images/12590/963892918.dcm,test
SEM_NODULO,/media/angualberto/423ff97c-bf80-4bc9-9621-cf3ec081fd25/rsna_breast_cancer_detection/train_images/12596/1104779238.dcm,1104779238.dcm,12596,1104779238,1280,1664,12596,1104779238,L,CC,0,/media/angualberto/423ff97c-bf80-4bc9-9621-cf3ec081fd25/rsna_breast_cancer_detection/train_images/12596/1104779238.dcm,train
SEM_NODULO,/media/angualberto/423ff97c-bf80-4bc9-9621-cf3ec081fd25/rsna_breast_cancer_detection/train_images/12596/574461995.dcm,574461995.dcm,12596,574461995,1280,1664,12596,574461995,R,MLO,0,/media/angualberto/423ff97c-bf80-4bc9-9621-cf3ec081fd25/rsna_breast_cancer_detection/train_images/12596/574461995.dcm,train
SEM_NODULO,/media/angualberto/423ff97c-bf80-4bc9-9621-cf3ec081fd25/rsna_breast_cancer_detection/train_images/12596/706282234.dcm,706282234.dcm,12596,706282234,1280,1664,12596,706282234,L,MLO,0,/media/angualberto/423ff97c-bf80-4bc9-9621-cf3ec081fd25/rsna_breast_cancer_detection/train_images/12596/706282234.dcm,train
SEM_NODULO,/media/angualberto/423ff97c-bf80-4bc9-9621-cf3ec081fd25/rsna_breast_cancer_detection/train_images/12596/836631202.dcm,836631202.dcm,12596,836631202,1280,1664,12596,836631202,R,CC,0,/media/angualberto/423ff97c-bf80-4bc9-9621-cf3ec081fd25/rsna_breast_cancer_detection/train_images/12596/836631202.dcm,train
SEM_NODULO,/media/angualberto/423ff97c-bf80-4bc9-9621-cf3ec081fd25/rsna_breast_cancer_detection/train_images/12725/1218939730.dcm,1218939730.dcm,12725,1218939730,1664,2048,12725,1218939730,L,CC,0,/media/angualberto/423ff97c-bf80-4bc9-9621-cf3ec081fd25/rsna_breast_cancer_detection/train_images/12725/1218939730.dcm,train
NODULO,/media/angualberto/423ff97c-bf80-4bc9-9621-cf3ec081fd25/rsna_breast_cancer_detection/train_images/12725/1289574047.dcm,1289574047.dcm,12725,1289574047,1664,2048,12725,1289574047,R,CC,1,/media/angualberto/423ff97c-bf80-4bc9-9621-cf3ec081fd25/rsna_breast_cancer_detection/train_images/12725/1289574047.dcm,train
NODULO,/media/angualberto/423ff97c-bf80-4bc9-9621-cf3ec081fd25/rsna_breast_cancer_detection/train_images/12725/1297379916.dcm,1297379916.dcm,12725,1297379916,1664,2048,12725,1297379916,R,CC,1,/media/angualberto/423ff97c-bf80-4bc9-9621-cf3ec081fd25/rsna_breast_cancer_detection/train_images/12725/1297379916.dcm,train
NODULO,/media/angualberto/423ff97c-bf80-4bc9-9621-cf3ec081fd25/rsna_breast_cancer_detection/train_images/12725/1435663649.dcm,1435663649.dcm,12725,1435663649,1664,2048,12725,1435663649,R,CC,1,/media/angualberto/423ff97c-bf80-4bc9-9621-cf3ec081fd25/rsna_breast_cancer_detection/train_images/12725/1435663649.dcm,train
NODULO,/media/angualberto/423ff97c-bf80-4bc9-9621-cf3ec081fd25/rsna_breast_cancer_detection/train_images/12725/156027166.dcm,156027166.dcm,12725,156027166,1664,2048,12725,156027166,R,MLO,1,/media/angualberto/423ff97c-bf80-4bc9-9621-cf3ec081fd25/rsna_breast_cancer_detection/train_images/12725/156027166.dcm,train
SEM_NODULO,/media/angualberto/423ff97c-bf80-4bc9-9621-cf3ec081fd25/rsna_breast_cancer_detection/train_images/12725/1631496597.dcm,1631496597.dcm,12725,1631496597,1664,2048,12725,1631496597,L,CC,0,/media/angualberto/423ff97c-bf80-4bc9-9621-cf3ec081fd25/rsna_breast_cancer_detection/train_images/12725/1631496597.dcm,train
SEM_NODULO,/media/angualberto/423ff97c-bf80-4bc9-9621-cf3ec081fd25/rsna_breast_cancer_detection/train_images/12725/1828235806.dcm,1828235806.dcm,12725,1828235806,1664,2048,12725,1828235806,L,CC,0,/media/angualberto/423ff97c-bf80-4bc9-9621-cf3ec081fd25/rsna_breast_cancer_detection/train_images/12725/1828235806.dcm,train
SEM_NODULO,/media/angualberto/423ff97c-bf80-4bc9-9621-cf3ec081fd25/rsna_breast_cancer_detection/train_images/12725/40571369.dcm,40571369.dcm,12725,40571369,1664,2048,12725,40571369,L,MLO,0,/media/angualberto/423ff97c-bf80-4bc9-9621-cf3ec081fd25/rsna_breast_cancer_detection/train_images/12725/40571369.dcm,train
SEM_NODULO,/media/angualberto/423ff97c-bf80-4bc9-9621-cf3ec081fd25/rsna_breast_cancer_detection/train_images/12725/657293640.dcm,657293640.dcm,12725,657293640,1664,2048,12725,657293640,L,MLO,0,/media/angualberto/423ff97c-bf80-4bc9-9621-cf3ec081fd25/rsna_breast_cancer_detection/train_images/12725/657293640.dcm,train
SEM_NODULO,/media/angualberto/423ff97c-bf80-4bc9-9621-cf3ec081fd25/rsna_breast_cancer_detection/train_images/12918/257276940.dcm,257276940.dcm,12918,257276940,2457,2677,12918,257276940,R,MLO,0,/media/angualberto/423ff97c-bf80-4bc9-9621-cf3ec081fd25/rsna_breast_cancer_detection/train_images/12918/257276940.dcm,train
NODULO,/media/angualberto/423ff97c-bf80-4bc9-9621-cf3ec081fd25/rsna_breast_cancer_detection/train_images/12918/610792199.dcm,610792199.dcm,12918,610792199,2457,2677,12918,610792199,L,MLO,1,/media/angualberto/423ff97c-bf80-4bc9-9621-cf3ec081fd25/rsna_breast_cancer_detection/train_images/12918/610792199.dcm,train
SEM_NODULO,/media/angualberto/423ff97c-bf80-4bc9-9621-cf3ec081fd25/rsna_breast_cancer_detection/train_images/12918/831767569.dcm,831767569.dcm,12918,831767569,2457,2677,12918,831767569,R,CC,0,/media/angualberto/423ff97c-bf80-4bc9-9621-cf3ec081fd25/rsna_breast_cancer_detection/train_images/12918/831767569.dcm,train
NODULO,/media/angualberto/423ff97c-bf80-4bc9-9621-cf3ec081fd25/rsna_breast_cancer_detection/train_images/12918/835777184.dcm,835777184.dcm,12918,835777184,2457,2677,12918,835777184,L,CC,1,/media/angualberto/423ff97c-bf80-4bc9-9621-cf3ec081fd25/rsna_breast_cancer_detection/train_images/12918/835777184.dcm,train
NODULO,/media/angualberto/423ff97c-bf80-4bc9-9621-cf3ec081fd25/rsna_breast_cancer_detection/train_images/12988/1191890529.dcm,1191890529.dcm,12988,1191890529,2457,2677,12988,1191890529,R,MLO,1,/media/angualberto/423ff97c-bf80-4bc9-9621-cf3ec081fd25/rsna_breast_cancer_detection/train_images/12988/1191890529.dcm,test
SEM_NODULO,/media/angualberto/423ff97c-bf80-4bc9-9621-cf3ec081fd25/rsna_breast_cancer_detection/train_images/12988/1241879051.dcm,1241879051.dcm,12988,1241879051,2457,2677,12988,1241879051,L,CC,0,/media/angualberto/423ff97c-bf80-4bc9-9621-cf3ec081fd25/rsna_breast_cancer_detection/train_images/12988/1241879051.dcm,test
NODULO,/media/angualberto/423ff97c-bf80-4bc9-9621-cf3ec081fd25/rsna_breast_cancer_detection/train_images/12988/551129512.dcm,551129512.dcm,12988,551129512,2457,2677,12988,551129512,R,CC,1,/media/angualberto/423ff97c-bf80-4bc9-9621-cf3ec081fd25/rsna_breast_cancer_detection/train_images/12988/551129512.dcm,test
SEM_NODULO,/media/angualberto/423ff97c-bf80-4bc9-9621-cf3ec081fd25/rsna_breast_cancer_detection/train_images/12988/887265831.dcm,887265831.dcm,12988,887265831,2457,2677,12988,887265831,L,MLO,0,/media/angualberto/423ff97c-bf80-4bc9-9621-cf3ec081fd25/rsna_breast_cancer_detection/train_images/12988/887265831.dcm,test
SEM_NODULO,/media/angualberto/423ff97c-bf80-4bc9-9621-cf3ec081fd25/rsna_breast_cancer_detection/train_images/13116/1251063854.dcm,1251063854.dcm,13116,1251063854,1664,2048,13116,1251063854,L,MLO,0,/media/angualberto/423ff97c-bf80-4bc9-9621-cf3ec081fd25/rsna_breast_cancer_detection/train_images/13116/1251063854.dcm,train
NODULO,/media/angualberto/423ff97c-bf80-4bc9-9621-cf3ec081fd25/rsna_breast_cancer_detection/train_images/13116/234842188.dcm,234842188.dcm,13116,234842188,1664,2048,13116,234842188,R,MLO,1,/media/angualberto/423ff97c-bf80-4bc9-9621-cf3ec081fd25/rsna_breast_cancer_detection/train_images/13116/234842188.dcm,train
NODULO,/media/angualberto/423ff97c-bf80-4bc9-9621-cf3ec081fd25/rsna_breast_cancer_detection/train_images/13116/238763713.dcm,238763713.dcm,13116,238763713,1664,2048,13116,238763713,R,CC,1,/media/angualberto/423ff97c-bf80-4bc9-9621-cf3ec081fd25/rsna_breast_cancer_detection/train_images/13116/238763713.dcm,train
SEM_NODULO,/media/angualberto/423ff97c-bf80-4bc9-9621-cf3ec081fd25/rsna_breast_cancer_detection/train_images/13116/505484216.dcm,505484216.dcm,13116,505484216,1664,2048,13116,505484216,L,CC,0,/media/angualberto/423ff97c-bf80-4bc9-9621-cf3ec081fd25/rsna_breast_cancer_detection/train_images/13116/505484216.dcm,train
NODULO,/media/angualberto/423ff97c-bf80-4bc9-9621-cf3ec081fd25/rsna_breast_cancer_detection/train_images/13116/739383742.dcm,739383742.dcm,13116,739383742,1664,2048,13116,739383742,R,CC,1,/media/angualberto/423ff97c-bf80-4bc9-9621-cf3ec081fd25/rsna_breast_cancer_detection/train_images/13116/739383742.dcm,train
SEM_NODULO,/media/angualberto/423ff97c-bf80-4bc9-9621-cf3ec081fd25/rsna_breast_cancer_detection/train_images/13116/909149901.dcm,909149901.dcm,13116,909149901,1664,2048,13116,909149901,L,CC,0,/media/angualberto/423ff97c-bf80-4bc9-9621-cf3ec081fd25/rsna_breast_cancer_detection/train_images/13116/909149901.dcm,train
NODULO,/media/angualberto/423ff97c-bf80-4bc9-9621-cf3ec081fd25/rsna_breast_cancer_detection/train_images/13267/1222788247.dcm,1222788247.dcm,13267,1222788247,1280,1664,13267,1222788247,R,CC,1,/media/angualberto/423ff97c-bf80-4bc9-9621-cf3ec081fd25/rsna_breast_cancer_detection/train_images/13267/1222788247.dcm,test
SEM_NODULO,/media/angualberto/423ff97c-bf80-4bc9-9621-cf3ec081fd25/rsna_breast_cancer_detection/train_images/13267/1303801780.dcm,1303801780.dcm,13267,1303801780,1280,1664,13267,1303801780,L,CC,0,/media/angualberto/423ff97c-bf80-4bc9-9621-cf3ec081fd25/rsna_breast_cancer_detection/train_images/13267/1303801780.dcm,test
NODULO,/media/angualberto/423ff97c-bf80-4bc9-9621-cf3ec081fd25/rsna_breast_cancer_detection/train_images/13267/1789731455.dcm,1789731455.dcm,13267,1789731455,1280,1664,13267,1789731455,R,CC,1,/media/angualberto/423ff97c-bf80-4bc9-9621-cf3ec081fd25/rsna_breast_cancer_detection/train_images/13267/1789731455.dcm,test
NODULO,/media/angualberto/423ff97c-bf80-4bc9-9621-cf3ec081fd25/rsna_breast_cancer_detection/train_images/13267/2024785721.dcm,2024785721.dcm,13267,2024785721,1280,1664,13267,2024785721,R,MLO,1,/media/angualberto/423ff97c-bf80-4bc9-9621-cf3ec081fd25/rsna_breast_cancer_detection/train_images/13267/2024785721.dcm,test
SEM_NODULO,/media/angualberto/423ff97c-bf80-4bc9-9621-cf3ec081fd25/rsna_breast_cancer_detection/train_images/13267/69917988.dcm,69917988.dcm,13267,69917988,1280,1664,13267,69917988,L,MLO,0,/media/angualberto/423ff97c-bf80-4bc9-9621-cf3ec081fd25/rsna_breast_cancer_detection/train_images/13267/69917988.dcm,test
SEM_NODULO,/media/angualberto/423ff97c-bf80-4bc9-9621-cf3ec081fd25/rsna_breast_cancer_detection/train_images/13463/1253122372.dcm,1253122372.dcm,13463,1253122372,1664,2048,13463,1253122372,L,CC,0,/media/angualberto/423ff97c-bf80-4bc9-9621-cf3ec081fd25/rsna_breast_cancer_detection/train_images/13463/1253122372.dcm,test
SEM_NODULO,/media/angualberto/423ff97c-bf80-4bc9-9621-cf3ec081fd25/rsna_breast_cancer_detection/train_images/13463/1374008177.dcm,1374008177.dcm,13463,1374008177,1664,2048,13463,1374008177,L,MLO,0,/media/angualberto/423ff97c-bf80-4bc9-9621-cf3ec081fd25/rsna_breast_cancer_detection/train_images/13463/1374008177.dcm,test
NODULO,/media/angualberto/423ff97c-bf80-4bc9-9621-cf3ec081fd25/rsna_breast_cancer_detection/train_images/13463/740921229.dcm,740921229.dcm,13463,740921229,1664,2048,13463,740921229,R,MLO,1,/media/angualberto/423ff97c-bf80-4bc9-9621-cf3ec081fd25/rsna_breast_cancer_detection/train_images/13463/740921229.dcm,test
NODULO,/media/angualberto/423ff97c-bf80-4bc9-9621-cf3ec081fd25/rsna_breast_cancer_detection/train_images/13463/834999110.dcm,834999110.dcm,13463,834999110,1664,2048,13463,834999110,R,CC,1,/media/angualberto/423ff97c-bf80-4bc9-9621-cf3ec081fd25/rsna_breast_cancer_detection/train_images/13463/834999110.dcm,test
SEM_NODULO,/media/angualberto/423ff97c-bf80-4bc9-9621-cf3ec081fd25/rsna_breast_cancer_detection/train_images/13896/1473283034.dcm,1473283034.dcm,13896,1473283034,1280,1664,13896,1473283034,R,CC,0,/media/angualberto/423ff97c-bf80-4bc9-9621-cf3ec081fd25/rsna_breast_cancer_detection/train_images/13896/1473283034.dcm,test
SEM_NODULO,/media/angualberto/423ff97c-bf80-4bc9-9621-cf3ec081fd25/rsna_breast_cancer_detection/train_images/13896/1525909665.dcm,1525909665.dcm,13896,1525909665,1280,1664,13896,1525909665,L,CC,0,/media/angualberto/423ff97c-bf80-4bc9-9621-cf3ec081fd25/rsna_breast_cancer_detection/train_images/13896/1525909665.dcm,test
SEM_NODULO,/media/angualberto/423ff97c-bf80-4bc9-9621-cf3ec081fd25/rsna_breast_cancer_detection/train_images/13896/156892290.dcm,156892290.dcm,13896,156892290,1280,1664,13896,156892290,L,MLO,0,/media/angualberto/423ff97c-bf80-4bc9-9621-cf3ec081fd25/rsna_breast_cancer_detection/train_images/13896/156892290.dcm,test
SEM_NODULO,/media/angualberto/423ff97c-bf80-4bc9-9621-cf3ec081fd25/rsna_breast_cancer_detection/train_images/13896/2116442853.dcm,2116442853.dcm,13896,2116442853,1280,1664,13896,2116442853,R,MLO,0,/media/angualberto/423ff97c-bf80-4bc9-9621-cf3ec081fd25/rsna_breast_cancer_detection/train_images/13896/2116442853.dcm,test
SEM_NODULO,/media/angualberto/423ff97c-bf80-4bc9-9621-cf3ec081fd25/rsna_breast_cancer_detection/train_images/13896/237286565.dcm,237286565.dcm,13896,237286565,1280,1664,13896,237286565,L,MLO,0,/media/angualberto/423ff97c-bf80-4bc9-9621-cf3ec081fd25/rsna_breast_cancer_detection/train_images/13896/237286565.dcm,test
SEM_NODULO,/media/angualberto/423ff97c-bf80-4bc9-9621-cf3ec081fd25/rsna_breast_cancer_detection/train_images/14327/1344382278.dcm,1344382278.dcm,14327,1344382278,2457,2677,14327,1344382278,L,MLO,0,/media/angualberto/423ff97c-bf80-4bc9-9621-cf3ec081fd25/rsna_breast_cancer_detection/train_images/14327/1344382278.dcm,train
SEM_NODULO,/media/angualberto/423ff97c-bf80-4bc9-9621-cf3ec081fd25/rsna_breast_cancer_detection/train_images/14327/1878771430.dcm,1878771430.dcm,14327,1878771430,2457,2677,14327,1878771430,L,CC,0,/media/angualberto/423ff97c-bf80-4bc9-9621-cf3ec081fd25/rsna_breast_cancer_detection/train_images/14327/1878771430.dcm,train
NODULO,/media/angualberto/423ff97c-bf80-4bc9-9621-cf3ec081fd25/rsna_breast_cancer_detection/train_images/14327/657242412.dcm,657242412.dcm,14327,657242412,2457,2677,14327,657242412,R,CC,1,/media/angualberto/423ff97c-bf80-4bc9-9621-cf3ec081fd25/rsna_breast_cancer_detection/train_images/14327/657242412.dcm,train
NODULO,/media/angualberto/423ff97c-bf80-4bc9-9621-cf3ec081fd25/rsna_breast_cancer_detection/train_images/14327/917935711.dcm,917935711.dcm,14327,917935711,2457,2677,14327,917935711,R,MLO,1,/media/angualberto/423ff97c-bf80-4bc9-9621-cf3ec081fd25/rsna_breast_cancer_detection/train_images/14327/917935711.dcm,train
NODULO,/media/angualberto/423ff97c-bf80-4bc9-9621-cf3ec081fd25/rsna_breast_cancer_detection/train_images/14706/1060299310.dcm,1060299310.dcm,14706,1060299310,1280,1664,14706,1060299310,L,MLO,1,/media/angualberto/423ff97c-bf80-4bc9-9621-cf3ec081fd25/rsna_breast_cancer_detection/train_images/14706/1060299310.dcm,test
SEM_NODULO,/media/angualberto/423ff97c-bf80-4bc9-9621-cf3ec081fd25/rsna_breast_cancer_detection/train_images/14706/1120408315.dcm,1120408315.dcm,14706,1120408315,1280,1664,14706,1120408315,R,CC,0,/media/angualberto/423ff97c-bf80-4bc9-9621-cf3ec081fd25/rsna_breast_cancer_detection/train_images/14706/1120408315.dcm,test
SEM_NODULO,/media/angualberto/423ff97c-bf80-4bc9-9621-cf3ec081fd25/rsna_breast_cancer_detection/train_images/14706/1177680283.dcm,1177680283.dcm,14706,1177680283,1280,1664,14706,1177680283,R,MLO,0,/media/angualberto/423ff97c-bf80-4bc9-9621-cf3ec081fd25/rsna_breast_cancer_detection/train_images/14706/1177680283.dcm,test
NODULO,/media/angualberto/423ff97c-bf80-4bc9-9621-cf3ec081fd25/rsna_breast_cancer_detection/train_images/14706/180902452.dcm,180902452.dcm,14706,180902452,1280,1664,14706,180902452,L,CC,1,/media/angualberto/423ff97c-bf80-4bc9-9621-cf3ec081fd25/rsna_breast_cancer_detection/train_images/14706/180902452.dcm,test
SEM_NODULO,/media/angualberto/423ff97c-bf80-4bc9-9621-cf3ec081fd25/rsna_breast_cancer_detection/train_images/14706/2028626647.dcm,2028626647.dcm,14706,2028626647,1280,1664,14706,2028626647,R,MLO,0,/media/angualberto/423ff97c-bf80-4bc9-9621-cf3ec081fd25/rsna_breast_cancer_detection/train_images/14706/2028626647.dcm,test
SEM_NODULO,/media/angualberto/423ff97c-bf80-4bc9-9621-cf3ec081fd25/rsna_breast_cancer_detection/train_images/1475/1806186392.dcm,1806186392.dcm,1475,1806186392,1664,2048,1475,1806186392,R,CC,0,/media/angualberto/423ff97c-bf80-4bc9-9621-cf3ec081fd25/rsna_breast_cancer_detection/train_images/1475/1806186392.dcm,test
SEM_NODULO,/media/angualberto/423ff97c-bf80-4bc9-9621-cf3ec081fd25/rsna_breast_cancer_detection/train_images/1475/518278862.dcm,518278862.dcm,1475,518278862,1664,2048,1475,518278862,L,MLO,0,/media/angualberto/423ff97c-bf80-4bc9-9621-cf3ec081fd25/rsna_breast_cancer_detection/train_images/1475/518278862.dcm,test
SEM_NODULO,/media/angualberto/423ff97c-bf80-4bc9-9621-cf3ec081fd25/rsna_breast_cancer_detection/train_images/1475/602438976.dcm,602438976.dcm,1475,602438976,1664,2048,1475,602438976,L,CC,0,/media/angualberto/423ff97c-bf80-4bc9-9621-cf3ec081fd25/rsna_breast_cancer_detection/train_images/1475/602438976.dcm,test
SEM_NODULO,/media/angualberto/423ff97c-bf80-4bc9-9621-cf3ec081fd25/rsna_breast_cancer_detection/train_images/1475/86778676.dcm,86778676.dcm,1475,86778676,1664,2048,1475,86778676,R,MLO,0,/media/angualberto/423ff97c-bf80-4bc9-9621-cf3ec081fd25/rsna_breast_cancer_detection/train_images/1475/86778676.dcm,test
SEM_NODULO,/media/angualberto/423ff97c-bf80-4bc9-9621-cf3ec081fd25/rsna_breast_cancer_detection/train_images/1493/1074894518.dcm,1074894518.dcm,1493,1074894518,2457,2677,1493,1074894518,L,MLO,0,/media/angualberto/423ff97c-bf80-4bc9-9621-cf3ec081fd25/rsna_breast_cancer_detection/train_images/1493/1074894518.dcm,train
SEM_NODULO,/media/angualberto/423ff97c-bf80-4bc9-9621-cf3ec081fd25/rsna_breast_cancer_detection/train_images/1493/1296277298.dcm,1296277298.dcm,1493,1296277298,2457,2677,1493,1296277298,L,CC,0,/media/angualberto/423ff97c-bf80-4bc9-9621-cf3ec081fd25/rsna_breast_cancer_detection/train_images/1493/1296277298.dcm,train
SEM_NODULO,/media/angualberto/423ff97c-bf80-4bc9-9621-cf3ec081fd25/rsna_breast_cancer_detection/train_images/1493/68909043.dcm,68909043.dcm,1493,68909043,2457,2677,1493,68909043,R,MLO,0,/media/angualberto/423ff97c-bf80-4bc9-9621-cf3ec081fd25/rsna_breast_cancer_detection/train_images/1493/68909043.dcm,train
SEM_NODULO,/media/angualberto/423ff97c-bf80-4bc9-9621-cf3ec081fd25/rsna_breast_cancer_detection/train_images/1493/871289102.dcm,871289102.dcm,1493,871289102,2457,2677,1493,871289102,R,CC,0,/media/angualberto/423ff97c-bf80-4bc9-9621-cf3ec081fd25/rsna_breast_cancer_detection/train_images/1493/871289102.dcm,train
NODULO,/media/angualberto/423ff97c-bf80-4bc9-9621-cf3ec081fd25/rsna_breast_cancer_detection/train_images/14962/1274788012.dcm,1274788012.dcm,14962,1274788012,2457,2677,14962,1274788012,R,MLO,1,/media/angualberto/423ff97c-bf80-4bc9-9621-cf3ec081fd25/rsna_breast_cancer_detection/train_images/14962/1274788012.dcm,train
NODULO,/media/angualberto/423ff97c-bf80-4bc9-9621-cf3ec081fd25/rsna_breast_cancer_detection/train_images/14962/1306633485.dcm,1306633485.dcm,14962,1306633485,2457,2677,14962,1306633485,R,CC,1,/media/angualberto/423ff97c-bf80-4bc9-9621-cf3ec081fd25/rsna_breast_cancer_detection/train_images/14962/1306633485.dcm,train
SEM_NODULO,/media/angualberto/423ff97c-bf80-4bc9-9621-cf3ec081fd25/rsna_breast_cancer_detection/train_images/14962/219810824.dcm,219810824.dcm,14962,219810824,2457,2677,14962,219810824,L,CC,0,/media/angualberto/423ff97c-bf80-4bc9-9621-cf3ec081fd25/rsna_breast_cancer_detection/train_images/14962/219810824.dcm,train
SEM_NODULO,/media/angualberto/423ff97c-bf80-4bc9-9621-cf3ec081fd25/rsna_breast_cancer_detection/train_images/14962/33757731.dcm,33757731.dcm,14962,33757731,2457,2677,14962,33757731,L,MLO,0,/media/angualberto/423ff97c-bf80-4bc9-9621-cf3ec081fd25/rsna_breast_cancer_detection/train_images/14962/33757731.dcm,train
SEM_NODULO,/media/angualberto/423ff97c-bf80-4bc9-9621-cf3ec081fd25/rsna_breast_cancer_detection/train_images/15233/1169134984.dcm,1169134984.dcm,15233,1169134984,1664,2048,15233,1169134984,L,MLO,0,/media/angualberto/423ff97c-bf80-4bc9-9621-cf3ec081fd25/rsna_breast_cancer_detection/train_images/15233/1169134984.dcm,train
SEM_NODULO,/media/angualberto/423ff97c-bf80-4bc9-9621-cf3ec081fd25/rsna_breast_cancer_detection/train_images/15233/1754215679.dcm,1754215679.dcm,15233,1754215679,1664,2048,15233,1754215679,R,MLO,0,/media/angualberto/423ff97c-bf80-4bc9-9621-cf3ec081fd25/rsna_breast_cancer_detection/train_images/15233/1754215679.dcm,train
SEM_NODULO,/media/angualberto/423ff97c-bf80-4bc9-9621-cf3ec081fd25/rsna_breast_cancer_detection/train_images/15233/251317176.dcm,251317176.dcm,15233,251317176,1664,2048,15233,251317176,L,MLO,0,/media/angualberto/423ff97c-bf80-4bc9-9621-cf3ec081fd25/rsna_breast_cancer_detection/train_images/15233/251317176.dcm,train
SEM_NODULO,/media/angualberto/423ff97c-bf80-4bc9-9621-cf3ec081fd25/rsna_breast_cancer_detection/train_images/15233/317657251.dcm,317657251.dcm,15233,317657251,1664,2048,15233,317657251,R,CC,0,/media/angualberto/423ff97c-bf80-4bc9-9621-cf3ec081fd25/rsna_breast_cancer_detection/train_images/15233/317657251.dcm,train
SEM_NODULO,/media/angualberto/423ff97c-bf80-4bc9-9621-cf3ec081fd25/rsna_breast_cancer_detection/train_images/15233/432240894.dcm,432240894.dcm,15233,432240894,1664,2048,15233,432240894,R,MLO,0,/media/angualberto/423ff97c-bf80-4bc9-9621-cf3ec081fd25/rsna_breast_cancer_detection/train_images/15233/432240894.dcm,train
SEM_NODULO,/media/angualberto/423ff97c-bf80-4bc9-9621-cf3ec081fd25/rsna_breast_cancer_detection/train_images/15233/69003619.dcm,69003619.dcm,15233,69003619,1664,2048,15233,69003619,L,CC,0,/media/angualberto/423ff97c-bf80-4bc9-9621-cf3ec081fd25/rsna_breast_cancer_detection/train_images/15233/69003619.dcm,train
SEM_NODULO,/media/angualberto/423ff97c-bf80-4bc9-9621-cf3ec081fd25/rsna_breast_cancer_detection/train_images/15458/1429842380.dcm,1429842380.dcm,15458,1429842380,1664,2048,15458,1429842380,L,MLO,0,/media/angualberto/423ff97c-bf80-4bc9-9621-cf3ec081fd25/rsna_breast_cancer_detection/train_images/15458/1429842380.dcm,train
SEM_NODULO,/media/angualberto/423ff97c-bf80-4bc9-9621-cf3ec081fd25/rsna_breast_cancer_detection/train_images/15458/1893254948.dcm,1893254948.dcm,15458,1893254948,1664,2048,15458,1893254948,L,MLO,0,/media/angualberto/423ff97c-bf80-4bc9-9621-cf3ec081fd25/rsna_breast_cancer_detection/train_images/15458/1893254948.dcm,train
SEM_NODULO,/media/angualberto/423ff97c-bf80-4bc9-9621-cf3ec081fd25/rsna_breast_cancer_detection/train_images/15458/866266650.dcm,866266650.dcm,15458,866266650,1664,2048,15458,866266650,R,CC,0,/media/angualberto/423ff97c-bf80-4bc9-9621-cf3ec081fd25/rsna_breast_cancer_detection/train_images/15458/866266650.dcm,train
SEM_NODULO,/media/angualberto/423ff97c-bf80-4bc9-9621-cf3ec081fd25/rsna_breast_cancer_detection/train_images/15458/872512401.dcm,872512401.dcm,15458,872512401,1664,2048,15458,872512401,R,MLO,0,/media/angualberto/423ff97c-bf80-4bc9-9621-cf3ec081fd25/rsna_breast_cancer_detection/train_images/15458/872512401.dcm,train
SEM_NODULO,/media/angualberto/423ff97c-bf80-4bc9-9621-cf3ec081fd25/rsna_breast_cancer_detection/train_images/15458/902497794.dcm,902497794.dcm,15458,902497794,1664,2048,15458,902497794,R,CC,0,/media/angualberto/423ff97c-bf80-4bc9-9621-cf3ec081fd25/rsna_breast_cancer_detection/train_images/15458/902497794.dcm,train
SEM_NODULO,/media/angualberto/423ff97c-bf80-4bc9-9621-cf3ec081fd25/rsna_breast_cancer_detection/train_images/15458/949053600.dcm,949053600.dcm,15458,949053600,1664,2048,15458,949053600,L,CC,0,/media/angualberto/423ff97c-bf80-4bc9-9621-cf3ec081fd25/rsna_breast_cancer_detection/train_images/15458/949053600.dcm,train
SEM_NODULO,/media/angualberto/423ff97c-bf80-4bc9-9621-cf3ec081fd25/rsna_breast_cancer_detection/train_images/16170/1288701276.dcm,1288701276.dcm,16170,1288701276,1280,1664,16170,1288701276,R,CC,0,/media/angualberto/423ff97c-bf80-4bc9-9621-cf3ec081fd25/rsna_breast_cancer_detection/train_images/16170/1288701276.dcm,train
SEM_NODULO,/media/angualberto/423ff97c-bf80-4bc9-9621-cf3ec081fd25/rsna_breast_cancer_detection/train_images/16170/1440387646.dcm,1440387646.dcm,16170,1440387646,1280,1664,16170,1440387646,R,CC,0,/media/angualberto/423ff97c-bf80-4bc9-9621-cf3ec081fd25/rsna_breast_cancer_detection/train_images/16170/1440387646.dcm,train
SEM_NODULO,/media/angualberto/423ff97c-bf80-4bc9-9621-cf3ec081fd25/rsna_breast_cancer_detection/train_images/16170/14940303.dcm,14940303.dcm,16170,14940303,1280,1664,16170,14940303,L,MLO,0,/media/angualberto/423ff97c-bf80-4bc9-9621-cf3ec081fd25/rsna_breast_cancer_detection/train_images/16170/14940303.dcm,train
SEM_NODULO,/media/angualberto/423ff97c-bf80-4bc9-9621-cf3ec081fd25/rsna_breast_cancer_detection/train_images/16170/266249511.dcm,266249511.dcm,16170,266249511,1280,1664,16170,266249511,L,CC,0,/media/angualberto/423ff97c-bf80-4bc9-9621-cf3ec081fd25/rsna_breast_cancer_detection/train_images/16170/266249511.dcm,train
SEM_NODULO,/media/angualberto/423ff97c-bf80-4bc9-9621-cf3ec081fd25/rsna_breast_cancer_detection/train_images/16170/570554298.dcm,570554298.dcm,16170,570554298,1280,1664,16170,570554298,L,CC,0,/media/angualberto/423ff97c-bf80-4bc9-9621-cf3ec081fd25/rsna_breast_cancer_detection/train_images/16170/570554298.dcm,train
SEM_NODULO,/media/angualberto/423ff97c-bf80-4bc9-9621-cf3ec081fd25/rsna_breast_cancer_detection/train_images/16170/665281000.dcm,665281000.dcm,16170,665281000,1280,1664,16170,665281000,R,MLO,0,/media/angualberto/423ff97c-bf80-4bc9-9621-cf3ec081fd25/rsna_breast_cancer_detection/train_images/16170/665281000.dcm,train
SEM_NODULO,/media/angualberto/423ff97c-bf80-4bc9-9621-cf3ec081fd25/rsna_breast_cancer_detection/train_images/16200/102364666.dcm,102364666.dcm,16200,102364666,1041,1388,16200,102364666,R,MLO,0,/media/angualberto/423ff97c-bf80-4bc9-9621-cf3ec081fd25/rsna_breast_cancer_detection/train_images/16200/102364666.dcm,test
SEM_NODULO,/media/angualberto/423ff97c-bf80-4bc9-9621-cf3ec081fd25/rsna_breast_cancer_detection/train_images/16200/1699951462.dcm,1699951462.dcm,16200,1699951462,1041,1388,16200,1699951462,L,MLO,0,/media/angualberto/423ff97c-bf80-4bc9-9621-cf3ec081fd25/rsna_breast_cancer_detection/train_images/16200/1699951462.dcm,test
SEM_NODULO,/media/angualberto/423ff97c-bf80-4bc9-9621-cf3ec081fd25/rsna_breast_cancer_detection/train_images/16200/377847481.dcm,377847481.dcm,16200,377847481,1041,1388,16200,377847481,R,CC,0,/media/angualberto/423ff97c-bf80-4bc9-9621-cf3ec081fd25/rsna_breast_cancer_detection/train_images/16200/377847481.dcm,test
SEM_NODULO,/media/angualberto/423ff97c-bf80-4bc9-9621-cf3ec081fd25/rsna_breast_cancer_detection/train_images/16200/979179404.dcm,979179404.dcm,16200,979179404,1041,1388,16200,979179404,L,CC,0,/media/angualberto/423ff97c-bf80-4bc9-9621-cf3ec081fd25/rsna_breast_cancer_detection/train_images/16200/979179404.dcm,test
NODULO,/media/angualberto/423ff97c-bf80-4bc9-9621-cf3ec081fd25/rsna_breast_cancer_detection/train_images/16249/1084474740.dcm,1084474740.dcm,16249,1084474740,1664,2048,16249,1084474740,R,MLO,1,/media/angualberto/423ff97c-bf80-4bc9-9621-cf3ec081fd25/rsna_breast_cancer_detection/train_images/16249/1084474740.dcm,train
NODULO,/media/angualberto/423ff97c-bf80-4bc9-9621-cf3ec081fd25/rsna_breast_cancer_detection/train_images/16249/1313318609.dcm,1313318609.dcm,16249,1313318609,1664,2048,16249,1313318609,R,CC,1,/media/angualberto/423ff97c-bf80-4bc9-9621-cf3ec081fd25/rsna_breast_cancer_detection/train_images/16249/1313318609.dcm,train
SEM_NODULO,/media/angualberto/423ff97c-bf80-4bc9-9621-cf3ec081fd25/rsna_breast_cancer_detection/train_images/16249/28529658.dcm,28529658.dcm,16249,28529658,1664,2048,16249,28529658,L,MLO,0,/media/angualberto/423ff97c-bf80-4bc9-9621-cf3ec081fd25/rsna_breast_cancer_detection/train_images/16249/28529658.dcm,train
SEM_NODULO,/media/angualberto/423ff97c-bf80-4bc9-9621-cf3ec081fd25/rsna_breast_cancer_detection/train_images/16249/488848855.dcm,488848855.dcm,16249,488848855,1664,2048,16249,488848855,L,MLO,0,/media/angualberto/423ff97c-bf80-4bc9-9621-cf3ec081fd25/rsna_breast_cancer_detection/train_images/16249/488848855.dcm,train
SEM_NODULO,/media/angualberto/423ff97c-bf80-4bc9-9621-cf3ec081fd25/rsna_breast_cancer_detection/train_images/16249/71091269.dcm,71091269.dcm,16249,71091269,1664,2048,16249,71091269,L,CC,0,/media/angualberto/423ff97c-bf80-4bc9-9621-cf3ec081fd25/rsna_breast_cancer_detection/train_images/16249/71091269.dcm,train
NODULO,/media/angualberto/423ff97c-bf80-4bc9-9621-cf3ec081fd25/rsna_breast_cancer_detection/train_images/16346/1171817874.dcm,1171817874.dcm,16346,1171817874,2457,2677,16346,1171817874,R,CC,1,/media/angualberto/423ff97c-bf80-4bc9-9621-cf3ec081fd25/rsna_breast_cancer_detection/train_images/16346/1171817874.dcm,train
SEM_NODULO,/media/angualberto/423ff97c-bf80-4bc9-9621-cf3ec081fd25/rsna_breast_cancer_detection/train_images/16346/1184310078.dcm,1184310078.dcm,16346,1184310078,2457,2677,16346,1184310078,L,CC,0,/media/angualberto/423ff97c-bf80-4bc9-9621-cf3ec081fd25/rsna_breast_cancer_detection/train_images/16346/1184310078.dcm,train
NODULO,/media/angualberto/423ff97c-bf80-4bc9-9621-cf3ec081fd25/rsna_breast_cancer_detection/train_images/16346/822395080.dcm,822395080.dcm,16346,822395080,2457,2677,16346,822395080,R,MLO,1,/media/angualberto/423ff97c-bf80-4bc9-9621-cf3ec081fd25/rsna_breast_cancer_detection/train_images/16346/822395080.dcm,train
SEM_NODULO,/media/angualberto/423ff97c-bf80-4bc9-9621-cf3ec081fd25/rsna_breast_cancer_detection/train_images/16346/868168616.dcm,868168616.dcm,16346,868168616,2457,2677,16346,868168616,L,MLO,0,/media/angualberto/423ff97c-bf80-4bc9-9621-cf3ec081fd25/rsna_breast_cancer_detection/train_images/16346/868168616.dcm,train
SEM_NODULO,/media/angualberto/423ff97c-bf80-4bc9-9621-cf3ec081fd25/rsna_breast_cancer_detection/train_images/16730/1438495261.dcm,1438495261.dcm,16730,1438495261,1664,2048,16730,1438495261,L,MLO,0,/media/angualberto/423ff97c-bf80-4bc9-9621-cf3ec081fd25/rsna_breast_cancer_detection/train_images/16730/1438495261.dcm,train
SEM_NODULO,/media/angualberto/423ff97c-bf80-4bc9-9621-cf3ec081fd25/rsna_breast_cancer_detection/train_images/16730/1896910176.dcm,1896910176.dcm,16730,1896910176,1664,2048,16730,1896910176,R,CC,0,/media/angualberto/423ff97c-bf80-4bc9-9621-cf3ec081fd25/rsna_breast_cancer_detection/train_images/16730/1896910176.dcm,train
SEM_NODULO,/media/angualberto/423ff97c-bf80-4bc9-9621-cf3ec081fd25/rsna_breast_cancer_detection/train_images/16730/211384064.dcm,211384064.dcm,16730,211384064,1664,2048,16730,211384064,R,MLO,0,/media/angualberto/423ff97c-bf80-4bc9-9621-cf3ec081fd25/rsna_breast_cancer_detection/train_images/16730/211384064.dcm,train
SEM_NODULO,/media/angualberto/423ff97c-bf80-4bc9-9621-cf3ec081fd25/rsna_breast_cancer_detection/train_images/16730/911062401.dcm,911062401.dcm,16730,911062401,1664,2048,16730,911062401,L,CC,0,/media/angualberto/423ff97c-bf80-4bc9-9621-cf3ec081fd25/rsna_breast_cancer_detection/train_images/16730/911062401.dcm,train
SEM_NODULO,/media/angualberto/423ff97c-bf80-4bc9-9621-cf3ec081fd25/rsna_breast_cancer_detection/train_images/16889/1698924276.dcm,1698924276.dcm,16889,1698924276,2457,2677,16889,1698924276,L,MLO,0,/media/angualberto/423ff97c-bf80-4bc9-9621-cf3ec081fd25/rsna_breast_cancer_detection/train_images/16889/1698924276.dcm,train
SEM_NODULO,/media/angualberto/423ff97c-bf80-4bc9-9621-cf3ec081fd25/rsna_breast_cancer_detection/train_images/16889/1831391136.dcm,1831391136.dcm,16889,1831391136,2457,2677,16889,1831391136,R,MLO,0,/media/angualberto/423ff97c-bf80-4bc9-9621-cf3ec081fd25/rsna_breast_cancer_detection/train_images/16889/1831391136.dcm,train
SEM_NODULO,/media/angualberto/423ff97c-bf80-4bc9-9621-cf3ec081fd25/rsna_breast_cancer_detection/train_images/16889/279077035.dcm,279077035.dcm,16889,279077035,2457,2677,16889,279077035,L,CC,0,/media/angualberto/423ff97c-bf80-4bc9-9621-cf3ec081fd25/rsna_breast_cancer_detection/train_images/16889/279077035.dcm,train
SEM_NODULO,/media/angualberto/423ff97c-bf80-4bc9-9621-cf3ec081fd25/rsna_breast_cancer_detection/train_images/16889/831533128.dcm,831533128.dcm,16889,831533128,2457,2677,16889,831533128,R,CC,0,/media/angualberto/423ff97c-bf80-4bc9-9621-cf3ec081fd25/rsna_breast_cancer_detection/train_images/16889/831533128.dcm,train
NODULO,/media/angualberto/423ff97c-bf80-4bc9-9621-cf3ec081fd25/rsna_breast_cancer_detection/train_images/16955/1179164048.dcm,1179164048.dcm,16955,1179164048,1664,2048,16955,1179164048,L,CC,1,/media/angualberto/423ff97c-bf80-4bc9-9621-cf3ec081fd25/rsna_breast_cancer_detection/train_images/16955/1179164048.dcm,train
SEM_NODULO,/media/angualberto/423ff97c-bf80-4bc9-9621-cf3ec081fd25/rsna_breast_cancer_detection/train_images/16955/148322351.dcm,148322351.dcm,16955,148322351,1664,2048,16955,148322351,R,MLO,0,/media/angualberto/423ff97c-bf80-4bc9-9621-cf3ec081fd25/rsna_breast_cancer_detection/train_images/16955/148322351.dcm,train
SEM_NODULO,/media/angualberto/423ff97c-bf80-4bc9-9621-cf3ec081fd25/rsna_breast_cancer_detection/train_images/16955/625365082.dcm,625365082.dcm,16955,625365082,1664,2048,16955,625365082,R,CC,0,/media/angualberto/423ff97c-bf80-4bc9-9621-cf3ec081fd25/rsna_breast_cancer_detection/train_images/16955/625365082.dcm,train
NODULO,/media/angualberto/423ff97c-bf80-4bc9-9621-cf3ec081fd25/rsna_breast_cancer_detection/train_images/16955/846765464.dcm,846765464.dcm,16955,846765464,1664,2048,16955,846765464,L,MLO,1,/media/angualberto/423ff97c-bf80-4bc9-9621-cf3ec081fd25/rsna_breast_cancer_detection/train_images/16955/846765464.dcm,train
SEM_NODULO,/media/angualberto/423ff97c-bf80-4bc9-9621-cf3ec081fd25/rsna_breast_cancer_detection/train_images/17124/1485214312.dcm,1485214312.dcm,17124,1485214312,2457,2677,17124,1485214312,R,MLO,0,/media/angualberto/423ff97c-bf80-4bc9-9621-cf3ec081fd25/rsna_breast_cancer_detection/train_images/17124/1485214312.dcm,train
SEM_NODULO,/media/angualberto/423ff97c-bf80-4bc9-9621-cf3ec081fd25/rsna_breast_cancer_detection/train_images/17124/1659831787.dcm,1659831787.dcm,17124,1659831787,2457,2677,17124,1659831787,L,CC,0,/media/angualberto/423ff97c-bf80-4bc9-9621-cf3ec081fd25/rsna_breast_cancer_detection/train_images/17124/1659831787.dcm,train
SEM_NODULO,/media/angualberto/423ff97c-bf80-4bc9-9621-cf3ec081fd25/rsna_breast_cancer_detection/train_images/17124/1876592005.dcm,1876592005.dcm,17124,1876592005,2457,2677,17124,1876592005,R,CC,0,/media/angualberto/423ff97c-bf80-4bc9-9621-cf3ec081fd25/rsna_breast_cancer_detection/train_images/17124/1876592005.dcm,train
SEM_NODULO,/media/angualberto/423ff97c-bf80-4bc9-9621-cf3ec081fd25/rsna_breast_cancer_detection/train_images/17124/459108978.dcm,459108978.dcm,17124,459108978,2457,2677,17124,459108978,L,MLO,0,/media/angualberto/423ff97c-bf80-4bc9-9621-cf3ec081fd25/rsna_breast_cancer_detection/train_images/17124/459108978.dcm,train
SEM_NODULO,/media/angualberto/423ff97c-bf80-4bc9-9621-cf3ec081fd25/rsna_breast_cancer_detection/train_images/17172/1336183611.dcm,1336183611.dcm,17172,1336183611,2457,2677,17172,1336183611,R,CC,0,/media/angualberto/423ff97c-bf80-4bc9-9621-cf3ec081fd25/rsna_breast_cancer_detection/train_images/17172/1336183611.dcm,train
SEM_NODULO,/media/angualberto/423ff97c-bf80-4bc9-9621-cf3ec081fd25/rsna_breast_cancer_detection/train_images/17172/1560406967.dcm,1560406967.dcm,17172,1560406967,2457,2677,17172,1560406967,L,CC,0,/media/angualberto/423ff97c-bf80-4bc9-9621-cf3ec081fd25/rsna_breast_cancer_detection/train_images/17172/1560406967.dcm,train
SEM_NODULO,/media/angualberto/423ff97c-bf80-4bc9-9621-cf3ec081fd25/rsna_breast_cancer_detection/train_images/17172/2081820776.dcm,2081820776.dcm,17172,2081820776,2457,2677,17172,2081820776,L,MLO,0,/media/angualberto/423ff97c-bf80-4bc9-9621-cf3ec081fd25/rsna_breast_cancer_detection/train_images/17172/2081820776.dcm,train
SEM_NODULO,/media/angualberto/423ff97c-bf80-4bc9-9621-cf3ec081fd25/rsna_breast_cancer_detection/train_images/17172/922852964.dcm,922852964.dcm,17172,922852964,2457,2677,17172,922852964,R,MLO,0,/media/angualberto/423ff97c-bf80-4bc9-9621-cf3ec081fd25/rsna_breast_cancer_detection/train_images/17172/922852964.dcm,train
SEM_NODULO,/media/angualberto/423ff97c-bf80-4bc9-9621-cf3ec081fd25/rsna_breast_cancer_detection/train_images/17222/1506573524.dcm,1506573524.dcm,17222,1506573524,1664,2048,17222,1506573524,L,CC,0,/media/angualberto/423ff97c-bf80-4bc9-9621-cf3ec081fd25/rsna_breast_cancer_detection/train_images/17222/1506573524.dcm,train
SEM_NODULO,/media/angualberto/423ff97c-bf80-4bc9-9621-cf3ec081fd25/rsna_breast_cancer_detection/train_images/17222/2062975866.dcm,2062975866.dcm,17222,2062975866,1664,2048,17222,2062975866,L,MLO,0,/media/angualberto/423ff97c-bf80-4bc9-9621-cf3ec081fd25/rsna_breast_cancer_detection/train_images/17222/2062975866.dcm,train
NODULO,/media/angualberto/423ff97c-bf80-4bc9-9621-cf3ec081fd25/rsna_breast_cancer_detection/train_images/17222/568569032.dcm,568569032.dcm,17222,568569032,1664,2048,17222,568569032,R,CC,1,/media/angualberto/423ff97c-bf80-4bc9-9621-cf3ec081fd25/rsna_breast_cancer_detection/train_images/17222/568569032.dcm,train
NODULO,/media/angualberto/423ff97c-bf80-4bc9-9621-cf3ec081fd25/rsna_breast_cancer_detection/train_images/17222/637984831.dcm,637984831.dcm,17222,637984831,1664,2048,17222,637984831,R,MLO,1,/media/angualberto/423ff97c-bf80-4bc9-9621-cf3ec081fd25/rsna_breast_cancer_detection/train_images/17222/637984831.dcm,train
SEM_NODULO,/media/angualberto/423ff97c-bf80-4bc9-9621-cf3ec081fd25/rsna_breast_cancer_detection/train_images/17252/136822960.dcm,136822960.dcm,17252,136822960,1664,2048,17252,136822960,L,CC,0,/media/angualberto/423ff97c-bf80-4bc9-9621-cf3ec081fd25/rsna_breast_cancer_detection/train_images/17252/136822960.dcm,test
SEM_NODULO,/media/angualberto/423ff97c-bf80-4bc9-9621-cf3ec081fd25/rsna_breast_cancer_detection/train_images/17252/149250488.dcm,149250488.dcm,17252,149250488,1664,2048,17252,149250488,R,MLO,0,/media/angualberto/423ff97c-bf80-4bc9-9621-cf3ec081fd25/rsna_breast_cancer_detection/train_images/17252/149250488.dcm,test
SEM_NODULO,/media/angualberto/423ff97c-bf80-4bc9-9621-cf3ec081fd25/rsna_breast_cancer_detection/train_images/17252/554407647.dcm,554407647.dcm,17252,554407647,1664,2048,17252,554407647,R,CC,0,/media/angualberto/423ff97c-bf80-4bc9-9621-cf3ec081fd25/rsna_breast_cancer_detection/train_images/17252/554407647.dcm,test
SEM_NODULO,/media/angualberto/423ff97c-bf80-4bc9-9621-cf3ec081fd25/rsna_breast_cancer_detection/train_images/17252/68060005.dcm,68060005.dcm,17252,68060005,1664,2048,17252,68060005,L,MLO,0,/media/angualberto/423ff97c-bf80-4bc9-9621-cf3ec081fd25/rsna_breast_cancer_detection/train_images/17252/68060005.dcm,test
SEM_NODULO,/media/angualberto/423ff97c-bf80-4bc9-9621-cf3ec081fd25/rsna_breast_cancer_detection/train_images/17535/1722469056.dcm,1722469056.dcm,17535,1722469056,1664,2048,17535,1722469056,L,MLO,0,/media/angualberto/423ff97c-bf80-4bc9-9621-cf3ec081fd25/rsna_breast_cancer_detection/train_images/17535/1722469056.dcm,train
SEM_NODULO,/media/angualberto/423ff97c-bf80-4bc9-9621-cf3ec081fd25/rsna_breast_cancer_detection/train_images/17535/492541558.dcm,492541558.dcm,17535,492541558,1664,2048,17535,492541558,L,CC,0,/media/angualberto/423ff97c-bf80-4bc9-9621-cf3ec081fd25/rsna_breast_cancer_detection/train_images/17535/492541558.dcm,train
NODULO,/media/angualberto/423ff97c-bf80-4bc9-9621-cf3ec081fd25/rsna_breast_cancer_detection/train_images/17535/952275239.dcm,952275239.dcm,17535,952275239,1664,2048,17535,952275239,R,MLO,1,/media/angualberto/423ff97c-bf80-4bc9-9621-cf3ec081fd25/rsna_breast_cancer_detection/train_images/17535/952275239.dcm,train
NODULO,/media/angualberto/423ff97c-bf80-4bc9-9621-cf3ec081fd25/rsna_breast_cancer_detection/train_images/17535/967529354.dcm,967529354.dcm,17535,967529354,1664,2048,17535,967529354,R,CC,1,/media/angualberto/423ff97c-bf80-4bc9-9621-cf3ec081fd25/rsna_breast_cancer_detection/train_images/17535/967529354.dcm,train
SEM_NODULO,/media/angualberto/423ff97c-bf80-4bc9-9621-cf3ec081fd25/rsna_breast_cancer_detection/train_images/17582/1117598300.dcm,1117598300.dcm,17582,1117598300,1280,1664,17582,1117598300,L,CC,0,/media/angualberto/423ff97c-bf80-4bc9-9621-cf3ec081fd25/rsna_breast_cancer_detection/train_images/17582/1117598300.dcm,train
SEM_NODULO,/media/angualberto/423ff97c-bf80-4bc9-9621-cf3ec081fd25/rsna_breast_cancer_detection/train_images/17582/1400272687.dcm,1400272687.dcm,17582,1400272687,1280,1664,17582,1400272687,L,MLO,0,/media/angualberto/423ff97c-bf80-4bc9-9621-cf3ec081fd25/rsna_breast_cancer_detection/train_images/17582/1400272687.dcm,train
SEM_NODULO,/media/angualberto/423ff97c-bf80-4bc9-9621-cf3ec081fd25/rsna_breast_cancer_detection/train_images/17582/1426461905.dcm,1426461905.dcm,17582,1426461905,1280,1664,17582,1426461905,R,CC,0,/media/angualberto/423ff97c-bf80-4bc9-9621-cf3ec081fd25/rsna_breast_cancer_detection/train_images/17582/1426461905.dcm,train
SEM_NODULO,/media/angualberto/423ff97c-bf80-4bc9-9621-cf3ec081fd25/rsna_breast_cancer_detection/train_images/17582/164539395.dcm,164539395.dcm,17582,164539395,1280,1664,17582,164539395,R,CC,0,/media/angualberto/423ff97c-bf80-4bc9-9621-cf3ec081fd25/rsna_breast_cancer_detection/train_images/17582/164539395.dcm,train
SEM_NODULO,/media/angualberto/423ff97c-bf80-4bc9-9621-cf3ec081fd25/rsna_breast_cancer_detection/train_images/17582/1797802796.dcm,1797802796.dcm,17582,1797802796,1280,1664,17582,1797802796,R,MLO,0,/media/angualberto/423ff97c-bf80-4bc9-9621-cf3ec081fd25/rsna_breast_cancer_detection/train_images/17582/1797802796.dcm,train
SEM_NODULO,/media/angualberto/423ff97c-bf80-4bc9-9621-cf3ec081fd25/rsna_breast_cancer_detection/train_images/17582/239892347.dcm,239892347.dcm,17582,239892347,1280,1664,17582,239892347,R,MLO,0,/media/angualberto/423ff97c-bf80-4bc9-9621-cf3ec081fd25/rsna_breast_cancer_detection/train_images/17582/239892347.dcm,train
SEM_NODULO,/media/angualberto/423ff97c-bf80-4bc9-9621-cf3ec081fd25/rsna_breast_cancer_detection/train_images/17582/30083867.dcm,30083867.dcm,17582,30083867,1280,1664,17582,30083867,L,CC,0,/media/angualberto/423ff97c-bf80-4bc9-9621-cf3ec081fd25/rsna_breast_cancer_detection/train_images/17582/30083867.dcm,train
SEM_NODULO,/media/angualberto/423ff97c-bf80-4bc9-9621-cf3ec081fd25/rsna_breast_cancer_detection/train_images/17582/37078152.dcm,37078152.dcm,17582,37078152,1280,1664,17582,37078152,L,MLO,0,/media/angualberto/423ff97c-bf80-4bc9-9621-cf3ec081fd25/rsna_breast_cancer_detection/train_images/17582/37078152.dcm,train
SEM_NODULO,/media/angualberto/423ff97c-bf80-4bc9-9621-cf3ec081fd25/rsna_breast_cancer_detection/train_images/17582/415344632.dcm,415344632.dcm,17582,415344632,1280,1664,17582,415344632,L,MLO,0,/media/angualberto/423ff97c-bf80-4bc9-9621-cf3ec081fd25/rsna_breast_cancer_detection/train_images/17582/415344632.dcm,train
SEM_NODULO,/media/angualberto/423ff97c-bf80-4bc9-9621-cf3ec081fd25/rsna_breast_cancer_detection/train_images/17582/936704061.dcm,936704061.dcm,17582,936704061,1280,1664,17582,936704061,R,MLO,0,/media/angualberto/423ff97c-bf80-4bc9-9621-cf3ec081fd25/rsna_breast_cancer_detection/train_images/17582/936704061.dcm,train
NODULO,/media/angualberto/423ff97c-bf80-4bc9-9621-cf3ec081fd25/rsna_breast_cancer_detection/train_images/1759/1005049159.dcm,1005049159.dcm,1759,1005049159,2457,2677,1759,1005049159,R,MLO,1,/media/angualberto/423ff97c-bf80-4bc9-9621-cf3ec081fd25/rsna_breast_cancer_detection/train_images/1759/1005049159.dcm,train
NODULO,/media/angualberto/423ff97c-bf80-4bc9-9621-cf3ec081fd25/rsna_breast_cancer_detection/train_images/1759/1211304263.dcm,1211304263.dcm,1759,1211304263,2457,2677,1759,1211304263,L,CC,1,/media/angualberto/423ff97c-bf80-4bc9-9621-cf3ec081fd25/rsna_breast_cancer_detection/train_images/1759/1211304263.dcm,train
NODULO,/media/angualberto/423ff97c-bf80-4bc9-9621-cf3ec081fd25/rsna_breast_cancer_detection/train_images/1759/1811195939.dcm,1811195939.dcm,1759,1811195939,2457,2677,1759,1811195939,L,MLO,1,/media/angualberto/423ff97c-bf80-4bc9-9621-cf3ec081fd25/rsna_breast_cancer_detection/train_images/1759/1811195939.dcm,train
NODULO,/media/angualberto/423ff97c-bf80-4bc9-9621-cf3ec081fd25/rsna_breast_cancer_detection/train_images/1759/276588619.dcm,276588619.dcm,1759,276588619,2457,2677,1759,276588619,R,CC,1,/media/angualberto/423ff97c-bf80-4bc9-9621-cf3ec081fd25/rsna_breast_cancer_detection/train_images/1759/276588619.dcm,train
SEM_NODULO,/media/angualberto/423ff97c-bf80-4bc9-9621-cf3ec081fd25/rsna_breast_cancer_detection/train_images/17606/1864062112.dcm,1864062112.dcm,17606,1864062112,1664,2048,17606,1864062112,R,MLO,0,/media/angualberto/423ff97c-bf80-4bc9-9621-cf3ec081fd25/rsna_breast_cancer_detection/train_images/17606/1864062112.dcm,train
SEM_NODULO,/media/angualberto/423ff97c-bf80-4bc9-9621-cf3ec081fd25/rsna_breast_cancer_detection/train_images/17606/2110844536.dcm,2110844536.dcm,17606,2110844536,1664,2048,17606,2110844536,R,CC,0,/media/angualberto/423ff97c-bf80-4bc9-9621-cf3ec081fd25/rsna_breast_cancer_detection/train_images/17606/2110844536.dcm,train
SEM_NODULO,/media/angualberto/423ff97c-bf80-4bc9-9621-cf3ec081fd25/rsna_breast_cancer_detection/train_images/17606/216853547.dcm,216853547.dcm,17606,216853547,1664,2048,17606,216853547,L,MLO,0,/media/angualberto/423ff97c-bf80-4bc9-9621-cf3ec081fd25/rsna_breast_cancer_detection/train_images/17606/216853547.dcm,train
SEM_NODULO,/media/angualberto/423ff97c-bf80-4bc9-9621-cf3ec081fd25/rsna_breast_cancer_detection/train_images/17606/547454265.dcm,547454265.dcm,17606,547454265,1664,2048,17606,547454265,L,CC,0,/media/angualberto/423ff97c-bf80-4bc9-9621-cf3ec081fd25/rsna_breast_cancer_detection/train_images/17606/547454265.dcm,train
SEM_NODULO,/media/angualberto/423ff97c-bf80-4bc9-9621-cf3ec081fd25/rsna_breast_cancer_detection/train_images/17606/749369835.dcm,749369835.dcm,17606,749369835,1664,2048,17606,749369835,L,MLO,0,/media/angualberto/423ff97c-bf80-4bc9-9621-cf3ec081fd25/rsna_breast_cancer_detection/train_images/17606/749369835.dcm,train
SEM_NODULO,/media/angualberto/423ff97c-bf80-4bc9-9621-cf3ec081fd25/rsna_breast_cancer_detection/train_images/17641/1249916879.dcm,1249916879.dcm,17641,1249916879,1664,2048,17641,1249916879,R,CC,0,/media/angualberto/423ff97c-bf80-4bc9-9621-cf3ec081fd25/rsna_breast_cancer_detection/train_images/17641/1249916879.dcm,train
SEM_NODULO,/media/angualberto/423ff97c-bf80-4bc9-9621-cf3ec081fd25/rsna_breast_cancer_detection/train_images/17641/1430524856.dcm,1430524856.dcm,17641,1430524856,1664,2048,17641,1430524856,R,MLO,0,/media/angualberto/423ff97c-bf80-4bc9-9621-cf3ec081fd25/rsna_breast_cancer_detection/train_images/17641/1430524856.dcm,train
SEM_NODULO,/media/angualberto/423ff97c-bf80-4bc9-9621-cf3ec081fd25/rsna_breast_cancer_detection/train_images/17641/1543357971.dcm,1543357971.dcm,17641,1543357971,1664,2048,17641,1543357971,L,MLO,0,/media/angualberto/423ff97c-bf80-4bc9-9621-cf3ec081fd25/rsna_breast_cancer_detection/train_images/17641/1543357971.dcm,train
SEM_NODULO,/media/angualberto/423ff97c-bf80-4bc9-9621-cf3ec081fd25/rsna_breast_cancer_detection/train_images/17641/2032239217.dcm,2032239217.dcm,17641,2032239217,1664,2048,17641,2032239217,L,CC,0,/media/angualberto/423ff97c-bf80-4bc9-9621-cf3ec081fd25/rsna_breast_cancer_detection/train_images/17641/2032239217.dcm,train
SEM_NODULO,/media/angualberto/423ff97c-bf80-4bc9-9621-cf3ec081fd25/rsna_breast_cancer_detection/train_images/17641/664281938.dcm,664281938.dcm,17641,664281938,1664,2048,17641,664281938,R,MLO,0,/media/angualberto/423ff97c-bf80-4bc9-9621-cf3ec081fd25/rsna_breast_cancer_detection/train_images/17641/664281938.dcm,train
SEM_NODULO,/media/angualberto/423ff97c-bf80-4bc9-9621-cf3ec081fd25/rsna_breast_cancer_detection/train_images/17891/1600889469.dcm,1600889469.dcm,17891,1600889469,2457,2677,17891,1600889469,R,CC,0,/media/angualberto/423ff97c-bf80-4bc9-9621-cf3ec081fd25/rsna_breast_cancer_detection/train_images/17891/1600889469.dcm,train
NODULO,/media/angualberto/423ff97c-bf80-4bc9-9621-cf3ec081fd25/rsna_breast_cancer_detection/train_images/17891/1605416080.dcm,1605416080.dcm,17891,1605416080,2457,2677,17891,1605416080,L,CC,1,/media/angualberto/423ff97c-bf80-4bc9-9621-cf3ec081fd25/rsna_breast_cancer_detection/train_images/17891/1605416080.dcm,train
SEM_NODULO,/media/angualberto/423ff97c-bf80-4bc9-9621-cf3ec081fd25/rsna_breast_cancer_detection/train_images/17891/1649994162.dcm,1649994162.dcm,17891,1649994162,2457,2677,17891,1649994162,R,MLO,0,/media/angualberto/423ff97c-bf80-4bc9-9621-cf3ec081fd25/rsna_breast_cancer_detection/train_images/17891/1649994162.dcm,train
NODULO,/media/angualberto/423ff97c-bf80-4bc9-9621-cf3ec081fd25/rsna_breast_cancer_detection/train_images/17891/1991006826.dcm,1991006826.dcm,17891,1991006826,2457,2677,17891,1991006826,L,MLO,1,/media/angualberto/423ff97c-bf80-4bc9-9621-cf3ec081fd25/rsna_breast_cancer_detection/train_images/17891/1991006826.dcm,train
SEM_NODULO,/media/angualberto/423ff97c-bf80-4bc9-9621-cf3ec081fd25/rsna_breast_cancer_detection/train_images/17953/1037180887.dcm,1037180887.dcm,17953,1037180887,957,1147,17953,1037180887,L,CC,0,/media/angualberto/423ff97c-bf80-4bc9-9621-cf3ec081fd25/rsna_breast_cancer_detection/train_images/17953/1037180887.dcm,train
SEM_NODULO,/media/angualberto/423ff97c-bf80-4bc9-9621-cf3ec081fd25/rsna_breast_cancer_detection/train_images/17953/1395871915.dcm,1395871915.dcm,17953,1395871915,957,1147,17953,1395871915,L,MLO,0,/media/angualberto/423ff97c-bf80-4bc9-9621-cf3ec081fd25/rsna_breast_cancer_detection/train_images/17953/1395871915.dcm,train
SEM_NODULO,/media/angualberto/423ff97c-bf80-4bc9-9621-cf3ec081fd25/rsna_breast_cancer_detection/train_images/17953/1445641441.dcm,1445641441.dcm,17953,1445641441,957,1147,17953,1445641441,R,CC,0,/media/angualberto/423ff97c-bf80-4bc9-9621-cf3ec081fd25/rsna_breast_cancer_detection/train_images/17953/1445641441.dcm,train
SEM_NODULO,/media/angualberto/423ff97c-bf80-4bc9-9621-cf3ec081fd25/rsna_breast_cancer_detection/train_images/17953/1513159643.dcm,1513159643.dcm,17953,1513159643,957,1147,17953,1513159643,R,MLO,0,/media/angualberto/423ff97c-bf80-4bc9-9621-cf3ec081fd25/rsna_breast_cancer_detection/train_images/17953/1513159643.dcm,train
SEM_NODULO,/media/angualberto/423ff97c-bf80-4bc9-9621-cf3ec081fd25/rsna_breast_cancer_detection/train_images/17953/2004378780.dcm,2004378780.dcm,17953,2004378780,957,1147,17953,2004378780,L,MLO,0,/media/angualberto/423ff97c-bf80-4bc9-9621-cf3ec081fd25/rsna_breast_cancer_detection/train_images/17953/2004378780.dcm,train
SEM_NODULO,/media/angualberto/423ff97c-bf80-4bc9-9621-cf3ec081fd25/rsna_breast_cancer_detection/train_images/18026/1198948736.dcm,1198948736.dcm,18026,1198948736,1280,1664,18026,1198948736,L,CC,0,/media/angualberto/423ff97c-bf80-4bc9-9621-cf3ec081fd25/rsna_breast_cancer_detection/train_images/18026/1198948736.dcm,test
NODULO,/media/angualberto/423ff97c-bf80-4bc9-9621-cf3ec081fd25/rsna_breast_cancer_detection/train_images/18026/1303889904.dcm,1303889904.dcm,18026,1303889904,1280,1664,18026,1303889904,R,CC,1,/media/angualberto/423ff97c-bf80-4bc9-9621-cf3ec081fd25/rsna_breast_cancer_detection/train_images/18026/1303889904.dcm,test
NODULO,/media/angualberto/423ff97c-bf80-4bc9-9621-cf3ec081fd25/rsna_breast_cancer_detection/train_images/18026/1905432390.dcm,1905432390.dcm,18026,1905432390,1280,1664,18026,1905432390,R,MLO,1,/media/angualberto/423ff97c-bf80-4bc9-9621-cf3ec081fd25/rsna_breast_cancer_detection/train_images/18026/1905432390.dcm,test
NODULO,/media/angualberto/423ff97c-bf80-4bc9-9621-cf3ec081fd25/rsna_breast_cancer_detection/train_images/18026/1943507092.dcm,1943507092.dcm,18026,1943507092,1664,2048,18026,1943507092,R,MLO,1,/media/angualberto/423ff97c-bf80-4bc9-9621-cf3ec081fd25/rsna_breast_cancer_detection/train_images/18026/1943507092.dcm,test
NODULO,/media/angualberto/423ff97c-bf80-4bc9-9621-cf3ec081fd25/rsna_breast_cancer_detection/train_images/18026/2091972299.dcm,2091972299.dcm,18026,2091972299,1280,1664,18026,2091972299,R,CC,1,/media/angualberto/423ff97c-bf80-4bc9-9621-cf3ec081fd25/rsna_breast_cancer_detection/train_images/18026/2091972299.dcm,test
SEM_NODULO,/media/angualberto/423ff97c-bf80-4bc9-9621-cf3ec081fd25/rsna_breast_cancer_detection/train_images/18026/259207785.dcm,259207785.dcm,18026,259207785,1664,2048,18026,259207785,L,MLO,0,/media/angualberto/423ff97c-bf80-4bc9-9621-cf3ec081fd25/rsna_breast_cancer_detection/train_images/18026/259207785.dcm,test
SEM_NODULO,/media/angualberto/423ff97c-bf80-4bc9-9621-cf3ec081fd25/rsna_breast_cancer_detection/train_images/18026/813944059.dcm,813944059.dcm,18026,813944059,1280,1664,18026,813944059,L,MLO,0,/media/angualberto/423ff97c-bf80-4bc9-9621-cf3ec081fd25/rsna_breast_cancer_detection/train_images/18026/813944059.dcm,test
SEM_NODULO,/media/angualberto/423ff97c-bf80-4bc9-9621-cf3ec081fd25/rsna_breast_cancer_detection/train_images/18026/840102831.dcm,840102831.dcm,18026,840102831,1664,2048,18026,840102831,L,CC,0,/media/angualberto/423ff97c-bf80-4bc9-9621-cf3ec081fd25/rsna_breast_cancer_detection/train_images/18026/840102831.dcm,test
NODULO,/media/angualberto/423ff97c-bf80-4bc9-9621-cf3ec081fd25/rsna_breast_cancer_detection/train_images/18026/927775324.dcm,927775324.dcm,18026,927775324,1664,2048,18026,927775324,R,CC,1,/media/angualberto/423ff97c-bf80-4bc9-9621-cf3ec081fd25/rsna_breast_cancer_detection/train_images/18026/927775324.dcm,test
SEM_NODULO,/media/angualberto/423ff97c-bf80-4bc9-9621-cf3ec081fd25/rsna_breast_cancer_detection/train_images/18030/1264142079.dcm,1264142079.dcm,18030,1264142079,1197,1531,18030,1264142079,L,CC,0,/media/angualberto/423ff97c-bf80-4bc9-9621-cf3ec081fd25/rsna_breast_cancer_detection/train_images/18030/1264142079.dcm,train
SEM_NODULO,/media/angualberto/423ff97c-bf80-4bc9-9621-cf3ec081fd25/rsna_breast_cancer_detection/train_images/18030/1295377474.dcm,1295377474.dcm,18030,1295377474,1197,1531,18030,1295377474,R,CC,0,/media/angualberto/423ff97c-bf80-4bc9-9621-cf3ec081fd25/rsna_breast_cancer_detection/train_images/18030/1295377474.dcm,train
SEM_NODULO,/media/angualberto/423ff97c-bf80-4bc9-9621-cf3ec081fd25/rsna_breast_cancer_detection/train_images/18030/595572447.dcm,595572447.dcm,18030,595572447,1197,1531,18030,595572447,R,MLO,0,/media/angualberto/423ff97c-bf80-4bc9-9621-cf3ec081fd25/rsna_breast_cancer_detection/train_images/18030/595572447.dcm,train
SEM_NODULO,/media/angualberto/423ff97c-bf80-4bc9-9621-cf3ec081fd25/rsna_breast_cancer_detection/train_images/18030/665484685.dcm,665484685.dcm,18030,665484685,1197,1531,18030,665484685,L,MLO,0,/media/angualberto/423ff97c-bf80-4bc9-9621-cf3ec081fd25/rsna_breast_cancer_detection/train_images/18030/665484685.dcm,train
SEM_NODULO,/media/angualberto/423ff97c-bf80-4bc9-9621-cf3ec081fd25/rsna_breast_cancer_detection/train_images/18287/1011443606.dcm,1011443606.dcm,18287,1011443606,1664,2048,18287,1011443606,L,CC,0,/media/angualberto/423ff97c-bf80-4bc9-9621-cf3ec081fd25/rsna_breast_cancer_detection/train_images/18287/1011443606.dcm,train
SEM_NODULO,/media/angualberto/423ff97c-bf80-4bc9-9621-cf3ec081fd25/rsna_breast_cancer_detection/train_images/18287/1749356308.dcm,1749356308.dcm,18287,1749356308,1664,2048,18287,1749356308,R,CC,0,/media/angualberto/423ff97c-bf80-4bc9-9621-cf3ec081fd25/rsna_breast_cancer_detection/train_images/18287/1749356308.dcm,train
SEM_NODULO,/media/angualberto/423ff97c-bf80-4bc9-9621-cf3ec081fd25/rsna_breast_cancer_detection/train_images/18287/225374518.dcm,225374518.dcm,18287,225374518,1664,2048,18287,225374518,R,MLO,0,/media/angualberto/423ff97c-bf80-4bc9-9621-cf3ec081fd25/rsna_breast_cancer_detection/train_images/18287/225374518.dcm,train
SEM_NODULO,/media/angualberto/423ff97c-bf80-4bc9-9621-cf3ec081fd25/rsna_breast_cancer_detection/train_images/18287/388941584.dcm,388941584.dcm,18287,388941584,1664,2048,18287,388941584,L,MLO,0,/media/angualberto/423ff97c-bf80-4bc9-9621-cf3ec081fd25/rsna_breast_cancer_detection/train_images/18287/388941584.dcm,train
SEM_NODULO,/media/angualberto/423ff97c-bf80-4bc9-9621-cf3ec081fd25/rsna_breast_cancer_detection/train_images/18694/1143268489.dcm,1143268489.dcm,18694,1143268489,1041,1388,18694,1143268489,R,CC,0,/media/angualberto/423ff97c-bf80-4bc9-9621-cf3ec081fd25/rsna_breast_cancer_detection/train_images/18694/1143268489.dcm,train
SEM_NODULO,/media/angualberto/423ff97c-bf80-4bc9-9621-cf3ec081fd25/rsna_breast_cancer_detection/train_images/18694/1187989963.dcm,1187989963.dcm,18694,1187989963,1041,1388,18694,1187989963,L,MLO,0,/media/angualberto/423ff97c-bf80-4bc9-9621-cf3ec081fd25/rsna_breast_cancer_detection/train_images/18694/1187989963.dcm,train
SEM_NODULO,/media/angualberto/423ff97c-bf80-4bc9-9621-cf3ec081fd25/rsna_breast_cancer_detection/train_images/18694/1714645435.dcm,1714645435.dcm,18694,1714645435,1041,1388,18694,1714645435,L,CC,0,/media/angualberto/423ff97c-bf80-4bc9-9621-cf3ec081fd25/rsna_breast_cancer_detection/train_images/18694/1714645435.dcm,train
SEM_NODULO,/media/angualberto/423ff97c-bf80-4bc9-9621-cf3ec081fd25/rsna_breast_cancer_detection/train_images/18694/2063992241.dcm,2063992241.dcm,18694,2063992241,1041,1388,18694,2063992241,R,MLO,0,/media/angualberto/423ff97c-bf80-4bc9-9621-cf3ec081fd25/rsna_breast_cancer_detection/train_images/18694/2063992241.dcm,train
SEM_NODULO,/media/angualberto/423ff97c-bf80-4bc9-9621-cf3ec081fd25/rsna_breast_cancer_detection/train_images/1883/1911484187.dcm,1911484187.dcm,1883,1911484187,1664,2048,1883,1911484187,R,MLO,0,/media/angualberto/423ff97c-bf80-4bc9-9621-cf3ec081fd25/rsna_breast_cancer_detection/train_images/1883/1911484187.dcm,test
SEM_NODULO,/media/angualberto/423ff97c-bf80-4bc9-9621-cf3ec081fd25/rsna_breast_cancer_detection/train_images/1883/318298859.dcm,318298859.dcm,1883,318298859,1664,2048,1883,318298859,R,CC,0,/media/angualberto/423ff97c-bf80-4bc9-9621-cf3ec081fd25/rsna_breast_cancer_detection/train_images/1883/318298859.dcm,test
SEM_NODULO,/media/angualberto/423ff97c-bf80-4bc9-9621-cf3ec081fd25/rsna_breast_cancer_detection/train_images/1883/323359086.dcm,323359086.dcm,1883,323359086,1664,2048,1883,323359086,L,MLO,0,/media/angualberto/423ff97c-bf80-4bc9-9621-cf3ec081fd25/rsna_breast_cancer_detection/train_images/1883/323359086.dcm,test
SEM_NODULO,/media/angualberto/423ff97c-bf80-4bc9-9621-cf3ec081fd25/rsna_breast_cancer_detection/train_images/1883/456842873.dcm,456842873.dcm,1883,456842873,1664,2048,1883,456842873,L,CC,0,/media/angualberto/423ff97c-bf80-4bc9-9621-cf3ec081fd25/rsna_breast_cancer_detection/train_images/1883/456842873.dcm,test
SEM_NODULO,/media/angualberto/423ff97c-bf80-4bc9-9621-cf3ec081fd25/rsna_breast_cancer_detection/train_images/1883/752674870.dcm,752674870.dcm,1883,752674870,1664,2048,1883,752674870,L,MLO,0,/media/angualberto/423ff97c-bf80-4bc9-9621-cf3ec081fd25/rsna_breast_cancer_detection/train_images/1883/752674870.dcm,test
SEM_NODULO,/media/angualberto/423ff97c-bf80-4bc9-9621-cf3ec081fd25/rsna_breast_cancer_detection/train_images/18839/266365002.dcm,266365002.dcm,18839,266365002,1664,2048,18839,266365002,L,CC,0,/media/angualberto/423ff97c-bf80-4bc9-9621-cf3ec081fd25/rsna_breast_cancer_detection/train_images/18839/266365002.dcm,train
NODULO,/media/angualberto/423ff97c-bf80-4bc9-9621-cf3ec081fd25/rsna_breast_cancer_detection/train_images/18839/629657795.dcm,629657795.dcm,18839,629657795,1664,2048,18839,629657795,R,CC,1,/media/angualberto/423ff97c-bf80-4bc9-9621-cf3ec081fd25/rsna_breast_cancer_detection/train_images/18839/629657795.dcm,train
NODULO,/media/angualberto/423ff97c-bf80-4bc9-9621-cf3ec081fd25/rsna_breast_cancer_detection/train_images/18839/746580759.dcm,746580759.dcm,18839,746580759,1664,2048,18839,746580759,R,MLO,1,/media/angualberto/423ff97c-bf80-4bc9-9621-cf3ec081fd25/rsna_breast_cancer_detection/train_images/18839/746580759.dcm,train
SEM_NODULO,/media/angualberto/423ff97c-bf80-4bc9-9621-cf3ec081fd25/rsna_breast_cancer_detection/train_images/18839/844242610.dcm,844242610.dcm,18839,844242610,1664,2048,18839,844242610,L,MLO,0,/media/angualberto/423ff97c-bf80-4bc9-9621-cf3ec081fd25/rsna_breast_cancer_detection/train_images/18839/844242610.dcm,train
SEM_NODULO,/media/angualberto/423ff97c-bf80-4bc9-9621-cf3ec081fd25/rsna_breast_cancer_detection/train_images/19028/1016061972.dcm,1016061972.dcm,19028,1016061972,1664,2048,19028,1016061972,L,CC,0,/media/angualberto/423ff97c-bf80-4bc9-9621-cf3ec081fd25/rsna_breast_cancer_detection/train_images/19028/1016061972.dcm,test
NODULO,/media/angualberto/423ff97c-bf80-4bc9-9621-cf3ec081fd25/rsna_breast_cancer_detection/train_images/19028/1172976203.dcm,1172976203.dcm,19028,1172976203,1664,2048,19028,1172976203,R,CC,1,/media/angualberto/423ff97c-bf80-4bc9-9621-cf3ec081fd25/rsna_breast_cancer_detection/train_images/19028/1172976203.dcm,test
NODULO,/media/angualberto/423ff97c-bf80-4bc9-9621-cf3ec081fd25/rsna_breast_cancer_detection/train_images/19028/1662724073.dcm,1662724073.dcm,19028,1662724073,1664,2048,19028,1662724073,R,MLO,1,/media/angualberto/423ff97c-bf80-4bc9-9621-cf3ec081fd25/rsna_breast_cancer_detection/train_images/19028/1662724073.dcm,test
SEM_NODULO,/media/angualberto/423ff97c-bf80-4bc9-9621-cf3ec081fd25/rsna_breast_cancer_detection/train_images/19028/351961580.dcm,351961580.dcm,19028,351961580,1664,2048,19028,351961580,L,MLO,0,/media/angualberto/423ff97c-bf80-4bc9-9621-cf3ec081fd25/rsna_breast_cancer_detection/train_images/19028/351961580.dcm,test
SEM_NODULO,/media/angualberto/423ff97c-bf80-4bc9-9621-cf3ec081fd25/rsna_breast_cancer_detection/train_images/19524/1059719828.dcm,1059719828.dcm,19524,1059719828,2457,2677,19524,1059719828,R,CC,0,/media/angualberto/423ff97c-bf80-4bc9-9621-cf3ec081fd25/rsna_breast_cancer_detection/train_images/19524/1059719828.dcm,train
SEM_NODULO,/media/angualberto/423ff97c-bf80-4bc9-9621-cf3ec081fd25/rsna_breast_cancer_detection/train_images/19524/1107215158.dcm,1107215158.dcm,19524,1107215158,2457,2677,19524,1107215158,R,MLO,0,/media/angualberto/423ff97c-bf80-4bc9-9621-cf3ec081fd25/rsna_breast_cancer_detection/train_images/19524/1107215158.dcm,train
SEM_NODULO,/media/angualberto/423ff97c-bf80-4bc9-9621-cf3ec081fd25/rsna_breast_cancer_detection/train_images/19524/1529529605.dcm,1529529605.dcm,19524,1529529605,2457,2677,19524,1529529605,L,MLO,0,/media/angualberto/423ff97c-bf80-4bc9-9621-cf3ec081fd25/rsna_breast_cancer_detection/train_images/19524/1529529605.dcm,train
SEM_NODULO,/media/angualberto/423ff97c-bf80-4bc9-9621-cf3ec081fd25/rsna_breast_cancer_detection/train_images/19524/258004005.dcm,258004005.dcm,19524,258004005,2457,2677,19524,258004005,L,CC,0,/media/angualberto/423ff97c-bf80-4bc9-9621-cf3ec081fd25/rsna_breast_cancer_detection/train_images/19524/258004005.dcm,train
NODULO,/media/angualberto/423ff97c-bf80-4bc9-9621-cf3ec081fd25/rsna_breast_cancer_detection/train_images/1963/1044828729.dcm,1044828729.dcm,1963,1044828729,1664,2048,1963,1044828729,L,CC,1,/media/angualberto/423ff97c-bf80-4bc9-9621-cf3ec081fd25/rsna_breast_cancer_detection/train_images/1963/1044828729.dcm,train
SEM_NODULO,/media/angualberto/423ff97c-bf80-4bc9-9621-cf3ec081fd25/rsna_breast_cancer_detection/train_images/1963/1415836694.dcm,1415836694.dcm,1963,1415836694,1280,1664,1963,1415836694,R,CC,0,/media/angualberto/423ff97c-bf80-4bc9-9621-cf3ec081fd25/rsna_breast_cancer_detection/train_images/1963/1415836694.dcm,train
SEM_NODULO,/media/angualberto/423ff97c-bf80-4bc9-9621-cf3ec081fd25/rsna_breast_cancer_detection/train_images/1963/1543774075.dcm,1543774075.dcm,1963,1543774075,1280,1664,1963,1543774075,R,CC,0,/media/angualberto/423ff97c-bf80-4bc9-9621-cf3ec081fd25/rsna_breast_cancer_detection/train_images/1963/1543774075.dcm,train
NODULO,/media/angualberto/423ff97c-bf80-4bc9-9621-cf3ec081fd25/rsna_breast_cancer_detection/train_images/1963/159974570.dcm,159974570.dcm,1963,159974570,1664,2048,1963,159974570,L,MLO,1,/media/angualberto/423ff97c-bf80-4bc9-9621-cf3ec081fd25/rsna_breast_cancer_detection/train_images/1963/159974570.dcm,train
SEM_NODULO,/media/angualberto/423ff97c-bf80-4bc9-9621-cf3ec081fd25/rsna_breast_cancer_detection/train_images/1963/1784360398.dcm,1784360398.dcm,1963,1784360398,1280,1664,1963,1784360398,R,MLO,0,/media/angualberto/423ff97c-bf80-4bc9-9621-cf3ec081fd25/rsna_breast_cancer_detection/train_images/1963/1784360398.dcm,train
NODULO,/media/angualberto/423ff97c-bf80-4bc9-9621-cf3ec081fd25/rsna_breast_cancer_detection/train_images/1963/2090715578.dcm,2090715578.dcm,1963,2090715578,1664,2048,1963,2090715578,L,MLO,1,/media/angualberto/423ff97c-bf80-4bc9-9621-cf3ec081fd25/rsna_breast_cancer_detection/train_images/1963/2090715578.dcm,train
SEM_NODULO,/media/angualberto/423ff97c-bf80-4bc9-9621-cf3ec081fd25/rsna_breast_cancer_detection/train_images/1963/2125844492.dcm,2125844492.dcm,1963,2125844492,1280,1664,1963,2125844492,R,MLO,0,/media/angualberto/423ff97c-bf80-4bc9-9621-cf3ec081fd25/rsna_breast_cancer_detection/train_images/1963/2125844492.dcm,train
SEM_NODULO,/media/angualberto/423ff97c-bf80-4bc9-9621-cf3ec081fd25/rsna_breast_cancer_detection/train_images/20057/1169715524.dcm,1169715524.dcm,20057,1169715524,1664,2048,20057,1169715524,R,CC,0,/media/angualberto/423ff97c-bf80-4bc9-9621-cf3ec081fd25/rsna_breast_cancer_detection/train_images/20057/1169715524.dcm,test
SEM_NODULO,/media/angualberto/423ff97c-bf80-4bc9-9621-cf3ec081fd25/rsna_breast_cancer_detection/train_images/20057/229698633.dcm,229698633.dcm,20057,229698633,1664,2048,20057,229698633,L,MLO,0,/media/angualberto/423ff97c-bf80-4bc9-9621-cf3ec081fd25/rsna_breast_cancer_detection/train_images/20057/229698633.dcm,test
SEM_NODULO,/media/angualberto/423ff97c-bf80-4bc9-9621-cf3ec081fd25/rsna_breast_cancer_detection/train_images/20057/717620898.dcm,717620898.dcm,20057,717620898,1664,2048,20057,717620898,R,CC,0,/media/angualberto/423ff97c-bf80-4bc9-9621-cf3ec081fd25/rsna_breast_cancer_detection/train_images/20057/717620898.dcm,test
SEM_NODULO,/media/angualberto/423ff97c-bf80-4bc9-9621-cf3ec081fd25/rsna_breast_cancer_detection/train_images/20057/819963600.dcm,819963600.dcm,20057,819963600,1664,2048,20057,819963600,R,MLO,0,/media/angualberto/423ff97c-bf80-4bc9-9621-cf3ec081fd25/rsna_breast_cancer_detection/train_images/20057/819963600.dcm,test
SEM_NODULO,/media/angualberto/423ff97c-bf80-4bc9-9621-cf3ec081fd25/rsna_breast_cancer_detection/train_images/20057/876946571.dcm,876946571.dcm,20057,876946571,1664,2048,20057,876946571,L,CC,0,/media/angualberto/423ff97c-bf80-4bc9-9621-cf3ec081fd25/rsna_breast_cancer_detection/train_images/20057/876946571.dcm,test
SEM_NODULO,/media/angualberto/423ff97c-bf80-4bc9-9621-cf3ec081fd25/rsna_breast_cancer_detection/train_images/20251/1189991461.dcm,1189991461.dcm,20251,1189991461,1664,2048,20251,1189991461,L,MLO,0,/media/angualberto/423ff97c-bf80-4bc9-9621-cf3ec081fd25/rsna_breast_cancer_detection/train_images/20251/1189991461.dcm,test
SEM_NODULO,/media/angualberto/423ff97c-bf80-4bc9-9621-cf3ec081fd25/rsna_breast_cancer_detection/train_images/20251/1616755366.dcm,1616755366.dcm,20251,1616755366,1664,2048,20251,1616755366,L,CC,0,/media/angualberto/423ff97c-bf80-4bc9-9621-cf3ec081fd25/rsna_breast_cancer_detection/train_images/20251/1616755366.dcm,test
NODULO,/media/angualberto/423ff97c-bf80-4bc9-9621-cf3ec081fd25/rsna_breast_cancer_detection/train_images/20251/401181500.dcm,401181500.dcm,20251,401181500,1664,2048,20251,401181500,R,MLO,1,/media/angualberto/423ff97c-bf80-4bc9-9621-cf3ec081fd25/rsna_breast_cancer_detection/train_images/20251/401181500.dcm,test
NODULO,/media/angualberto/423ff97c-bf80-4bc9-9621-cf3ec081fd25/rsna_breast_cancer_detection/train_images/20251/914071190.dcm,914071190.dcm,20251,914071190,1664,2048,20251,914071190,R,CC,1,/media/angualberto/423ff97c-bf80-4bc9-9621-cf3ec081fd25/rsna_breast_cancer_detection/train_images/20251/914071190.dcm,test
SEM_NODULO,/media/angualberto/423ff97c-bf80-4bc9-9621-cf3ec081fd25/rsna_breast_cancer_detection/train_images/20346/1712938604.dcm,1712938604.dcm,20346,1712938604,1664,2048,20346,1712938604,L,CC,0,/media/angualberto/423ff97c-bf80-4bc9-9621-cf3ec081fd25/rsna_breast_cancer_detection/train_images/20346/1712938604.dcm,train
SEM_NODULO,/media/angualberto/423ff97c-bf80-4bc9-9621-cf3ec081fd25/rsna_breast_cancer_detection/train_images/20346/1734567963.dcm,1734567963.dcm,20346,1734567963,1664,2048,20346,1734567963,L,CC,0,/media/angualberto/423ff97c-bf80-4bc9-9621-cf3ec081fd25/rsna_breast_cancer_detection/train_images/20346/1734567963.dcm,train
SEM_NODULO,/media/angualberto/423ff97c-bf80-4bc9-9621-cf3ec081fd25/rsna_breast_cancer_detection/train_images/20346/2022571586.dcm,2022571586.dcm,20346,2022571586,1664,2048,20346,2022571586,R,MLO,0,/media/angualberto/423ff97c-bf80-4bc9-9621-cf3ec081fd25/rsna_breast_cancer_detection/train_images/20346/2022571586.dcm,train
SEM_NODULO,/media/angualberto/423ff97c-bf80-4bc9-9621-cf3ec081fd25/rsna_breast_cancer_detection/train_images/20346/2040014227.dcm,2040014227.dcm,20346,2040014227,1664,2048,20346,2040014227,R,CC,0,/media/angualberto/423ff97c-bf80-4bc9-9621-cf3ec081fd25/rsna_breast_cancer_detection/train_images/20346/2040014227.dcm,train
SEM_NODULO,/media/angualberto/423ff97c-bf80-4bc9-9621-cf3ec081fd25/rsna_breast_cancer_detection/train_images/20346/243490333.dcm,243490333.dcm,20346,243490333,1664,2048,20346,243490333,L,MLO,0,/media/angualberto/423ff97c-bf80-4bc9-9621-cf3ec081fd25/rsna_breast_cancer_detection/train_images/20346/243490333.dcm,train
SEM_NODULO,/media/angualberto/423ff97c-bf80-4bc9-9621-cf3ec081fd25/rsna_breast_cancer_detection/train_images/20346/446010980.dcm,446010980.dcm,20346,446010980,1664,2048,20346,446010980,R,CC,0,/media/angualberto/423ff97c-bf80-4bc9-9621-cf3ec081fd25/rsna_breast_cancer_detection/train_images/20346/446010980.dcm,train
SEM_NODULO,/media/angualberto/423ff97c-bf80-4bc9-9621-cf3ec081fd25/rsna_breast_cancer_detection/train_images/20346/819312325.dcm,819312325.dcm,20346,819312325,1664,2048,20346,819312325,R,MLO,0,/media/angualberto/423ff97c-bf80-4bc9-9621-cf3ec081fd25/rsna_breast_cancer_detection/train_images/20346/819312325.dcm,train
SEM_NODULO,/media/angualberto/423ff97c-bf80-4bc9-9621-cf3ec081fd25/rsna_breast_cancer_detection/train_images/20346/906994744.dcm,906994744.dcm,20346,906994744,1664,2048,20346,906994744,L,MLO,0,/media/angualberto/423ff97c-bf80-4bc9-9621-cf3ec081fd25/rsna_breast_cancer_detection/train_images/20346/906994744.dcm,train
SEM_NODULO,/media/angualberto/423ff97c-bf80-4bc9-9621-cf3ec081fd25/rsna_breast_cancer_detection/train_images/20390/1158721094.dcm,1158721094.dcm,20390,1158721094,1664,2048,20390,1158721094,R,MLO,0,/media/angualberto/423ff97c-bf80-4bc9-9621-cf3ec081fd25/rsna_breast_cancer_detection/train_images/20390/1158721094.dcm,train
SEM_NODULO,/media/angualberto/423ff97c-bf80-4bc9-9621-cf3ec081fd25/rsna_breast_cancer_detection/train_images/20390/1395850110.dcm,1395850110.dcm,20390,1395850110,1664,2048,20390,1395850110,L,CC,0,/media/angualberto/423ff97c-bf80-4bc9-9621-cf3ec081fd25/rsna_breast_cancer_detection/train_images/20390/1395850110.dcm,train
SEM_NODULO,/media/angualberto/423ff97c-bf80-4bc9-9621-cf3ec081fd25/rsna_breast_cancer_detection/train_images/20390/151461395.dcm,151461395.dcm,20390,151461395,1664,2048,20390,151461395,R,MLO,0,/media/angualberto/423ff97c-bf80-4bc9-9621-cf3ec081fd25/rsna_breast_cancer_detection/train_images/20390/151461395.dcm,train
SEM_NODULO,/media/angualberto/423ff97c-bf80-4bc9-9621-cf3ec081fd25/rsna_breast_cancer_detection/train_images/20390/2019824463.dcm,2019824463.dcm,20390,2019824463,1664,2048,20390,2019824463,L,MLO,0,/media/angualberto/423ff97c-bf80-4bc9-9621-cf3ec081fd25/rsna_breast_cancer_detection/train_images/20390/2019824463.dcm,train
SEM_NODULO,/media/angualberto/423ff97c-bf80-4bc9-9621-cf3ec081fd25/rsna_breast_cancer_detection/train_images/20390/99407783.dcm,99407783.dcm,20390,99407783,1664,2048,20390,99407783,R,CC,0,/media/angualberto/423ff97c-bf80-4bc9-9621-cf3ec081fd25/rsna_breast_cancer_detection/train_images/20390/99407783.dcm,train
SEM_NODULO,/media/angualberto/423ff97c-bf80-4bc9-9621-cf3ec081fd25/rsna_breast_cancer_detection/train_images/21408/1261259487.dcm,1261259487.dcm,21408,1261259487,1664,2048,21408,1261259487,L,CC,0,/media/angualberto/423ff97c-bf80-4bc9-9621-cf3ec081fd25/rsna_breast_cancer_detection/train_images/21408/1261259487.dcm,test
SEM_NODULO,/media/angualberto/423ff97c-bf80-4bc9-9621-cf3ec081fd25/rsna_breast_cancer_detection/train_images/21408/1431029003.dcm,1431029003.dcm,21408,1431029003,1664,2048,21408,1431029003,R,MLO,0,/media/angualberto/423ff97c-bf80-4bc9-9621-cf3ec081fd25/rsna_breast_cancer_detection/train_images/21408/1431029003.dcm,test
SEM_NODULO,/media/angualberto/423ff97c-bf80-4bc9-9621-cf3ec081fd25/rsna_breast_cancer_detection/train_images/21408/184348571.dcm,184348571.dcm,21408,184348571,1664,2048,21408,184348571,R,CC,0,/media/angualberto/423ff97c-bf80-4bc9-9621-cf3ec081fd25/rsna_breast_cancer_detection/train_images/21408/184348571.dcm,test
SEM_NODULO,/media/angualberto/423ff97c-bf80-4bc9-9621-cf3ec081fd25/rsna_breast_cancer_detection/train_images/21408/44534892.dcm,44534892.dcm,21408,44534892,1664,2048,21408,44534892,L,MLO,0,/media/angualberto/423ff97c-bf80-4bc9-9621-cf3ec081fd25/rsna_breast_cancer_detection/train_images/21408/44534892.dcm,test
SEM_NODULO,/media/angualberto/423ff97c-bf80-4bc9-9621-cf3ec081fd25/rsna_breast_cancer_detection/train_images/21640/1059612110.dcm,1059612110.dcm,21640,1059612110,1664,2048,21640,1059612110,R,MLO,0,/media/angualberto/423ff97c-bf80-4bc9-9621-cf3ec081fd25/rsna_breast_cancer_detection/train_images/21640/1059612110.dcm,train
SEM_NODULO,/media/angualberto/423ff97c-bf80-4bc9-9621-cf3ec081fd25/rsna_breast_cancer_detection/train_images/21640/12162702.dcm,12162702.dcm,21640,12162702,1664,2048,21640,12162702,R,CC,0,/media/angualberto/423ff97c-bf80-4bc9-9621-cf3ec081fd25/rsna_breast_cancer_detection/train_images/21640/12162702.dcm,train
SEM_NODULO,/media/angualberto/423ff97c-bf80-4bc9-9621-cf3ec081fd25/rsna_breast_cancer_detection/train_images/21640/130702583.dcm,130702583.dcm,21640,130702583,1664,2048,21640,130702583,R,MLO,0,/media/angualberto/423ff97c-bf80-4bc9-9621-cf3ec081fd25/rsna_breast_cancer_detection/train_images/21640/130702583.dcm,train
SEM_NODULO,/media/angualberto/423ff97c-bf80-4bc9-9621-cf3ec081fd25/rsna_breast_cancer_detection/train_images/21640/1904686812.dcm,1904686812.dcm,21640,1904686812,1664,2048,21640,1904686812,L,CC,0,/media/angualberto/423ff97c-bf80-4bc9-9621-cf3ec081fd25/rsna_breast_cancer_detection/train_images/21640/1904686812.dcm,train
SEM_NODULO,/media/angualberto/423ff97c-bf80-4bc9-9621-cf3ec081fd25/rsna_breast_cancer_detection/train_images/21640/1921583476.dcm,1921583476.dcm,21640,1921583476,1664,2048,21640,1921583476,R,CC,0,/media/angualberto/423ff97c-bf80-4bc9-9621-cf3ec081fd25/rsna_breast_cancer_detection/train_images/21640/1921583476.dcm,train
SEM_NODULO,/media/angualberto/423ff97c-bf80-4bc9-9621-cf3ec081fd25/rsna_breast_cancer_detection/train_images/21640/831123589.dcm,831123589.dcm,21640,831123589,1664,2048,21640,831123589,L,MLO,0,/media/angualberto/423ff97c-bf80-4bc9-9621-cf3ec081fd25/rsna_breast_cancer_detection/train_images/21640/831123589.dcm,train
SEM_NODULO,/media/angualberto/423ff97c-bf80-4bc9-9621-cf3ec081fd25/rsna_breast_cancer_detection/train_images/21640/867600582.dcm,867600582.dcm,21640,867600582,1664,2048,21640,867600582,L,MLO,0,/media/angualberto/423ff97c-bf80-4bc9-9621-cf3ec081fd25/rsna_breast_cancer_detection/train_images/21640/867600582.dcm,train
SEM_NODULO,/media/angualberto/423ff97c-bf80-4bc9-9621-cf3ec081fd25/rsna_breast_cancer_detection/train_images/21715/1208724837.dcm,1208724837.dcm,21715,1208724837,1664,2048,21715,1208724837,R,MLO,0,/media/angualberto/423ff97c-bf80-4bc9-9621-cf3ec081fd25/rsna_breast_cancer_detection/train_images/21715/1208724837.dcm,train
SEM_NODULO,/media/angualberto/423ff97c-bf80-4bc9-9621-cf3ec081fd25/rsna_breast_cancer_detection/train_images/21715/17389378.dcm,17389378.dcm,21715,17389378,1664,2048,21715,17389378,L,MLO,0,/media/angualberto/423ff97c-bf80-4bc9-9621-cf3ec081fd25/rsna_breast_cancer_detection/train_images/21715/17389378.dcm,train
SEM_NODULO,/media/angualberto/423ff97c-bf80-4bc9-9621-cf3ec081fd25/rsna_breast_cancer_detection/train_images/21715/240718488.dcm,240718488.dcm,21715,240718488,1664,2048,21715,240718488,R,CC,0,/media/angualberto/423ff97c-bf80-4bc9-9621-cf3ec081fd25/rsna_breast_cancer_detection/train_images/21715/240718488.dcm,train
SEM_NODULO,/media/angualberto/423ff97c-bf80-4bc9-9621-cf3ec081fd25/rsna_breast_cancer_detection/train_images/21715/454442158.dcm,454442158.dcm,21715,454442158,1664,2048,21715,454442158,L,CC,0,/media/angualberto/423ff97c-bf80-4bc9-9621-cf3ec081fd25/rsna_breast_cancer_detection/train_images/21715/454442158.dcm,train
SEM_NODULO,/media/angualberto/423ff97c-bf80-4bc9-9621-cf3ec081fd25/rsna_breast_cancer_detection/train_images/21720/1895382039.dcm,1895382039.dcm,21720,1895382039,2457,2677,21720,1895382039,L,MLO,0,/media/angualberto/423ff97c-bf80-4bc9-9621-cf3ec081fd25/rsna_breast_cancer_detection/train_images/21720/1895382039.dcm,test
NODULO,/media/angualberto/423ff97c-bf80-4bc9-9621-cf3ec081fd25/rsna_breast_cancer_detection/train_images/21720/1900007287.dcm,1900007287.dcm,21720,1900007287,2457,2677,21720,1900007287,R,MLO,1,/media/angualberto/423ff97c-bf80-4bc9-9621-cf3ec081fd25/rsna_breast_cancer_detection/train_images/21720/1900007287.dcm,test
NODULO,/media/angualberto/423ff97c-bf80-4bc9-9621-cf3ec081fd25/rsna_breast_cancer_detection/train_images/21720/1949604033.dcm,1949604033.dcm,21720,1949604033,2457,2677,21720,1949604033,R,CC,1,/media/angualberto/423ff97c-bf80-4bc9-9621-cf3ec081fd25/rsna_breast_cancer_detection/train_images/21720/1949604033.dcm,test
SEM_NODULO,/media/angualberto/423ff97c-bf80-4bc9-9621-cf3ec081fd25/rsna_breast_cancer_detection/train_images/21720/550166803.dcm,550166803.dcm,21720,550166803,2457,2677,21720,550166803,L,CC,0,/media/angualberto/423ff97c-bf80-4bc9-9621-cf3ec081fd25/rsna_breast_cancer_detection/train_images/21720/550166803.dcm,test
SEM_NODULO,/media/angualberto/423ff97c-bf80-4bc9-9621-cf3ec081fd25/rsna_breast_cancer_detection/train_images/22562/1491977729.dcm,1491977729.dcm,22562,1491977729,1280,1664,22562,1491977729,L,MLO,0,/media/angualberto/423ff97c-bf80-4bc9-9621-cf3ec081fd25/rsna_breast_cancer_detection/train_images/22562/1491977729.dcm,train
NODULO,/media/angualberto/423ff97c-bf80-4bc9-9621-cf3ec081fd25/rsna_breast_cancer_detection/train_images/22562/1512279672.dcm,1512279672.dcm,22562,1512279672,1280,1664,22562,1512279672,R,CC,1,/media/angualberto/423ff97c-bf80-4bc9-9621-cf3ec081fd25/rsna_breast_cancer_detection/train_images/22562/1512279672.dcm,train
SEM_NODULO,/media/angualberto/423ff97c-bf80-4bc9-9621-cf3ec081fd25/rsna_breast_cancer_detection/train_images/22562/168026535.dcm,168026535.dcm,22562,168026535,1280,1664,22562,168026535,L,CC,0,/media/angualberto/423ff97c-bf80-4bc9-9621-cf3ec081fd25/rsna_breast_cancer_detection/train_images/22562/168026535.dcm,train
SEM_NODULO,/media/angualberto/423ff97c-bf80-4bc9-9621-cf3ec081fd25/rsna_breast_cancer_detection/train_images/22562/1698906790.dcm,1698906790.dcm,22562,1698906790,1280,1664,22562,1698906790,L,MLO,0,/media/angualberto/423ff97c-bf80-4bc9-9621-cf3ec081fd25/rsna_breast_cancer_detection/train_images/22562/1698906790.dcm,train
SEM_NODULO,/media/angualberto/423ff97c-bf80-4bc9-9621-cf3ec081fd25/rsna_breast_cancer_detection/train_images/22562/1762637461.dcm,1762637461.dcm,22562,1762637461,1280,1664,22562,1762637461,L,CC,0,/media/angualberto/423ff97c-bf80-4bc9-9621-cf3ec081fd25/rsna_breast_cancer_detection/train_images/22562/1762637461.dcm,train
NODULO,/media/angualberto/423ff97c-bf80-4bc9-9621-cf3ec081fd25/rsna_breast_cancer_detection/train_images/22562/184187010.dcm,184187010.dcm,22562,184187010,1280,1664,22562,184187010,R,MLO,1,/media/angualberto/423ff97c-bf80-4bc9-9621-cf3ec081fd25/rsna_breast_cancer_detection/train_images/22562/184187010.dcm,train
NODULO,/media/angualberto/423ff97c-bf80-4bc9-9621-cf3ec081fd25/rsna_breast_cancer_detection/train_images/22616/1690035103.dcm,1690035103.dcm,22616,1690035103,1280,1664,22616,1690035103,R,MLO,1,/media/angualberto/423ff97c-bf80-4bc9-9621-cf3ec081fd25/rsna_breast_cancer_detection/train_images/22616/1690035103.dcm,train
SEM_NODULO,/media/angualberto/423ff97c-bf80-4bc9-9621-cf3ec081fd25/rsna_breast_cancer_detection/train_images/22616/1785245808.dcm,1785245808.dcm,22616,1785245808,1280,1664,22616,1785245808,L,MLO,0,/media/angualberto/423ff97c-bf80-4bc9-9621-cf3ec081fd25/rsna_breast_cancer_detection/train_images/22616/1785245808.dcm,train
SEM_NODULO,/media/angualberto/423ff97c-bf80-4bc9-9621-cf3ec081fd25/rsna_breast_cancer_detection/train_images/22616/1805134893.dcm,1805134893.dcm,22616,1805134893,1280,1664,22616,1805134893,L,CC,0,/media/angualberto/423ff97c-bf80-4bc9-9621-cf3ec081fd25/rsna_breast_cancer_detection/train_images/22616/1805134893.dcm,train
SEM_NODULO,/media/angualberto/423ff97c-bf80-4bc9-9621-cf3ec081fd25/rsna_breast_cancer_detection/train_images/22616/2028010187.dcm,2028010187.dcm,22616,2028010187,1280,1664,22616,2028010187,L,CC,0,/media/angualberto/423ff97c-bf80-4bc9-9621-cf3ec081fd25/rsna_breast_cancer_detection/train_images/22616/2028010187.dcm,train
NODULO,/media/angualberto/423ff97c-bf80-4bc9-9621-cf3ec081fd25/rsna_breast_cancer_detection/train_images/22616/2115811863.dcm,2115811863.dcm,22616,2115811863,1280,1664,22616,2115811863,R,CC,1,/media/angualberto/423ff97c-bf80-4bc9-9621-cf3ec081fd25/rsna_breast_cancer_detection/train_images/22616/2115811863.dcm,train
SEM_NODULO,/media/angualberto/423ff97c-bf80-4bc9-9621-cf3ec081fd25/rsna_breast_cancer_detection/train_images/2287/1041827864.dcm,1041827864.dcm,2287,1041827864,1664,2048,2287,1041827864,L,CC,0,/media/angualberto/423ff97c-bf80-4bc9-9621-cf3ec081fd25/rsna_breast_cancer_detection/train_images/2287/1041827864.dcm,train
SEM_NODULO,/media/angualberto/423ff97c-bf80-4bc9-9621-cf3ec081fd25/rsna_breast_cancer_detection/train_images/2287/1490109879.dcm,1490109879.dcm,2287,1490109879,1664,2048,2287,1490109879,L,MLO,0,/media/angualberto/423ff97c-bf80-4bc9-9621-cf3ec081fd25/rsna_breast_cancer_detection/train_images/2287/1490109879.dcm,train
SEM_NODULO,/media/angualberto/423ff97c-bf80-4bc9-9621-cf3ec081fd25/rsna_breast_cancer_detection/train_images/2287/2025490793.dcm,2025490793.dcm,2287,2025490793,1664,2048,2287,2025490793,R,CC,0,/media/angualberto/423ff97c-bf80-4bc9-9621-cf3ec081fd25/rsna_breast_cancer_detection/train_images/2287/2025490793.dcm,train
SEM_NODULO,/media/angualberto/423ff97c-bf80-4bc9-9621-cf3ec081fd25/rsna_breast_cancer_detection/train_images/2287/266510208.dcm,266510208.dcm,2287,266510208,1664,2048,2287,266510208,R,MLO,0,/media/angualberto/423ff97c-bf80-4bc9-9621-cf3ec081fd25/rsna_breast_cancer_detection/train_images/2287/266510208.dcm,train
SEM_NODULO,/media/angualberto/423ff97c-bf80-4bc9-9621-cf3ec081fd25/rsna_breast_cancer_detection/train_images/2317/1115643101.dcm,1115643101.dcm,2317,1115643101,1664,2048,2317,1115643101,L,CC,0,/media/angualberto/423ff97c-bf80-4bc9-9621-cf3ec081fd25/rsna_breast_cancer_detection/train_images/2317/1115643101.dcm,train
SEM_NODULO,/media/angualberto/423ff97c-bf80-4bc9-9621-cf3ec081fd25/rsna_breast_cancer_detection/train_images/2317/1551743306.dcm,1551743306.dcm,2317,1551743306,1664,2048,2317,1551743306,R,CC,0,/media/angualberto/423ff97c-bf80-4bc9-9621-cf3ec081fd25/rsna_breast_cancer_detection/train_images/2317/1551743306.dcm,train
SEM_NODULO,/media/angualberto/423ff97c-bf80-4bc9-9621-cf3ec081fd25/rsna_breast_cancer_detection/train_images/2317/159628149.dcm,159628149.dcm,2317,159628149,1664,2048,2317,159628149,R,MLO,0,/media/angualberto/423ff97c-bf80-4bc9-9621-cf3ec081fd25/rsna_breast_cancer_detection/train_images/2317/159628149.dcm,train
SEM_NODULO,/media/angualberto/423ff97c-bf80-4bc9-9621-cf3ec081fd25/rsna_breast_cancer_detection/train_images/2317/1935829544.dcm,1935829544.dcm,2317,1935829544,1664,2048,2317,1935829544,L,MLO,0,/media/angualberto/423ff97c-bf80-4bc9-9621-cf3ec081fd25/rsna_breast_cancer_detection/train_images/2317/1935829544.dcm,train
SEM_NODULO,/media/angualberto/423ff97c-bf80-4bc9-9621-cf3ec081fd25/rsna_breast_cancer_detection/train_images/23243/1038737555.dcm,1038737555.dcm,23243,1038737555,1664,2048,23243,1038737555,R,MLO,0,/media/angualberto/423ff97c-bf80-4bc9-9621-cf3ec081fd25/rsna_breast_cancer_detection/train_images/23243/1038737555.dcm,test
SEM_NODULO,/media/angualberto/423ff97c-bf80-4bc9-9621-cf3ec081fd25/rsna_breast_cancer_detection/train_images/23243/1420878875.dcm,1420878875.dcm,23243,1420878875,1664,2048,23243,1420878875,L,MLO,0,/media/angualberto/423ff97c-bf80-4bc9-9621-cf3ec081fd25/rsna_breast_cancer_detection/train_images/23243/1420878875.dcm,test
SEM_NODULO,/media/angualberto/423ff97c-bf80-4bc9-9621-cf3ec081fd25/rsna_breast_cancer_detection/train_images/23243/1921602811.dcm,1921602811.dcm,23243,1921602811,1664,2048,23243,1921602811,R,CC,0,/media/angualberto/423ff97c-bf80-4bc9-9621-cf3ec081fd25/rsna_breast_cancer_detection/train_images/23243/1921602811.dcm,test
SEM_NODULO,/media/angualberto/423ff97c-bf80-4bc9-9621-cf3ec081fd25/rsna_breast_cancer_detection/train_images/23243/37047290.dcm,37047290.dcm,23243,37047290,1664,2048,23243,37047290,L,CC,0,/media/angualberto/423ff97c-bf80-4bc9-9621-cf3ec081fd25/rsna_breast_cancer_detection/train_images/23243/37047290.dcm,test
SEM_NODULO,/media/angualberto/423ff97c-bf80-4bc9-9621-cf3ec081fd25/rsna_breast_cancer_detection/train_images/23540/1287075444.dcm,1287075444.dcm,23540,1287075444,1664,2048,23540,1287075444,R,CC,0,/media/angualberto/423ff97c-bf80-4bc9-9621-cf3ec081fd25/rsna_breast_cancer_detection/train_images/23540/1287075444.dcm,test
SEM_NODULO,/media/angualberto/423ff97c-bf80-4bc9-9621-cf3ec081fd25/rsna_breast_cancer_detection/train_images/23540/1436996388.dcm,1436996388.dcm,23540,1436996388,1664,2048,23540,1436996388,L,MLO,0,/media/angualberto/423ff97c-bf80-4bc9-9621-cf3ec081fd25/rsna_breast_cancer_detection/train_images/23540/1436996388.dcm,test
SEM_NODULO,/media/angualberto/423ff97c-bf80-4bc9-9621-cf3ec081fd25/rsna_breast_cancer_detection/train_images/23540/1670754453.dcm,1670754453.dcm,23540,1670754453,1664,2048,23540,1670754453,R,MLO,0,/media/angualberto/423ff97c-bf80-4bc9-9621-cf3ec081fd25/rsna_breast_cancer_detection/train_images/23540/1670754453.dcm,test
SEM_NODULO,/media/angualberto/423ff97c-bf80-4bc9-9621-cf3ec081fd25/rsna_breast_cancer_detection/train_images/23540/1911180846.dcm,1911180846.dcm,23540,1911180846,1664,2048,23540,1911180846,L,MLO,0,/media/angualberto/423ff97c-bf80-4bc9-9621-cf3ec081fd25/rsna_breast_cancer_detection/train_images/23540/1911180846.dcm,test
SEM_NODULO,/media/angualberto/423ff97c-bf80-4bc9-9621-cf3ec081fd25/rsna_breast_cancer_detection/train_images/23540/2040462482.dcm,2040462482.dcm,23540,2040462482,1664,2048,23540,2040462482,L,CC,0,/media/angualberto/423ff97c-bf80-4bc9-9621-cf3ec081fd25/rsna_breast_cancer_detection/train_images/23540/2040462482.dcm,test
SEM_NODULO,/media/angualberto/423ff97c-bf80-4bc9-9621-cf3ec081fd25/rsna_breast_cancer_detection/train_images/23540/392067061.dcm,392067061.dcm,23540,392067061,1664,2048,23540,392067061,R,MLO,0,/media/angualberto/423ff97c-bf80-4bc9-9621-cf3ec081fd25/rsna_breast_cancer_detection/train_images/23540/392067061.dcm,test
SEM_NODULO,/media/angualberto/423ff97c-bf80-4bc9-9621-cf3ec081fd25/rsna_breast_cancer_detection/train_images/23540/793836288.dcm,793836288.dcm,23540,793836288,1664,2048,23540,793836288,R,CC,0,/media/angualberto/423ff97c-bf80-4bc9-9621-cf3ec081fd25/rsna_breast_cancer_detection/train_images/23540/793836288.dcm,test
SEM_NODULO,/media/angualberto/423ff97c-bf80-4bc9-9621-cf3ec081fd25/rsna_breast_cancer_detection/train_images/23693/1459649115.dcm,1459649115.dcm,23693,1459649115,1041,1388,23693,1459649115,L,MLO,0,/media/angualberto/423ff97c-bf80-4bc9-9621-cf3ec081fd25/rsna_breast_cancer_detection/train_images/23693/1459649115.dcm,test
NODULO,/media/angualberto/423ff97c-bf80-4bc9-9621-cf3ec081fd25/rsna_breast_cancer_detection/train_images/23693/1501077377.dcm,1501077377.dcm,23693,1501077377,1041,1388,23693,1501077377,R,MLO,1,/media/angualberto/423ff97c-bf80-4bc9-9621-cf3ec081fd25/rsna_breast_cancer_detection/train_images/23693/1501077377.dcm,test
NODULO,/media/angualberto/423ff97c-bf80-4bc9-9621-cf3ec081fd25/rsna_breast_cancer_detection/train_images/23693/1555452504.dcm,1555452504.dcm,23693,1555452504,1041,1388,23693,1555452504,R,CC,1,/media/angualberto/423ff97c-bf80-4bc9-9621-cf3ec081fd25/rsna_breast_cancer_detection/train_images/23693/1555452504.dcm,test
SEM_NODULO,/media/angualberto/423ff97c-bf80-4bc9-9621-cf3ec081fd25/rsna_breast_cancer_detection/train_images/23693/868504037.dcm,868504037.dcm,23693,868504037,1041,1388,23693,868504037,L,CC,0,/media/angualberto/423ff97c-bf80-4bc9-9621-cf3ec081fd25/rsna_breast_cancer_detection/train_images/23693/868504037.dcm,test
SEM_NODULO,/media/angualberto/423ff97c-bf80-4bc9-9621-cf3ec081fd25/rsna_breast_cancer_detection/train_images/23908/120061976.dcm,120061976.dcm,23908,120061976,1664,2048,23908,120061976,R,CC,0,/media/angualberto/423ff97c-bf80-4bc9-9621-cf3ec081fd25/rsna_breast_cancer_detection/train_images/23908/120061976.dcm,train
SEM_NODULO,/media/angualberto/423ff97c-bf80-4bc9-9621-cf3ec081fd25/rsna_breast_cancer_detection/train_images/23908/1820580683.dcm,1820580683.dcm,23908,1820580683,1664,2048,23908,1820580683,L,MLO,0,/media/angualberto/423ff97c-bf80-4bc9-9621-cf3ec081fd25/rsna_breast_cancer_detection/train_images/23908/1820580683.dcm,train
SEM_NODULO,/media/angualberto/423ff97c-bf80-4bc9-9621-cf3ec081fd25/rsna_breast_cancer_detection/train_images/23908/478556314.dcm,478556314.dcm,23908,478556314,1664,2048,23908,478556314,L,CC,0,/media/angualberto/423ff97c-bf80-4bc9-9621-cf3ec081fd25/rsna_breast_cancer_detection/train_images/23908/478556314.dcm,train
SEM_NODULO,/media/angualberto/423ff97c-bf80-4bc9-9621-cf3ec081fd25/rsna_breast_cancer_detection/train_images/23908/760922655.dcm,760922655.dcm,23908,760922655,1664,2048,23908,760922655,R,MLO,0,/media/angualberto/423ff97c-bf80-4bc9-9621-cf3ec081fd25/rsna_breast_cancer_detection/train_images/23908/760922655.dcm,train
SEM_NODULO,/media/angualberto/423ff97c-bf80-4bc9-9621-cf3ec081fd25/rsna_breast_cancer_detection/train_images/24004/1676254800.dcm,1676254800.dcm,24004,1676254800,1664,2048,24004,1676254800,L,MLO,0,/media/angualberto/423ff97c-bf80-4bc9-9621-cf3ec081fd25/rsna_breast_cancer_detection/train_images/24004/1676254800.dcm,train
SEM_NODULO,/media/angualberto/423ff97c-bf80-4bc9-9621-cf3ec081fd25/rsna_breast_cancer_detection/train_images/24004/2133434391.dcm,2133434391.dcm,24004,2133434391,1664,2048,24004,2133434391,R,MLO,0,/media/angualberto/423ff97c-bf80-4bc9-9621-cf3ec081fd25/rsna_breast_cancer_detection/train_images/24004/2133434391.dcm,train
SEM_NODULO,/media/angualberto/423ff97c-bf80-4bc9-9621-cf3ec081fd25/rsna_breast_cancer_detection/train_images/24004/214007867.dcm,214007867.dcm,24004,214007867,1664,2048,24004,214007867,L,CC,0,/media/angualberto/423ff97c-bf80-4bc9-9621-cf3ec081fd25/rsna_breast_cancer_detection/train_images/24004/214007867.dcm,train
SEM_NODULO,/media/angualberto/423ff97c-bf80-4bc9-9621-cf3ec081fd25/rsna_breast_cancer_detection/train_images/24004/669115651.dcm,669115651.dcm,24004,669115651,1664,2048,24004,669115651,R,CC,0,/media/angualberto/423ff97c-bf80-4bc9-9621-cf3ec081fd25/rsna_breast_cancer_detection/train_images/24004/669115651.dcm,train
SEM_NODULO,/media/angualberto/423ff97c-bf80-4bc9-9621-cf3ec081fd25/rsna_breast_cancer_detection/train_images/24643/1391155275.dcm,1391155275.dcm,24643,1391155275,1664,2048,24643,1391155275,R,CC,0,/media/angualberto/423ff97c-bf80-4bc9-9621-cf3ec081fd25/rsna_breast_cancer_detection/train_images/24643/1391155275.dcm,train
SEM_NODULO,/media/angualberto/423ff97c-bf80-4bc9-9621-cf3ec081fd25/rsna_breast_cancer_detection/train_images/24643/150967517.dcm,150967517.dcm,24643,150967517,1664,2048,24643,150967517,R,MLO,0,/media/angualberto/423ff97c-bf80-4bc9-9621-cf3ec081fd25/rsna_breast_cancer_detection/train_images/24643/150967517.dcm,train
NODULO,/media/angualberto/423ff97c-bf80-4bc9-9621-cf3ec081fd25/rsna_breast_cancer_detection/train_images/24643/333469112.dcm,333469112.dcm,24643,333469112,1664,2048,24643,333469112,L,MLO,1,/media/angualberto/423ff97c-bf80-4bc9-9621-cf3ec081fd25/rsna_breast_cancer_detection/train_images/24643/333469112.dcm,train
SEM_NODULO,/media/angualberto/423ff97c-bf80-4bc9-9621-cf3ec081fd25/rsna_breast_cancer_detection/train_images/24643/738710725.dcm,738710725.dcm,24643,738710725,1664,2048,24643,738710725,R,MLO,0,/media/angualberto/423ff97c-bf80-4bc9-9621-cf3ec081fd25/rsna_breast_cancer_detection/train_images/24643/738710725.dcm,train
NODULO,/media/angualberto/423ff97c-bf80-4bc9-9621-cf3ec081fd25/rsna_breast_cancer_detection/train_images/24643/748841369.dcm,748841369.dcm,24643,748841369,1664,2048,24643,748841369,L,CC,1,/media/angualberto/423ff97c-bf80-4bc9-9621-cf3ec081fd25/rsna_breast_cancer_detection/train_images/24643/748841369.dcm,train
SEM_NODULO,/media/angualberto/423ff97c-bf80-4bc9-9621-cf3ec081fd25/rsna_breast_cancer_detection/train_images/24733/1744963370.dcm,1744963370.dcm,24733,1744963370,1041,1388,24733,1744963370,L,MLO,0,/media/angualberto/423ff97c-bf80-4bc9-9621-cf3ec081fd25/rsna_breast_cancer_detection/train_images/24733/1744963370.dcm,train
SEM_NODULO,/media/angualberto/423ff97c-bf80-4bc9-9621-cf3ec081fd25/rsna_breast_cancer_detection/train_images/24733/2115533448.dcm,2115533448.dcm,24733,2115533448,1041,1388,24733,2115533448,R,MLO,0,/media/angualberto/423ff97c-bf80-4bc9-9621-cf3ec081fd25/rsna_breast_cancer_detection/train_images/24733/2115533448.dcm,train
SEM_NODULO,/media/angualberto/423ff97c-bf80-4bc9-9621-cf3ec081fd25/rsna_breast_cancer_detection/train_images/24733/643290082.dcm,643290082.dcm,24733,643290082,1041,1388,24733,643290082,R,CC,0,/media/angualberto/423ff97c-bf80-4bc9-9621-cf3ec081fd25/rsna_breast_cancer_detection/train_images/24733/643290082.dcm,train
SEM_NODULO,/media/angualberto/423ff97c-bf80-4bc9-9621-cf3ec081fd25/rsna_breast_cancer_detection/train_images/24733/977755954.dcm,977755954.dcm,24733,977755954,1041,1388,24733,977755954,L,CC,0,/media/angualberto/423ff97c-bf80-4bc9-9621-cf3ec081fd25/rsna_breast_cancer_detection/train_images/24733/977755954.dcm,train
SEM_NODULO,/media/angualberto/423ff97c-bf80-4bc9-9621-cf3ec081fd25/rsna_breast_cancer_detection/train_images/25143/1688880112.dcm,1688880112.dcm,25143,1688880112,1664,2048,25143,1688880112,L,CC,0,/media/angualberto/423ff97c-bf80-4bc9-9621-cf3ec081fd25/rsna_breast_cancer_detection/train_images/25143/1688880112.dcm,train
SEM_NODULO,/media/angualberto/423ff97c-bf80-4bc9-9621-cf3ec081fd25/rsna_breast_cancer_detection/train_images/25143/1876052717.dcm,1876052717.dcm,25143,1876052717,1664,2048,25143,1876052717,R,CC,0,/media/angualberto/423ff97c-bf80-4bc9-9621-cf3ec081fd25/rsna_breast_cancer_detection/train_images/25143/1876052717.dcm,train
SEM_NODULO,/media/angualberto/423ff97c-bf80-4bc9-9621-cf3ec081fd25/rsna_breast_cancer_detection/train_images/25143/363337486.dcm,363337486.dcm,25143,363337486,1664,2048,25143,363337486,L,MLO,0,/media/angualberto/423ff97c-bf80-4bc9-9621-cf3ec081fd25/rsna_breast_cancer_detection/train_images/25143/363337486.dcm,train
SEM_NODULO,/media/angualberto/423ff97c-bf80-4bc9-9621-cf3ec081fd25/rsna_breast_cancer_detection/train_images/25143/921117045.dcm,921117045.dcm,25143,921117045,1664,2048,25143,921117045,R,MLO,0,/media/angualberto/423ff97c-bf80-4bc9-9621-cf3ec081fd25/rsna_breast_cancer_detection/train_images/25143/921117045.dcm,train
SEM_NODULO,/media/angualberto/423ff97c-bf80-4bc9-9621-cf3ec081fd25/rsna_breast_cancer_detection/train_images/25523/1213592895.dcm,1213592895.dcm,25523,1213592895,1197,1531,25523,1213592895,R,CC,0,/media/angualberto/423ff97c-bf80-4bc9-9621-cf3ec081fd25/rsna_breast_cancer_detection/train_images/25523/1213592895.dcm,train
NODULO,/media/angualberto/423ff97c-bf80-4bc9-9621-cf3ec081fd25/rsna_breast_cancer_detection/train_images/25523/1384710229.dcm,1384710229.dcm,25523,1384710229,1197,1531,25523,1384710229,L,CC,1,/media/angualberto/423ff97c-bf80-4bc9-9621-cf3ec081fd25/rsna_breast_cancer_detection/train_images/25523/1384710229.dcm,train
SEM_NODULO,/media/angualberto/423ff97c-bf80-4bc9-9621-cf3ec081fd25/rsna_breast_cancer_detection/train_images/25523/1914558888.dcm,1914558888.dcm,25523,1914558888,1197,1531,25523,1914558888,R,MLO,0,/media/angualberto/423ff97c-bf80-4bc9-9621-cf3ec081fd25/rsna_breast_cancer_detection/train_images/25523/1914558888.dcm,train
SEM_NODULO,/media/angualberto/423ff97c-bf80-4bc9-9621-cf3ec081fd25/rsna_breast_cancer_detection/train_images/25523/2117472754.dcm,2117472754.dcm,25523,2117472754,1197,1531,25523,2117472754,R,MLO,0,/media/angualberto/423ff97c-bf80-4bc9-9621-cf3ec081fd25/rsna_breast_cancer_detection/train_images/25523/2117472754.dcm,train
NODULO,/media/angualberto/423ff97c-bf80-4bc9-9621-cf3ec081fd25/rsna_breast_cancer_detection/train_images/25523/449544592.dcm,449544592.dcm,25523,449544592,1197,1531,25523,449544592,L,MLO,1,/media/angualberto/423ff97c-bf80-4bc9-9621-cf3ec081fd25/rsna_breast_cancer_detection/train_images/25523/449544592.dcm,train
NODULO,/media/angualberto/423ff97c-bf80-4bc9-9621-cf3ec081fd25/rsna_breast_cancer_detection/train_images/25523/690750133.dcm,690750133.dcm,25523,690750133,1197,1531,25523,690750133,L,MLO,1,/media/angualberto/423ff97c-bf80-4bc9-9621-cf3ec081fd25/rsna_breast_cancer_detection/train_images/25523/690750133.dcm,train
NODULO,/media/angualberto/423ff97c-bf80-4bc9-9621-cf3ec081fd25/rsna_breast_cancer_detection/train_images/25550/1138491602.dcm,1138491602.dcm,25550,1138491602,1664,2048,25550,1138491602,L,MLO,1,/media/angualberto/423ff97c-bf80-4bc9-9621-cf3ec081fd25/rsna_breast_cancer_detection/train_images/25550/1138491602.dcm,test
SEM_NODULO,/media/angualberto/423ff97c-bf80-4bc9-9621-cf3ec081fd25/rsna_breast_cancer_detection/train_images/25550/1339448027.dcm,1339448027.dcm,25550,1339448027,1664,2048,25550,1339448027,R,MLO,0,/media/angualberto/423ff97c-bf80-4bc9-9621-cf3ec081fd25/rsna_breast_cancer_detection/train_images/25550/1339448027.dcm,test
SEM_NODULO,/media/angualberto/423ff97c-bf80-4bc9-9621-cf3ec081fd25/rsna_breast_cancer_detection/train_images/25550/2133103871.dcm,2133103871.dcm,25550,2133103871,1664,2048,25550,2133103871,R,CC,0,/media/angualberto/423ff97c-bf80-4bc9-9621-cf3ec081fd25/rsna_breast_cancer_detection/train_images/25550/2133103871.dcm,test
NODULO,/media/angualberto/423ff97c-bf80-4bc9-9621-cf3ec081fd25/rsna_breast_cancer_detection/train_images/25550/343750555.dcm,343750555.dcm,25550,343750555,1664,2048,25550,343750555,L,CC,1,/media/angualberto/423ff97c-bf80-4bc9-9621-cf3ec081fd25/rsna_breast_cancer_detection/train_images/25550/343750555.dcm,test
SEM_NODULO,/media/angualberto/423ff97c-bf80-4bc9-9621-cf3ec081fd25/rsna_breast_cancer_detection/train_images/26086/1640896163.dcm,1640896163.dcm,26086,1640896163,1280,1664,26086,1640896163,L,CC,0,/media/angualberto/423ff97c-bf80-4bc9-9621-cf3ec081fd25/rsna_breast_cancer_detection/train_images/26086/1640896163.dcm,train
SEM_NODULO,/media/angualberto/423ff97c-bf80-4bc9-9621-cf3ec081fd25/rsna_breast_cancer_detection/train_images/26086/2093532708.dcm,2093532708.dcm,26086,2093532708,1280,1664,26086,2093532708,R,MLO,0,/media/angualberto/423ff97c-bf80-4bc9-9621-cf3ec081fd25/rsna_breast_cancer_detection/train_images/26086/2093532708.dcm,train
SEM_NODULO,/media/angualberto/423ff97c-bf80-4bc9-9621-cf3ec081fd25/rsna_breast_cancer_detection/train_images/26086/250987349.dcm,250987349.dcm,26086,250987349,1280,1664,26086,250987349,R,CC,0,/media/angualberto/423ff97c-bf80-4bc9-9621-cf3ec081fd25/rsna_breast_cancer_detection/train_images/26086/250987349.dcm,train
SEM_NODULO,/media/angualberto/423ff97c-bf80-4bc9-9621-cf3ec081fd25/rsna_breast_cancer_detection/train_images/26086/252109362.dcm,252109362.dcm,26086,252109362,1280,1664,26086,252109362,L,MLO,0,/media/angualberto/423ff97c-bf80-4bc9-9621-cf3ec081fd25/rsna_breast_cancer_detection/train_images/26086/252109362.dcm,train
SEM_NODULO,/media/angualberto/423ff97c-bf80-4bc9-9621-cf3ec081fd25/rsna_breast_cancer_detection/train_images/2612/1802348073.dcm,1802348073.dcm,2612,1802348073,1664,2048,2612,1802348073,R,MLO,0,/media/angualberto/423ff97c-bf80-4bc9-9621-cf3ec081fd25/rsna_breast_cancer_detection/train_images/2612/1802348073.dcm,train
SEM_NODULO,/media/angualberto/423ff97c-bf80-4bc9-9621-cf3ec081fd25/rsna_breast_cancer_detection/train_images/2612/2146340154.dcm,2146340154.dcm,2612,2146340154,1664,2048,2612,2146340154,L,CC,0,/media/angualberto/423ff97c-bf80-4bc9-9621-cf3ec081fd25/rsna_breast_cancer_detection/train_images/2612/2146340154.dcm,train
SEM_NODULO,/media/angualberto/423ff97c-bf80-4bc9-9621-cf3ec081fd25/rsna_breast_cancer_detection/train_images/2612/329275852.dcm,329275852.dcm,2612,329275852,1664,2048,2612,329275852,R,CC,0,/media/angualberto/423ff97c-bf80-4bc9-9621-cf3ec081fd25/rsna_breast_cancer_detection/train_images/2612/329275852.dcm,train
SEM_NODULO,/media/angualberto/423ff97c-bf80-4bc9-9621-cf3ec081fd25/rsna_breast_cancer_detection/train_images/2612/767222515.dcm,767222515.dcm,2612,767222515,1664,2048,2612,767222515,L,MLO,0,/media/angualberto/423ff97c-bf80-4bc9-9621-cf3ec081fd25/rsna_breast_cancer_detection/train_images/2612/767222515.dcm,train
SEM_NODULO,/media/angualberto/423ff97c-bf80-4bc9-9621-cf3ec081fd25/rsna_breast_cancer_detection/train_images/26161/13128429.dcm,13128429.dcm,26161,13128429,1664,2048,26161,13128429,R,MLO,0,/media/angualberto/423ff97c-bf80-4bc9-9621-cf3ec081fd25/rsna_breast_cancer_detection/train_images/26161/13128429.dcm,train
SEM_NODULO,/media/angualberto/423ff97c-bf80-4bc9-9621-cf3ec081fd25/rsna_breast_cancer_detection/train_images/26161/1721153152.dcm,1721153152.dcm,26161,1721153152,1664,2048,26161,1721153152,L,CC,0,/media/angualberto/423ff97c-bf80-4bc9-9621-cf3ec081fd25/rsna_breast_cancer_detection/train_images/26161/1721153152.dcm,train
SEM_NODULO,/media/angualberto/423ff97c-bf80-4bc9-9621-cf3ec081fd25/rsna_breast_cancer_detection/train_images/26161/2095705735.dcm,2095705735.dcm,26161,2095705735,1664,2048,26161,2095705735,L,MLO,0,/media/angualberto/423ff97c-bf80-4bc9-9621-cf3ec081fd25/rsna_breast_cancer_detection/train_images/26161/2095705735.dcm,train
SEM_NODULO,/media/angualberto/423ff97c-bf80-4bc9-9621-cf3ec081fd25/rsna_breast_cancer_detection/train_images/26161/810159147.dcm,810159147.dcm,26161,810159147,1664,2048,26161,810159147,R,CC,0,/media/angualberto/423ff97c-bf80-4bc9-9621-cf3ec081fd25/rsna_breast_cancer_detection/train_images/26161/810159147.dcm,train
NODULO,/media/angualberto/423ff97c-bf80-4bc9-9621-cf3ec081fd25/rsna_breast_cancer_detection/train_images/26232/1350576272.dcm,1350576272.dcm,26232,1350576272,1664,2048,26232,1350576272,L,CC,1,/media/angualberto/423ff97c-bf80-4bc9-9621-cf3ec081fd25/rsna_breast_cancer_detection/train_images/26232/1350576272.dcm,train
NODULO,/media/angualberto/423ff97c-bf80-4bc9-9621-cf3ec081fd25/rsna_breast_cancer_detection/train_images/26232/1378580532.dcm,1378580532.dcm,26232,1378580532,1664,2048,26232,1378580532,L,MLO,1,/media/angualberto/423ff97c-bf80-4bc9-9621-cf3ec081fd25/rsna_breast_cancer_detection/train_images/26232/1378580532.dcm,train
SEM_NODULO,/media/angualberto/423ff97c-bf80-4bc9-9621-cf3ec081fd25/rsna_breast_cancer_detection/train_images/26232/1637595664.dcm,1637595664.dcm,26232,1637595664,1664,2048,26232,1637595664,R,MLO,0,/media/angualberto/423ff97c-bf80-4bc9-9621-cf3ec081fd25/rsna_breast_cancer_detection/train_images/26232/1637595664.dcm,train
SEM_NODULO,/media/angualberto/423ff97c-bf80-4bc9-9621-cf3ec081fd25/rsna_breast_cancer_detection/train_images/26232/1929798815.dcm,1929798815.dcm,26232,1929798815,1664,2048,26232,1929798815,R,CC,0,/media/angualberto/423ff97c-bf80-4bc9-9621-cf3ec081fd25/rsna_breast_cancer_detection/train_images/26232/1929798815.dcm,train
SEM_NODULO,/media/angualberto/423ff97c-bf80-4bc9-9621-cf3ec081fd25/rsna_breast_cancer_detection/train_images/26232/526928038.dcm,526928038.dcm,26232,526928038,1664,2048,26232,526928038,R,MLO,0,/media/angualberto/423ff97c-bf80-4bc9-9621-cf3ec081fd25/rsna_breast_cancer_detection/train_images/26232/526928038.dcm,train
NODULO,/media/angualberto/423ff97c-bf80-4bc9-9621-cf3ec081fd25/rsna_breast_cancer_detection/train_images/26232/892289164.dcm,892289164.dcm,26232,892289164,1664,2048,26232,892289164,L,MLO,1,/media/angualberto/423ff97c-bf80-4bc9-9621-cf3ec081fd25/rsna_breast_cancer_detection/train_images/26232/892289164.dcm,train
SEM_NODULO,/media/angualberto/423ff97c-bf80-4bc9-9621-cf3ec081fd25/rsna_breast_cancer_detection/train_images/26688/1537527660.dcm,1537527660.dcm,26688,1537527660,1664,2048,26688,1537527660,R,CC,0,/media/angualberto/423ff97c-bf80-4bc9-9621-cf3ec081fd25/rsna_breast_cancer_detection/train_images/26688/1537527660.dcm,test
SEM_NODULO,/media/angualberto/423ff97c-bf80-4bc9-9621-cf3ec081fd25/rsna_breast_cancer_detection/train_images/26688/1555808219.dcm,1555808219.dcm,26688,1555808219,1664,2048,26688,1555808219,L,CC,0,/media/angualberto/423ff97c-bf80-4bc9-9621-cf3ec081fd25/rsna_breast_cancer_detection/train_images/26688/1555808219.dcm,test
SEM_NODULO,/media/angualberto/423ff97c-bf80-4bc9-9621-cf3ec081fd25/rsna_breast_cancer_detection/train_images/26688/592313451.dcm,592313451.dcm,26688,592313451,1664,2048,26688,592313451,R,MLO,0,/media/angualberto/423ff97c-bf80-4bc9-9621-cf3ec081fd25/rsna_breast_cancer_detection/train_images/26688/592313451.dcm,test
SEM_NODULO,/media/angualberto/423ff97c-bf80-4bc9-9621-cf3ec081fd25/rsna_breast_cancer_detection/train_images/26688/719185337.dcm,719185337.dcm,26688,719185337,1664,2048,26688,719185337,L,MLO,0,/media/angualberto/423ff97c-bf80-4bc9-9621-cf3ec081fd25/rsna_breast_cancer_detection/train_images/26688/719185337.dcm,test
SEM_NODULO,/media/angualberto/423ff97c-bf80-4bc9-9621-cf3ec081fd25/rsna_breast_cancer_detection/train_images/26700/1491484866.dcm,1491484866.dcm,26700,1491484866,1664,2048,26700,1491484866,L,MLO,0,/media/angualberto/423ff97c-bf80-4bc9-9621-cf3ec081fd25/rsna_breast_cancer_detection/train_images/26700/1491484866.dcm,train
NODULO,/media/angualberto/423ff97c-bf80-4bc9-9621-cf3ec081fd25/rsna_breast_cancer_detection/train_images/26700/1878879697.dcm,1878879697.dcm,26700,1878879697,1664,2048,26700,1878879697,R,MLO,1,/media/angualberto/423ff97c-bf80-4bc9-9621-cf3ec081fd25/rsna_breast_cancer_detection/train_images/26700/1878879697.dcm,train
SEM_NODULO,/media/angualberto/423ff97c-bf80-4bc9-9621-cf3ec081fd25/rsna_breast_cancer_detection/train_images/26700/2102825454.dcm,2102825454.dcm,26700,2102825454,1664,2048,26700,2102825454,L,CC,0,/media/angualberto/423ff97c-bf80-4bc9-9621-cf3ec081fd25/rsna_breast_cancer_detection/train_images/26700/2102825454.dcm,train
NODULO,/media/angualberto/423ff97c-bf80-4bc9-9621-cf3ec081fd25/rsna_breast_cancer_detection/train_images/26700/400752214.dcm,400752214.dcm,26700,400752214,1664,2048,26700,400752214,R,MLO,1,/media/angualberto/423ff97c-bf80-4bc9-9621-cf3ec081fd25/rsna_breast_cancer_detection/train_images/26700/400752214.dcm,train
NODULO,/media/angualberto/423ff97c-bf80-4bc9-9621-cf3ec081fd25/rsna_breast_cancer_detection/train_images/26700/476723525.dcm,476723525.dcm,26700,476723525,1664,2048,26700,476723525,R,CC,1,/media/angualberto/423ff97c-bf80-4bc9-9621-cf3ec081fd25/rsna_breast_cancer_detection/train_images/26700/476723525.dcm,train
SEM_NODULO,/media/angualberto/423ff97c-bf80-4bc9-9621-cf3ec081fd25/rsna_breast_cancer_detection/train_images/26700/520403143.dcm,520403143.dcm,26700,520403143,1664,2048,26700,520403143,L,CC,0,/media/angualberto/423ff97c-bf80-4bc9-9621-cf3ec081fd25/rsna_breast_cancer_detection/train_images/26700/520403143.dcm,train
NODULO,/media/angualberto/423ff97c-bf80-4bc9-9621-cf3ec081fd25/rsna_breast_cancer_detection/train_images/26700/88710137.dcm,88710137.dcm,26700,88710137,1664,2048,26700,88710137,R,CC,1,/media/angualberto/423ff97c-bf80-4bc9-9621-cf3ec081fd25/rsna_breast_cancer_detection/train_images/26700/88710137.dcm,train
SEM_NODULO,/media/angualberto/423ff97c-bf80-4bc9-9621-cf3ec081fd25/rsna_breast_cancer_detection/train_images/26862/1071510217.dcm,1071510217.dcm,26862,1071510217,1664,2048,26862,1071510217,L,CC,0,/media/angualberto/423ff97c-bf80-4bc9-9621-cf3ec081fd25/rsna_breast_cancer_detection/train_images/26862/1071510217.dcm,train
SEM_NODULO,/media/angualberto/423ff97c-bf80-4bc9-9621-cf3ec081fd25/rsna_breast_cancer_detection/train_images/26862/1651361506.dcm,1651361506.dcm,26862,1651361506,1664,2048,26862,1651361506,L,MLO,0,/media/angualberto/423ff97c-bf80-4bc9-9621-cf3ec081fd25/rsna_breast_cancer_detection/train_images/26862/1651361506.dcm,train
NODULO,/media/angualberto/423ff97c-bf80-4bc9-9621-cf3ec081fd25/rsna_breast_cancer_detection/train_images/26862/192415761.dcm,192415761.dcm,26862,192415761,1664,2048,26862,192415761,R,CC,1,/media/angualberto/423ff97c-bf80-4bc9-9621-cf3ec081fd25/rsna_breast_cancer_detection/train_images/26862/192415761.dcm,train
SEM_NODULO,/media/angualberto/423ff97c-bf80-4bc9-9621-cf3ec081fd25/rsna_breast_cancer_detection/train_images/26862/227398217.dcm,227398217.dcm,26862,227398217,1664,2048,26862,227398217,L,CC,0,/media/angualberto/423ff97c-bf80-4bc9-9621-cf3ec081fd25/rsna_breast_cancer_detection/train_images/26862/227398217.dcm,train
NODULO,/media/angualberto/423ff97c-bf80-4bc9-9621-cf3ec081fd25/rsna_breast_cancer_detection/train_images/26862/295341643.dcm,295341643.dcm,26862,295341643,1664,2048,26862,295341643,R,CC,1,/media/angualberto/423ff97c-bf80-4bc9-9621-cf3ec081fd25/rsna_breast_cancer_detection/train_images/26862/295341643.dcm,train
NODULO,/media/angualberto/423ff97c-bf80-4bc9-9621-cf3ec081fd25/rsna_breast_cancer_detection/train_images/26862/914306111.dcm,914306111.dcm,26862,914306111,1664,2048,26862,914306111,R,MLO,1,/media/angualberto/423ff97c-bf80-4bc9-9621-cf3ec081fd25/rsna_breast_cancer_detection/train_images/26862/914306111.dcm,train
SEM_NODULO,/media/angualberto/423ff97c-bf80-4bc9-9621-cf3ec081fd25/rsna_breast_cancer_detection/train_images/26974/1067772185.dcm,1067772185.dcm,26974,1067772185,1664,2048,26974,1067772185,L,CC,0,/media/angualberto/423ff97c-bf80-4bc9-9621-cf3ec081fd25/rsna_breast_cancer_detection/train_images/26974/1067772185.dcm,train
SEM_NODULO,/media/angualberto/423ff97c-bf80-4bc9-9621-cf3ec081fd25/rsna_breast_cancer_detection/train_images/26974/1417334739.dcm,1417334739.dcm,26974,1417334739,1664,2048,26974,1417334739,L,MLO,0,/media/angualberto/423ff97c-bf80-4bc9-9621-cf3ec081fd25/rsna_breast_cancer_detection/train_images/26974/1417334739.dcm,train
NODULO,/media/angualberto/423ff97c-bf80-4bc9-9621-cf3ec081fd25/rsna_breast_cancer_detection/train_images/26974/592583896.dcm,592583896.dcm,26974,592583896,1664,2048,26974,592583896,R,MLO,1,/media/angualberto/423ff97c-bf80-4bc9-9621-cf3ec081fd25/rsna_breast_cancer_detection/train_images/26974/592583896.dcm,train
NODULO,/media/angualberto/423ff97c-bf80-4bc9-9621-cf3ec081fd25/rsna_breast_cancer_detection/train_images/26974/744299051.dcm,744299051.dcm,26974,744299051,1664,2048,26974,744299051,R,CC,1,/media/angualberto/423ff97c-bf80-4bc9-9621-cf3ec081fd25/rsna_breast_cancer_detection/train_images/26974/744299051.dcm,train
SEM_NODULO,/media/angualberto/423ff97c-bf80-4bc9-9621-cf3ec081fd25/rsna_breast_cancer_detection/train_images/27089/1254665194.dcm,1254665194.dcm,27089,1254665194,1280,1664,27089,1254665194,L,CC,0,/media/angualberto/423ff97c-bf80-4bc9-9621-cf3ec081fd25/rsna_breast_cancer_detection/train_images/27089/1254665194.dcm,test
SEM_NODULO,/media/angualberto/423ff97c-bf80-4bc9-9621-cf3ec081fd25/rsna_breast_cancer_detection/train_images/27089/2005117804.dcm,2005117804.dcm,27089,2005117804,1280,1664,27089,2005117804,R,CC,0,/media/angualberto/423ff97c-bf80-4bc9-9621-cf3ec081fd25/rsna_breast_cancer_detection/train_images/27089/2005117804.dcm,test
SEM_NODULO,/media/angualberto/423ff97c-bf80-4bc9-9621-cf3ec081fd25/rsna_breast_cancer_detection/train_images/27089/979234200.dcm,979234200.dcm,27089,979234200,1280,1664,27089,979234200,L,MLO,0,/media/angualberto/423ff97c-bf80-4bc9-9621-cf3ec081fd25/rsna_breast_cancer_detection/train_images/27089/979234200.dcm,test
SEM_NODULO,/media/angualberto/423ff97c-bf80-4bc9-9621-cf3ec081fd25/rsna_breast_cancer_detection/train_images/27089/994443548.dcm,994443548.dcm,27089,994443548,1280,1664,27089,994443548,R,MLO,0,/media/angualberto/423ff97c-bf80-4bc9-9621-cf3ec081fd25/rsna_breast_cancer_detection/train_images/27089/994443548.dcm,test
SEM_NODULO,/media/angualberto/423ff97c-bf80-4bc9-9621-cf3ec081fd25/rsna_breast_cancer_detection/train_images/27122/348394819.dcm,348394819.dcm,27122,348394819,1280,1664,27122,348394819,R,CC,0,/media/angualberto/423ff97c-bf80-4bc9-9621-cf3ec081fd25/rsna_breast_cancer_detection/train_images/27122/348394819.dcm,train
SEM_NODULO,/media/angualberto/423ff97c-bf80-4bc9-9621-cf3ec081fd25/rsna_breast_cancer_detection/train_images/27122/875410151.dcm,875410151.dcm,27122,875410151,1280,1664,27122,875410151,L,MLO,0,/media/angualberto/423ff97c-bf80-4bc9-9621-cf3ec081fd25/rsna_breast_cancer_detection/train_images/27122/875410151.dcm,train
SEM_NODULO,/media/angualberto/423ff97c-bf80-4bc9-9621-cf3ec081fd25/rsna_breast_cancer_detection/train_images/27122/877606663.dcm,877606663.dcm,27122,877606663,1280,1664,27122,877606663,L,CC,0,/media/angualberto/423ff97c-bf80-4bc9-9621-cf3ec081fd25/rsna_breast_cancer_detection/train_images/27122/877606663.dcm,train
SEM_NODULO,/media/angualberto/423ff97c-bf80-4bc9-9621-cf3ec081fd25/rsna_breast_cancer_detection/train_images/27122/92831455.dcm,92831455.dcm,27122,92831455,1280,1664,27122,92831455,R,MLO,0,/media/angualberto/423ff97c-bf80-4bc9-9621-cf3ec081fd25/rsna_breast_cancer_detection/train_images/27122/92831455.dcm,train
SEM_NODULO,/media/angualberto/423ff97c-bf80-4bc9-9621-cf3ec081fd25/rsna_breast_cancer_detection/train_images/27253/1532669296.dcm,1532669296.dcm,27253,1532669296,1664,2048,27253,1532669296,R,CC,0,/media/angualberto/423ff97c-bf80-4bc9-9621-cf3ec081fd25/rsna_breast_cancer_detection/train_images/27253/1532669296.dcm,train
SEM_NODULO,/media/angualberto/423ff97c-bf80-4bc9-9621-cf3ec081fd25/rsna_breast_cancer_detection/train_images/27253/1919966478.dcm,1919966478.dcm,27253,1919966478,1664,2048,27253,1919966478,L,CC,0,/media/angualberto/423ff97c-bf80-4bc9-9621-cf3ec081fd25/rsna_breast_cancer_detection/train_images/27253/1919966478.dcm,train
SEM_NODULO,/media/angualberto/423ff97c-bf80-4bc9-9621-cf3ec081fd25/rsna_breast_cancer_detection/train_images/27253/239811079.dcm,239811079.dcm,27253,239811079,1664,2048,27253,239811079,R,MLO,0,/media/angualberto/423ff97c-bf80-4bc9-9621-cf3ec081fd25/rsna_breast_cancer_detection/train_images/27253/239811079.dcm,train
SEM_NODULO,/media/angualberto/423ff97c-bf80-4bc9-9621-cf3ec081fd25/rsna_breast_cancer_detection/train_images/27253/532094957.dcm,532094957.dcm,27253,532094957,1664,2048,27253,532094957,L,MLO,0,/media/angualberto/423ff97c-bf80-4bc9-9621-cf3ec081fd25/rsna_breast_cancer_detection/train_images/27253/532094957.dcm,train
SEM_NODULO,/media/angualberto/423ff97c-bf80-4bc9-9621-cf3ec081fd25/rsna_breast_cancer_detection/train_images/27386/160706400.dcm,160706400.dcm,27386,160706400,1664,2048,27386,160706400,L,CC,0,/media/angualberto/423ff97c-bf80-4bc9-9621-cf3ec081fd25/rsna_breast_cancer_detection/train_images/27386/160706400.dcm,train
SEM_NODULO,/media/angualberto/423ff97c-bf80-4bc9-9621-cf3ec081fd25/rsna_breast_cancer_detection/train_images/27386/163952238.dcm,163952238.dcm,27386,163952238,1664,2048,27386,163952238,R,CC,0,/media/angualberto/423ff97c-bf80-4bc9-9621-cf3ec081fd25/rsna_breast_cancer_detection/train_images/27386/163952238.dcm,train
SEM_NODULO,/media/angualberto/423ff97c-bf80-4bc9-9621-cf3ec081fd25/rsna_breast_cancer_detection/train_images/27386/165398919.dcm,165398919.dcm,27386,165398919,1664,2048,27386,165398919,R,MLO,0,/media/angualberto/423ff97c-bf80-4bc9-9621-cf3ec081fd25/rsna_breast_cancer_detection/train_images/27386/165398919.dcm,train
SEM_NODULO,/media/angualberto/423ff97c-bf80-4bc9-9621-cf3ec081fd25/rsna_breast_cancer_detection/train_images/27386/464134858.dcm,464134858.dcm,27386,464134858,1664,2048,27386,464134858,L,MLO,0,/media/angualberto/423ff97c-bf80-4bc9-9621-cf3ec081fd25/rsna_breast_cancer_detection/train_images/27386/464134858.dcm,train
SEM_NODULO,/media/angualberto/423ff97c-bf80-4bc9-9621-cf3ec081fd25/rsna_breast_cancer_detection/train_images/27691/1221824975.dcm,1221824975.dcm,27691,1221824975,1041,1388,27691,1221824975,L,CC,0,/media/angualberto/423ff97c-bf80-4bc9-9621-cf3ec081fd25/rsna_breast_cancer_detection/train_images/27691/1221824975.dcm,train
SEM_NODULO,/media/angualberto/423ff97c-bf80-4bc9-9621-cf3ec081fd25/rsna_breast_cancer_detection/train_images/27691/1879435969.dcm,1879435969.dcm,27691,1879435969,1041,1388,27691,1879435969,L,MLO,0,/media/angualberto/423ff97c-bf80-4bc9-9621-cf3ec081fd25/rsna_breast_cancer_detection/train_images/27691/1879435969.dcm,train
SEM_NODULO,/media/angualberto/423ff97c-bf80-4bc9-9621-cf3ec081fd25/rsna_breast_cancer_detection/train_images/27691/493685627.dcm,493685627.dcm,27691,493685627,1041,1388,27691,493685627,R,CC,0,/media/angualberto/423ff97c-bf80-4bc9-9621-cf3ec081fd25/rsna_breast_cancer_detection/train_images/27691/493685627.dcm,train
SEM_NODULO,/media/angualberto/423ff97c-bf80-4bc9-9621-cf3ec081fd25/rsna_breast_cancer_detection/train_images/27691/502799706.dcm,502799706.dcm,27691,502799706,1041,1388,27691,502799706,R,MLO,0,/media/angualberto/423ff97c-bf80-4bc9-9621-cf3ec081fd25/rsna_breast_cancer_detection/train_images/27691/502799706.dcm,train
SEM_NODULO,/media/angualberto/423ff97c-bf80-4bc9-9621-cf3ec081fd25/rsna_breast_cancer_detection/train_images/27804/1015802267.dcm,1015802267.dcm,27804,1015802267,1280,1664,27804,1015802267,L,CC,0,/media/angualberto/423ff97c-bf80-4bc9-9621-cf3ec081fd25/rsna_breast_cancer_detection/train_images/27804/1015802267.dcm,train
SEM_NODULO,/media/angualberto/423ff97c-bf80-4bc9-9621-cf3ec081fd25/rsna_breast_cancer_detection/train_images/27804/1502783459.dcm,1502783459.dcm,27804,1502783459,1280,1664,27804,1502783459,R,CC,0,/media/angualberto/423ff97c-bf80-4bc9-9621-cf3ec081fd25/rsna_breast_cancer_detection/train_images/27804/1502783459.dcm,train
SEM_NODULO,/media/angualberto/423ff97c-bf80-4bc9-9621-cf3ec081fd25/rsna_breast_cancer_detection/train_images/27804/1713356556.dcm,1713356556.dcm,27804,1713356556,1280,1664,27804,1713356556,L,MLO,0,/media/angualberto/423ff97c-bf80-4bc9-9621-cf3ec081fd25/rsna_breast_cancer_detection/train_images/27804/1713356556.dcm,train
SEM_NODULO,/media/angualberto/423ff97c-bf80-4bc9-9621-cf3ec081fd25/rsna_breast_cancer_detection/train_images/27804/324075908.dcm,324075908.dcm,27804,324075908,1280,1664,27804,324075908,R,MLO,0,/media/angualberto/423ff97c-bf80-4bc9-9621-cf3ec081fd25/rsna_breast_cancer_detection/train_images/27804/324075908.dcm,train
SEM_NODULO,/media/angualberto/423ff97c-bf80-4bc9-9621-cf3ec081fd25/rsna_breast_cancer_detection/train_images/27890/1357694739.dcm,1357694739.dcm,27890,1357694739,1280,1664,27890,1357694739,L,CC,0,/media/angualberto/423ff97c-bf80-4bc9-9621-cf3ec081fd25/rsna_breast_cancer_detection/train_images/27890/1357694739.dcm,train
NODULO,/media/angualberto/423ff97c-bf80-4bc9-9621-cf3ec081fd25/rsna_breast_cancer_detection/train_images/27890/19542040.dcm,19542040.dcm,27890,19542040,1280,1664,27890,19542040,R,MLO,1,/media/angualberto/423ff97c-bf80-4bc9-9621-cf3ec081fd25/rsna_breast_cancer_detection/train_images/27890/19542040.dcm,train
NODULO,/media/angualberto/423ff97c-bf80-4bc9-9621-cf3ec081fd25/rsna_breast_cancer_detection/train_images/27890/2019930622.dcm,2019930622.dcm,27890,2019930622,1280,1664,27890,2019930622,R,CC,1,/media/angualberto/423ff97c-bf80-4bc9-9621-cf3ec081fd25/rsna_breast_cancer_detection/train_images/27890/2019930622.dcm,train
SEM_NODULO,/media/angualberto/423ff97c-bf80-4bc9-9621-cf3ec081fd25/rsna_breast_cancer_detection/train_images/27890/971594840.dcm,971594840.dcm,27890,971594840,1280,1664,27890,971594840,L,MLO,0,/media/angualberto/423ff97c-bf80-4bc9-9621-cf3ec081fd25/rsna_breast_cancer_detection/train_images/27890/971594840.dcm,train
SEM_NODULO,/media/angualberto/423ff97c-bf80-4bc9-9621-cf3ec081fd25/rsna_breast_cancer_detection/train_images/27993/123317612.dcm,123317612.dcm,27993,123317612,2457,2677,27993,123317612,R,MLO,0,/media/angualberto/423ff97c-bf80-4bc9-9621-cf3ec081fd25/rsna_breast_cancer_detection/train_images/27993/123317612.dcm,train
SEM_NODULO,/media/angualberto/423ff97c-bf80-4bc9-9621-cf3ec081fd25/rsna_breast_cancer_detection/train_images/27993/1893113149.dcm,1893113149.dcm,27993,1893113149,2457,2677,27993,1893113149,R,CC,0,/media/angualberto/423ff97c-bf80-4bc9-9621-cf3ec081fd25/rsna_breast_cancer_detection/train_images/27993/1893113149.dcm,train
SEM_NODULO,/media/angualberto/423ff97c-bf80-4bc9-9621-cf3ec081fd25/rsna_breast_cancer_detection/train_images/27993/281689537.dcm,281689537.dcm,27993,281689537,2457,2677,27993,281689537,L,CC,0,/media/angualberto/423ff97c-bf80-4bc9-9621-cf3ec081fd25/rsna_breast_cancer_detection/train_images/27993/281689537.dcm,train
SEM_NODULO,/media/angualberto/423ff97c-bf80-4bc9-9621-cf3ec081fd25/rsna_breast_cancer_detection/train_images/27993/458751727.dcm,458751727.dcm,27993,458751727,2457,2677,27993,458751727,L,MLO,0,/media/angualberto/423ff97c-bf80-4bc9-9621-cf3ec081fd25/rsna_breast_cancer_detection/train_images/27993/458751727.dcm,train
SEM_NODULO,/media/angualberto/423ff97c-bf80-4bc9-9621-cf3ec081fd25/rsna_breast_cancer_detection/train_images/28099/1286240394.dcm,1286240394.dcm,28099,1286240394,2457,2677,28099,1286240394,R,MLO,0,/media/angualberto/423ff97c-bf80-4bc9-9621-cf3ec081fd25/rsna_breast_cancer_detection/train_images/28099/1286240394.dcm,train
SEM_NODULO,/media/angualberto/423ff97c-bf80-4bc9-9621-cf3ec081fd25/rsna_breast_cancer_detection/train_images/28099/199450073.dcm,199450073.dcm,28099,199450073,2457,2677,28099,199450073,R,CC,0,/media/angualberto/423ff97c-bf80-4bc9-9621-cf3ec081fd25/rsna_breast_cancer_detection/train_images/28099/199450073.dcm,train
SEM_NODULO,/media/angualberto/423ff97c-bf80-4bc9-9621-cf3ec081fd25/rsna_breast_cancer_detection/train_images/28099/926608092.dcm,926608092.dcm,28099,926608092,2457,2677,28099,926608092,L,MLO,0,/media/angualberto/423ff97c-bf80-4bc9-9621-cf3ec081fd25/rsna_breast_cancer_detection/train_images/28099/926608092.dcm,train
SEM_NODULO,/media/angualberto/423ff97c-bf80-4bc9-9621-cf3ec081fd25/rsna_breast_cancer_detection/train_images/28099/949442019.dcm,949442019.dcm,28099,949442019,2457,2677,28099,949442019,L,CC,0,/media/angualberto/423ff97c-bf80-4bc9-9621-cf3ec081fd25/rsna_breast_cancer_detection/train_images/28099/949442019.dcm,train
SEM_NODULO,/media/angualberto/423ff97c-bf80-4bc9-9621-cf3ec081fd25/rsna_breast_cancer_detection/train_images/28107/1027898986.dcm,1027898986.dcm,28107,1027898986,1664,2048,28107,1027898986,R,CC,0,/media/angualberto/423ff97c-bf80-4bc9-9621-cf3ec081fd25/rsna_breast_cancer_detection/train_images/28107/1027898986.dcm,train
SEM_NODULO,/media/angualberto/423ff97c-bf80-4bc9-9621-cf3ec081fd25/rsna_breast_cancer_detection/train_images/28107/1203645886.dcm,1203645886.dcm,28107,1203645886,1664,2048,28107,1203645886,L,CC,0,/media/angualberto/423ff97c-bf80-4bc9-9621-cf3ec081fd25/rsna_breast_cancer_detection/train_images/28107/1203645886.dcm,train
SEM_NODULO,/media/angualberto/423ff97c-bf80-4bc9-9621-cf3ec081fd25/rsna_breast_cancer_detection/train_images/28107/139636140.dcm,139636140.dcm,28107,139636140,1664,2048,28107,139636140,L,MLO,0,/media/angualberto/423ff97c-bf80-4bc9-9621-cf3ec081fd25/rsna_breast_cancer_detection/train_images/28107/139636140.dcm,train
SEM_NODULO,/media/angualberto/423ff97c-bf80-4bc9-9621-cf3ec081fd25/rsna_breast_cancer_detection/train_images/28107/2127200998.dcm,2127200998.dcm,28107,2127200998,1664,2048,28107,2127200998,R,MLO,0,/media/angualberto/423ff97c-bf80-4bc9-9621-cf3ec081fd25/rsna_breast_cancer_detection/train_images/28107/2127200998.dcm,train
SEM_NODULO,/media/angualberto/423ff97c-bf80-4bc9-9621-cf3ec081fd25/rsna_breast_cancer_detection/train_images/28107/896781958.dcm,896781958.dcm,28107,896781958,1664,2048,28107,896781958,L,CC,0,/media/angualberto/423ff97c-bf80-4bc9-9621-cf3ec081fd25/rsna_breast_cancer_detection/train_images/28107/896781958.dcm,train
SEM_NODULO,/media/angualberto/423ff97c-bf80-4bc9-9621-cf3ec081fd25/rsna_breast_cancer_detection/train_images/28298/1639917622.dcm,1639917622.dcm,28298,1639917622,2457,2677,28298,1639917622,R,MLO,0,/media/angualberto/423ff97c-bf80-4bc9-9621-cf3ec081fd25/rsna_breast_cancer_detection/train_images/28298/1639917622.dcm,train
SEM_NODULO,/media/angualberto/423ff97c-bf80-4bc9-9621-cf3ec081fd25/rsna_breast_cancer_detection/train_images/28298/1979847590.dcm,1979847590.dcm,28298,1979847590,2457,2677,28298,1979847590,L,MLO,0,/media/angualberto/423ff97c-bf80-4bc9-9621-cf3ec081fd25/rsna_breast_cancer_detection/train_images/28298/1979847590.dcm,train
SEM_NODULO,/media/angualberto/423ff97c-bf80-4bc9-9621-cf3ec081fd25/rsna_breast_cancer_detection/train_images/28298/2103339239.dcm,2103339239.dcm,28298,2103339239,2457,2677,28298,2103339239,L,CC,0,/media/angualberto/423ff97c-bf80-4bc9-9621-cf3ec081fd25/rsna_breast_cancer_detection/train_images/28298/2103339239.dcm,train
SEM_NODULO,/media/angualberto/423ff97c-bf80-4bc9-9621-cf3ec081fd25/rsna_breast_cancer_detection/train_images/28298/342679145.dcm,342679145.dcm,28298,342679145,2457,2677,28298,342679145,R,CC,0,/media/angualberto/423ff97c-bf80-4bc9-9621-cf3ec081fd25/rsna_breast_cancer_detection/train_images/28298/342679145.dcm,train
NODULO,/media/angualberto/423ff97c-bf80-4bc9-9621-cf3ec081fd25/rsna_breast_cancer_detection/train_images/283/1850429460.dcm,1850429460.dcm,283,1850429460,1041,1388,283,1850429460,R,MLO,1,/media/angualberto/423ff97c-bf80-4bc9-9621-cf3ec081fd25/rsna_breast_cancer_detection/train_images/283/1850429460.dcm,train
SEM_NODULO,/media/angualberto/423ff97c-bf80-4bc9-9621-cf3ec081fd25/rsna_breast_cancer_detection/train_images/283/2019013000.dcm,2019013000.dcm,283,2019013000,1041,1388,283,2019013000,L,MLO,0,/media/angualberto/423ff97c-bf80-4bc9-9621-cf3ec081fd25/rsna_breast_cancer_detection/train_images/283/2019013000.dcm,train
NODULO,/media/angualberto/423ff97c-bf80-4bc9-9621-cf3ec081fd25/rsna_breast_cancer_detection/train_images/283/352547246.dcm,352547246.dcm,283,352547246,1041,1388,283,352547246,R,CC,1,/media/angualberto/423ff97c-bf80-4bc9-9621-cf3ec081fd25/rsna_breast_cancer_detection/train_images/283/352547246.dcm,train
SEM_NODULO,/media/angualberto/423ff97c-bf80-4bc9-9621-cf3ec081fd25/rsna_breast_cancer_detection/train_images/283/494974784.dcm,494974784.dcm,283,494974784,1041,1388,283,494974784,L,CC,0,/media/angualberto/423ff97c-bf80-4bc9-9621-cf3ec081fd25/rsna_breast_cancer_detection/train_images/283/494974784.dcm,train
SEM_NODULO,/media/angualberto/423ff97c-bf80-4bc9-9621-cf3ec081fd25/rsna_breast_cancer_detection/train_images/28382/1532237234.dcm,1532237234.dcm,28382,1532237234,2457,2677,28382,1532237234,L,MLO,0,/media/angualberto/423ff97c-bf80-4bc9-9621-cf3ec081fd25/rsna_breast_cancer_detection/train_images/28382/1532237234.dcm,train
SEM_NODULO,/media/angualberto/423ff97c-bf80-4bc9-9621-cf3ec081fd25/rsna_breast_cancer_detection/train_images/28382/360247761.dcm,360247761.dcm,28382,360247761,2457,2677,28382,360247761,R,CC,0,/media/angualberto/423ff97c-bf80-4bc9-9621-cf3ec081fd25/rsna_breast_cancer_detection/train_images/28382/360247761.dcm,train
SEM_NODULO,/media/angualberto/423ff97c-bf80-4bc9-9621-cf3ec081fd25/rsna_breast_cancer_detection/train_images/28382/477297358.dcm,477297358.dcm,28382,477297358,2457,2677,28382,477297358,L,CC,0,/media/angualberto/423ff97c-bf80-4bc9-9621-cf3ec081fd25/rsna_breast_cancer_detection/train_images/28382/477297358.dcm,train
SEM_NODULO,/media/angualberto/423ff97c-bf80-4bc9-9621-cf3ec081fd25/rsna_breast_cancer_detection/train_images/28382/52027848.dcm,52027848.dcm,28382,52027848,2457,2677,28382,52027848,R,MLO,0,/media/angualberto/423ff97c-bf80-4bc9-9621-cf3ec081fd25/rsna_breast_cancer_detection/train_images/28382/52027848.dcm,train
NODULO,/media/angualberto/423ff97c-bf80-4bc9-9621-cf3ec081fd25/rsna_breast_cancer_detection/train_images/28620/1030603813.dcm,1030603813.dcm,28620,1030603813,1280,1664,28620,1030603813,R,MLO,1,/media/angualberto/423ff97c-bf80-4bc9-9621-cf3ec081fd25/rsna_breast_cancer_detection/train_images/28620/1030603813.dcm,test
NODULO,/media/angualberto/423ff97c-bf80-4bc9-9621-cf3ec081fd25/rsna_breast_cancer_detection/train_images/28620/669303826.dcm,669303826.dcm,28620,669303826,1280,1664,28620,669303826,R,MLO,1,/media/angualberto/423ff97c-bf80-4bc9-9621-cf3ec081fd25/rsna_breast_cancer_detection/train_images/28620/669303826.dcm,test
SEM_NODULO,/media/angualberto/423ff97c-bf80-4bc9-9621-cf3ec081fd25/rsna_breast_cancer_detection/train_images/28620/678515696.dcm,678515696.dcm,28620,678515696,1280,1664,28620,678515696,L,CC,0,/media/angualberto/423ff97c-bf80-4bc9-9621-cf3ec081fd25/rsna_breast_cancer_detection/train_images/28620/678515696.dcm,test
NODULO,/media/angualberto/423ff97c-bf80-4bc9-9621-cf3ec081fd25/rsna_breast_cancer_detection/train_images/28620/685239979.dcm,685239979.dcm,28620,685239979,1280,1664,28620,685239979,R,CC,1,/media/angualberto/423ff97c-bf80-4bc9-9621-cf3ec081fd25/rsna_breast_cancer_detection/train_images/28620/685239979.dcm,test
SEM_NODULO,/media/angualberto/423ff97c-bf80-4bc9-9621-cf3ec081fd25/rsna_breast_cancer_detection/train_images/28620/851591267.dcm,851591267.dcm,28620,851591267,1280,1664,28620,851591267,L,MLO,0,/media/angualberto/423ff97c-bf80-4bc9-9621-cf3ec081fd25/rsna_breast_cancer_detection/train_images/28620/851591267.dcm,test
SEM_NODULO,/media/angualberto/423ff97c-bf80-4bc9-9621-cf3ec081fd25/rsna_breast_cancer_detection/train_images/28634/1323315715.dcm,1323315715.dcm,28634,1323315715,1664,2048,28634,1323315715,L,CC,0,/media/angualberto/423ff97c-bf80-4bc9-9621-cf3ec081fd25/rsna_breast_cancer_detection/train_images/28634/1323315715.dcm,test
SEM_NODULO,/media/angualberto/423ff97c-bf80-4bc9-9621-cf3ec081fd25/rsna_breast_cancer_detection/train_images/28634/142177734.dcm,142177734.dcm,28634,142177734,1664,2048,28634,142177734,L,MLO,0,/media/angualberto/423ff97c-bf80-4bc9-9621-cf3ec081fd25/rsna_breast_cancer_detection/train_images/28634/142177734.dcm,test
NODULO,/media/angualberto/423ff97c-bf80-4bc9-9621-cf3ec081fd25/rsna_breast_cancer_detection/train_images/28634/1562558660.dcm,1562558660.dcm,28634,1562558660,1664,2048,28634,1562558660,R,MLO,1,/media/angualberto/423ff97c-bf80-4bc9-9621-cf3ec081fd25/rsna_breast_cancer_detection/train_images/28634/1562558660.dcm,test
NODULO,/media/angualberto/423ff97c-bf80-4bc9-9621-cf3ec081fd25/rsna_breast_cancer_detection/train_images/28634/1961468653.dcm,1961468653.dcm,28634,1961468653,1664,2048,28634,1961468653,R,CC,1,/media/angualberto/423ff97c-bf80-4bc9-9621-cf3ec081fd25/rsna_breast_cancer_detection/train_images/28634/1961468653.dcm,test
NODULO,/media/angualberto/423ff97c-bf80-4bc9-9621-cf3ec081fd25/rsna_breast_cancer_detection/train_images/28748/1159321127.dcm,1159321127.dcm,28748,1159321127,1041,1388,28748,1159321127,R,CC,1,/media/angualberto/423ff97c-bf80-4bc9-9621-cf3ec081fd25/rsna_breast_cancer_detection/train_images/28748/1159321127.dcm,train
NODULO,/media/angualberto/423ff97c-bf80-4bc9-9621-cf3ec081fd25/rsna_breast_cancer_detection/train_images/28748/1447554621.dcm,1447554621.dcm,28748,1447554621,1041,1388,28748,1447554621,R,MLO,1,/media/angualberto/423ff97c-bf80-4bc9-9621-cf3ec081fd25/rsna_breast_cancer_detection/train_images/28748/1447554621.dcm,train
SEM_NODULO,/media/angualberto/423ff97c-bf80-4bc9-9621-cf3ec081fd25/rsna_breast_cancer_detection/train_images/28748/1612619104.dcm,1612619104.dcm,28748,1612619104,1041,1388,28748,1612619104,L,CC,0,/media/angualberto/423ff97c-bf80-4bc9-9621-cf3ec081fd25/rsna_breast_cancer_detection/train_images/28748/1612619104.dcm,train
SEM_NODULO,/media/angualberto/423ff97c-bf80-4bc9-9621-cf3ec081fd25/rsna_breast_cancer_detection/train_images/28748/328233023.dcm,328233023.dcm,28748,328233023,1041,1388,28748,328233023,L,MLO,0,/media/angualberto/423ff97c-bf80-4bc9-9621-cf3ec081fd25/rsna_breast_cancer_detection/train_images/28748/328233023.dcm,train
SEM_NODULO,/media/angualberto/423ff97c-bf80-4bc9-9621-cf3ec081fd25/rsna_breast_cancer_detection/train_images/292/108051053.dcm,108051053.dcm,292,108051053,1280,1664,292,108051053,R,MLO,0,/media/angualberto/423ff97c-bf80-4bc9-9621-cf3ec081fd25/rsna_breast_cancer_detection/train_images/292/108051053.dcm,train
SEM_NODULO,/media/angualberto/423ff97c-bf80-4bc9-9621-cf3ec081fd25/rsna_breast_cancer_detection/train_images/292/1573200094.dcm,1573200094.dcm,292,1573200094,1280,1664,292,1573200094,R,CC,0,/media/angualberto/423ff97c-bf80-4bc9-9621-cf3ec081fd25/rsna_breast_cancer_detection/train_images/292/1573200094.dcm,train
SEM_NODULO,/media/angualberto/423ff97c-bf80-4bc9-9621-cf3ec081fd25/rsna_breast_cancer_detection/train_images/292/1957875814.dcm,1957875814.dcm,292,1957875814,1280,1664,292,1957875814,L,MLO,0,/media/angualberto/423ff97c-bf80-4bc9-9621-cf3ec081fd25/rsna_breast_cancer_detection/train_images/292/1957875814.dcm,train
SEM_NODULO,/media/angualberto/423ff97c-bf80-4bc9-9621-cf3ec081fd25/rsna_breast_cancer_detection/train_images/292/299589511.dcm,299589511.dcm,292,299589511,1280,1664,292,299589511,L,MLO,0,/media/angualberto/423ff97c-bf80-4bc9-9621-cf3ec081fd25/rsna_breast_cancer_detection/train_images/292/299589511.dcm,train
SEM_NODULO,/media/angualberto/423ff97c-bf80-4bc9-9621-cf3ec081fd25/rsna_breast_cancer_detection/train_images/292/38154743.dcm,38154743.dcm,292,38154743,1280,1664,292,38154743,L,CC,0,/media/angualberto/423ff97c-bf80-4bc9-9621-cf3ec081fd25/rsna_breast_cancer_detection/train_images/292/38154743.dcm,train
NODULO,/media/angualberto/423ff97c-bf80-4bc9-9621-cf3ec081fd25/rsna_breast_cancer_detection/train_images/30094/386067946.dcm,386067946.dcm,30094,386067946,1664,2048,30094,386067946,R,MLO,1,/media/angualberto/423ff97c-bf80-4bc9-9621-cf3ec081fd25/rsna_breast_cancer_detection/train_images/30094/386067946.dcm,train
SEM_NODULO,/media/angualberto/423ff97c-bf80-4bc9-9621-cf3ec081fd25/rsna_breast_cancer_detection/train_images/30094/432505254.dcm,432505254.dcm,30094,432505254,1664,2048,30094,432505254,L,MLO,0,/media/angualberto/423ff97c-bf80-4bc9-9621-cf3ec081fd25/rsna_breast_cancer_detection/train_images/30094/432505254.dcm,train
SEM_NODULO,/media/angualberto/423ff97c-bf80-4bc9-9621-cf3ec081fd25/rsna_breast_cancer_detection/train_images/30094/774081694.dcm,774081694.dcm,30094,774081694,1664,2048,30094,774081694,L,CC,0,/media/angualberto/423ff97c-bf80-4bc9-9621-cf3ec081fd25/rsna_breast_cancer_detection/train_images/30094/774081694.dcm,train
NODULO,/media/angualberto/423ff97c-bf80-4bc9-9621-cf3ec081fd25/rsna_breast_cancer_detection/train_images/30094/883863733.dcm,883863733.dcm,30094,883863733,1664,2048,30094,883863733,R,CC,1,/media/angualberto/423ff97c-bf80-4bc9-9621-cf3ec081fd25/rsna_breast_cancer_detection/train_images/30094/883863733.dcm,train
SEM_NODULO,/media/angualberto/423ff97c-bf80-4bc9-9621-cf3ec081fd25/rsna_breast_cancer_detection/train_images/30262/1266490908.dcm,1266490908.dcm,30262,1266490908,1041,1388,30262,1266490908,R,CC,0,/media/angualberto/423ff97c-bf80-4bc9-9621-cf3ec081fd25/rsna_breast_cancer_detection/train_images/30262/1266490908.dcm,train
SEM_NODULO,/media/angualberto/423ff97c-bf80-4bc9-9621-cf3ec081fd25/rsna_breast_cancer_detection/train_images/30262/1341819213.dcm,1341819213.dcm,30262,1341819213,1041,1388,30262,1341819213,R,MLO,0,/media/angualberto/423ff97c-bf80-4bc9-9621-cf3ec081fd25/rsna_breast_cancer_detection/train_images/30262/1341819213.dcm,train
NODULO,/media/angualberto/423ff97c-bf80-4bc9-9621-cf3ec081fd25/rsna_breast_cancer_detection/train_images/30262/1595178275.dcm,1595178275.dcm,30262,1595178275,1041,1388,30262,1595178275,L,MLO,1,/media/angualberto/423ff97c-bf80-4bc9-9621-cf3ec081fd25/rsna_breast_cancer_detection/train_images/30262/1595178275.dcm,train
NODULO,/media/angualberto/423ff97c-bf80-4bc9-9621-cf3ec081fd25/rsna_breast_cancer_detection/train_images/30262/1705776751.dcm,1705776751.dcm,30262,1705776751,1041,1388,30262,1705776751,L,CC,1,/media/angualberto/423ff97c-bf80-4bc9-9621-cf3ec081fd25/rsna_breast_cancer_detection/train_images/30262/1705776751.dcm,train
SEM_NODULO,/media/angualberto/423ff97c-bf80-4bc9-9621-cf3ec081fd25/rsna_breast_cancer_detection/train_images/30363/1032054956.dcm,1032054956.dcm,30363,1032054956,1041,1388,30363,1032054956,R,CC,0,/media/angualberto/423ff97c-bf80-4bc9-9621-cf3ec081fd25/rsna_breast_cancer_detection/train_images/30363/1032054956.dcm,test
NODULO,/media/angualberto/423ff97c-bf80-4bc9-9621-cf3ec081fd25/rsna_breast_cancer_detection/train_images/30363/1208063064.dcm,1208063064.dcm,30363,1208063064,1041,1388,30363,1208063064,L,MLO,1,/media/angualberto/423ff97c-bf80-4bc9-9621-cf3ec081fd25/rsna_breast_cancer_detection/train_images/30363/1208063064.dcm,test
SEM_NODULO,/media/angualberto/423ff97c-bf80-4bc9-9621-cf3ec081fd25/rsna_breast_cancer_detection/train_images/30363/1362904839.dcm,1362904839.dcm,30363,1362904839,1041,1388,30363,1362904839,R,CC,0,/media/angualberto/423ff97c-bf80-4bc9-9621-cf3ec081fd25/rsna_breast_cancer_detection/train_images/30363/1362904839.dcm,test
NODULO,/media/angualberto/423ff97c-bf80-4bc9-9621-cf3ec081fd25/rsna_breast_cancer_detection/train_images/30363/192291098.dcm,192291098.dcm,30363,192291098,1041,1388,30363,192291098,L,CC,1,/media/angualberto/423ff97c-bf80-4bc9-9621-cf3ec081fd25/rsna_breast_cancer_detection/train_images/30363/192291098.dcm,test
NODULO,/media/angualberto/423ff97c-bf80-4bc9-9621-cf3ec081fd25/rsna_breast_cancer_detection/train_images/30363/1951373756.dcm,1951373756.dcm,30363,1951373756,1041,1388,30363,1951373756,L,CC,1,/media/angualberto/423ff97c-bf80-4bc9-9621-cf3ec081fd25/rsna_breast_cancer_detection/train_images/30363/1951373756.dcm,test
SEM_NODULO,/media/angualberto/423ff97c-bf80-4bc9-9621-cf3ec081fd25/rsna_breast_cancer_detection/train_images/30363/53278727.dcm,53278727.dcm,30363,53278727,1041,1388,30363,53278727,R,MLO,0,/media/angualberto/423ff97c-bf80-4bc9-9621-cf3ec081fd25/rsna_breast_cancer_detection/train_images/30363/53278727.dcm,test
SEM_NODULO,/media/angualberto/423ff97c-bf80-4bc9-9621-cf3ec081fd25/rsna_breast_cancer_detection/train_images/30435/1029072430.dcm,1029072430.dcm,30435,1029072430,1664,2048,30435,1029072430,L,MLO,0,/media/angualberto/423ff97c-bf80-4bc9-9621-cf3ec081fd25/rsna_breast_cancer_detection/train_images/30435/1029072430.dcm,train
SEM_NODULO,/media/angualberto/423ff97c-bf80-4bc9-9621-cf3ec081fd25/rsna_breast_cancer_detection/train_images/30435/1087769040.dcm,1087769040.dcm,30435,1087769040,1664,2048,30435,1087769040,L,MLO,0,/media/angualberto/423ff97c-bf80-4bc9-9621-cf3ec081fd25/rsna_breast_cancer_detection/train_images/30435/1087769040.dcm,train
NODULO,/media/angualberto/423ff97c-bf80-4bc9-9621-cf3ec081fd25/rsna_breast_cancer_detection/train_images/30435/1261298563.dcm,1261298563.dcm,30435,1261298563,1664,2048,30435,1261298563,R,CC,1,/media/angualberto/423ff97c-bf80-4bc9-9621-cf3ec081fd25/rsna_breast_cancer_detection/train_images/30435/1261298563.dcm,train
NODULO,/media/angualberto/423ff97c-bf80-4bc9-9621-cf3ec081fd25/rsna_breast_cancer_detection/train_images/30435/137928966.dcm,137928966.dcm,30435,137928966,1664,2048,30435,137928966,R,MLO,1,/media/angualberto/423ff97c-bf80-4bc9-9621-cf3ec081fd25/rsna_breast_cancer_detection/train_images/30435/137928966.dcm,train
SEM_NODULO,/media/angualberto/423ff97c-bf80-4bc9-9621-cf3ec081fd25/rsna_breast_cancer_detection/train_images/30435/1634877223.dcm,1634877223.dcm,30435,1634877223,1664,2048,30435,1634877223,L,MLO,0,/media/angualberto/423ff97c-bf80-4bc9-9621-cf3ec081fd25/rsna_breast_cancer_detection/train_images/30435/1634877223.dcm,train
SEM_NODULO,/media/angualberto/423ff97c-bf80-4bc9-9621-cf3ec081fd25/rsna_breast_cancer_detection/train_images/30435/1649749593.dcm,1649749593.dcm,30435,1649749593,1664,2048,30435,1649749593,L,CC,0,/media/angualberto/423ff97c-bf80-4bc9-9621-cf3ec081fd25/rsna_breast_cancer_detection/train_images/30435/1649749593.dcm,train
NODULO,/media/angualberto/423ff97c-bf80-4bc9-9621-cf3ec081fd25/rsna_breast_cancer_detection/train_images/30435/63956271.dcm,63956271.dcm,30435,63956271,1664,2048,30435,63956271,R,CC,1,/media/angualberto/423ff97c-bf80-4bc9-9621-cf3ec081fd25/rsna_breast_cancer_detection/train_images/30435/63956271.dcm,train
NODULO,/media/angualberto/423ff97c-bf80-4bc9-9621-cf3ec081fd25/rsna_breast_cancer_detection/train_images/30435/766498043.dcm,766498043.dcm,30435,766498043,1664,2048,30435,766498043,R,MLO,1,/media/angualberto/423ff97c-bf80-4bc9-9621-cf3ec081fd25/rsna_breast_cancer_detection/train_images/30435/766498043.dcm,train
SEM_NODULO,/media/angualberto/423ff97c-bf80-4bc9-9621-cf3ec081fd25/rsna_breast_cancer_detection/train_images/30741/1755377185.dcm,1755377185.dcm,30741,1755377185,1770,2370,30741,1755377185,R,MLO,0,/media/angualberto/423ff97c-bf80-4bc9-9621-cf3ec081fd25/rsna_breast_cancer_detection/train_images/30741/1755377185.dcm,train
SEM_NODULO,/media/angualberto/423ff97c-bf80-4bc9-9621-cf3ec081fd25/rsna_breast_cancer_detection/train_images/30741/1799146246.dcm,1799146246.dcm,30741,1799146246,1770,2370,30741,1799146246,L,CC,0,/media/angualberto/423ff97c-bf80-4bc9-9621-cf3ec081fd25/rsna_breast_cancer_detection/train_images/30741/1799146246.dcm,train
SEM_NODULO,/media/angualberto/423ff97c-bf80-4bc9-9621-cf3ec081fd25/rsna_breast_cancer_detection/train_images/30741/1984284178.dcm,1984284178.dcm,30741,1984284178,1770,2370,30741,1984284178,L,MLO,0,/media/angualberto/423ff97c-bf80-4bc9-9621-cf3ec081fd25/rsna_breast_cancer_detection/train_images/30741/1984284178.dcm,train
SEM_NODULO,/media/angualberto/423ff97c-bf80-4bc9-9621-cf3ec081fd25/rsna_breast_cancer_detection/train_images/30741/849558309.dcm,849558309.dcm,30741,849558309,1770,2370,30741,849558309,R,CC,0,/media/angualberto/423ff97c-bf80-4bc9-9621-cf3ec081fd25/rsna_breast_cancer_detection/train_images/30741/849558309.dcm,train
NODULO,/media/angualberto/423ff97c-bf80-4bc9-9621-cf3ec081fd25/rsna_breast_cancer_detection/train_images/30836/1177448351.dcm,1177448351.dcm,30836,1177448351,1664,2048,30836,1177448351,L,MLO,1,/media/angualberto/423ff97c-bf80-4bc9-9621-cf3ec081fd25/rsna_breast_cancer_detection/train_images/30836/1177448351.dcm,train
SEM_NODULO,/media/angualberto/423ff97c-bf80-4bc9-9621-cf3ec081fd25/rsna_breast_cancer_detection/train_images/30836/1803637623.dcm,1803637623.dcm,30836,1803637623,1664,2048,30836,1803637623,R,CC,0,/media/angualberto/423ff97c-bf80-4bc9-9621-cf3ec081fd25/rsna_breast_cancer_detection/train_images/30836/1803637623.dcm,train
NODULO,/media/angualberto/423ff97c-bf80-4bc9-9621-cf3ec081fd25/rsna_breast_cancer_detection/train_images/30836/281143250.dcm,281143250.dcm,30836,281143250,1664,2048,30836,281143250,L,CC,1,/media/angualberto/423ff97c-bf80-4bc9-9621-cf3ec081fd25/rsna_breast_cancer_detection/train_images/30836/281143250.dcm,train
SEM_NODULO,/media/angualberto/423ff97c-bf80-4bc9-9621-cf3ec081fd25/rsna_breast_cancer_detection/train_images/30836/615918137.dcm,615918137.dcm,30836,615918137,1664,2048,30836,615918137,R,MLO,0,/media/angualberto/423ff97c-bf80-4bc9-9621-cf3ec081fd25/rsna_breast_cancer_detection/train_images/30836/615918137.dcm,train
NODULO,/media/angualberto/423ff97c-bf80-4bc9-9621-cf3ec081fd25/rsna_breast_cancer_detection/train_images/30836/714251521.dcm,714251521.dcm,30836,714251521,1664,2048,30836,714251521,L,CC,1,/media/angualberto/423ff97c-bf80-4bc9-9621-cf3ec081fd25/rsna_breast_cancer_detection/train_images/30836/714251521.dcm,train
SEM_NODULO,/media/angualberto/423ff97c-bf80-4bc9-9621-cf3ec081fd25/rsna_breast_cancer_detection/train_images/31127/1139253649.dcm,1139253649.dcm,31127,1139253649,1041,1388,31127,1139253649,L,MLO,0,/media/angualberto/423ff97c-bf80-4bc9-9621-cf3ec081fd25/rsna_breast_cancer_detection/train_images/31127/1139253649.dcm,train
SEM_NODULO,/media/angualberto/423ff97c-bf80-4bc9-9621-cf3ec081fd25/rsna_breast_cancer_detection/train_images/31127/1585629228.dcm,1585629228.dcm,31127,1585629228,1041,1388,31127,1585629228,R,CC,0,/media/angualberto/423ff97c-bf80-4bc9-9621-cf3ec081fd25/rsna_breast_cancer_detection/train_images/31127/1585629228.dcm,train
SEM_NODULO,/media/angualberto/423ff97c-bf80-4bc9-9621-cf3ec081fd25/rsna_breast_cancer_detection/train_images/31127/207236408.dcm,207236408.dcm,31127,207236408,1041,1388,31127,207236408,L,CC,0,/media/angualberto/423ff97c-bf80-4bc9-9621-cf3ec081fd25/rsna_breast_cancer_detection/train_images/31127/207236408.dcm,train
SEM_NODULO,/media/angualberto/423ff97c-bf80-4bc9-9621-cf3ec081fd25/rsna_breast_cancer_detection/train_images/31127/698366371.dcm,698366371.dcm,31127,698366371,1041,1388,31127,698366371,R,MLO,0,/media/angualberto/423ff97c-bf80-4bc9-9621-cf3ec081fd25/rsna_breast_cancer_detection/train_images/31127/698366371.dcm,train
NODULO,/media/angualberto/423ff97c-bf80-4bc9-9621-cf3ec081fd25/rsna_breast_cancer_detection/train_images/31167/1081026517.dcm,1081026517.dcm,31167,1081026517,1041,1388,31167,1081026517,R,CC,1,/media/angualberto/423ff97c-bf80-4bc9-9621-cf3ec081fd25/rsna_breast_cancer_detection/train_images/31167/1081026517.dcm,train
SEM_NODULO,/media/angualberto/423ff97c-bf80-4bc9-9621-cf3ec081fd25/rsna_breast_cancer_detection/train_images/31167/1539040036.dcm,1539040036.dcm,31167,1539040036,1041,1388,31167,1539040036,L,MLO,0,/media/angualberto/423ff97c-bf80-4bc9-9621-cf3ec081fd25/rsna_breast_cancer_detection/train_images/31167/1539040036.dcm,train
SEM_NODULO,/media/angualberto/423ff97c-bf80-4bc9-9621-cf3ec081fd25/rsna_breast_cancer_detection/train_images/31167/1924307602.dcm,1924307602.dcm,31167,1924307602,1041,1388,31167,1924307602,L,CC,0,/media/angualberto/423ff97c-bf80-4bc9-9621-cf3ec081fd25/rsna_breast_cancer_detection/train_images/31167/1924307602.dcm,train
SEM_NODULO,/media/angualberto/423ff97c-bf80-4bc9-9621-cf3ec081fd25/rsna_breast_cancer_detection/train_images/31167/786310141.dcm,786310141.dcm,31167,786310141,1041,1388,31167,786310141,L,MLO,0,/media/angualberto/423ff97c-bf80-4bc9-9621-cf3ec081fd25/rsna_breast_cancer_detection/train_images/31167/786310141.dcm,train
NODULO,/media/angualberto/423ff97c-bf80-4bc9-9621-cf3ec081fd25/rsna_breast_cancer_detection/train_images/31167/792869761.dcm,792869761.dcm,31167,792869761,1041,1388,31167,792869761,R,MLO,1,/media/angualberto/423ff97c-bf80-4bc9-9621-cf3ec081fd25/rsna_breast_cancer_detection/train_images/31167/792869761.dcm,train
SEM_NODULO,/media/angualberto/423ff97c-bf80-4bc9-9621-cf3ec081fd25/rsna_breast_cancer_detection/train_images/31227/1043674531.dcm,1043674531.dcm,31227,1043674531,1664,2048,31227,1043674531,L,MLO,0,/media/angualberto/423ff97c-bf80-4bc9-9621-cf3ec081fd25/rsna_breast_cancer_detection/train_images/31227/1043674531.dcm,train
SEM_NODULO,/media/angualberto/423ff97c-bf80-4bc9-9621-cf3ec081fd25/rsna_breast_cancer_detection/train_images/31227/1655165391.dcm,1655165391.dcm,31227,1655165391,1664,2048,31227,1655165391,R,CC,0,/media/angualberto/423ff97c-bf80-4bc9-9621-cf3ec081fd25/rsna_breast_cancer_detection/train_images/31227/1655165391.dcm,train
SEM_NODULO,/media/angualberto/423ff97c-bf80-4bc9-9621-cf3ec081fd25/rsna_breast_cancer_detection/train_images/31227/1662566032.dcm,1662566032.dcm,31227,1662566032,1664,2048,31227,1662566032,R,MLO,0,/media/angualberto/423ff97c-bf80-4bc9-9621-cf3ec081fd25/rsna_breast_cancer_detection/train_images/31227/1662566032.dcm,train
SEM_NODULO,/media/angualberto/423ff97c-bf80-4bc9-9621-cf3ec081fd25/rsna_breast_cancer_detection/train_images/31227/1809794521.dcm,1809794521.dcm,31227,1809794521,1664,2048,31227,1809794521,L,CC,0,/media/angualberto/423ff97c-bf80-4bc9-9621-cf3ec081fd25/rsna_breast_cancer_detection/train_images/31227/1809794521.dcm,train
SEM_NODULO,/media/angualberto/423ff97c-bf80-4bc9-9621-cf3ec081fd25/rsna_breast_cancer_detection/train_images/31227/1892895614.dcm,1892895614.dcm,31227,1892895614,1664,2048,31227,1892895614,R,MLO,0,/media/angualberto/423ff97c-bf80-4bc9-9621-cf3ec081fd25/rsna_breast_cancer_detection/train_images/31227/1892895614.dcm,train
SEM_NODULO,/media/angualberto/423ff97c-bf80-4bc9-9621-cf3ec081fd25/rsna_breast_cancer_detection/train_images/31227/625778439.dcm,625778439.dcm,31227,625778439,1664,2048,31227,625778439,L,MLO,0,/media/angualberto/423ff97c-bf80-4bc9-9621-cf3ec081fd25/rsna_breast_cancer_detection/train_images/31227/625778439.dcm,train
SEM_NODULO,/media/angualberto/423ff97c-bf80-4bc9-9621-cf3ec081fd25/rsna_breast_cancer_detection/train_images/31440/1139839119.dcm,1139839119.dcm,31440,1139839119,1041,1388,31440,1139839119,R,MLO,0,/media/angualberto/423ff97c-bf80-4bc9-9621-cf3ec081fd25/rsna_breast_cancer_detection/train_images/31440/1139839119.dcm,train
SEM_NODULO,/media/angualberto/423ff97c-bf80-4bc9-9621-cf3ec081fd25/rsna_breast_cancer_detection/train_images/31440/1543680356.dcm,1543680356.dcm,31440,1543680356,1041,1388,31440,1543680356,R,CC,0,/media/angualberto/423ff97c-bf80-4bc9-9621-cf3ec081fd25/rsna_breast_cancer_detection/train_images/31440/1543680356.dcm,train
SEM_NODULO,/media/angualberto/423ff97c-bf80-4bc9-9621-cf3ec081fd25/rsna_breast_cancer_detection/train_images/31440/1741491677.dcm,1741491677.dcm,31440,1741491677,1041,1388,31440,1741491677,L,CC,0,/media/angualberto/423ff97c-bf80-4bc9-9621-cf3ec081fd25/rsna_breast_cancer_detection/train_images/31440/1741491677.dcm,train
SEM_NODULO,/media/angualberto/423ff97c-bf80-4bc9-9621-cf3ec081fd25/rsna_breast_cancer_detection/train_images/31440/1775912335.dcm,1775912335.dcm,31440,1775912335,1041,1388,31440,1775912335,L,MLO,0,/media/angualberto/423ff97c-bf80-4bc9-9621-cf3ec081fd25/rsna_breast_cancer_detection/train_images/31440/1775912335.dcm,train
SEM_NODULO,/media/angualberto/423ff97c-bf80-4bc9-9621-cf3ec081fd25/rsna_breast_cancer_detection/train_images/31837/1307666945.dcm,1307666945.dcm,31837,1307666945,1664,2048,31837,1307666945,R,MLO,0,/media/angualberto/423ff97c-bf80-4bc9-9621-cf3ec081fd25/rsna_breast_cancer_detection/train_images/31837/1307666945.dcm,test
SEM_NODULO,/media/angualberto/423ff97c-bf80-4bc9-9621-cf3ec081fd25/rsna_breast_cancer_detection/train_images/31837/1892798419.dcm,1892798419.dcm,31837,1892798419,1664,2048,31837,1892798419,R,MLO,0,/media/angualberto/423ff97c-bf80-4bc9-9621-cf3ec081fd25/rsna_breast_cancer_detection/train_images/31837/1892798419.dcm,test
SEM_NODULO,/media/angualberto/423ff97c-bf80-4bc9-9621-cf3ec081fd25/rsna_breast_cancer_detection/train_images/31837/383357156.dcm,383357156.dcm,31837,383357156,1664,2048,31837,383357156,R,CC,0,/media/angualberto/423ff97c-bf80-4bc9-9621-cf3ec081fd25/rsna_breast_cancer_detection/train_images/31837/383357156.dcm,test
SEM_NODULO,/media/angualberto/423ff97c-bf80-4bc9-9621-cf3ec081fd25/rsna_breast_cancer_detection/train_images/31837/75565376.dcm,75565376.dcm,31837,75565376,1664,2048,31837,75565376,L,MLO,0,/media/angualberto/423ff97c-bf80-4bc9-9621-cf3ec081fd25/rsna_breast_cancer_detection/train_images/31837/75565376.dcm,test
SEM_NODULO,/media/angualberto/423ff97c-bf80-4bc9-9621-cf3ec081fd25/rsna_breast_cancer_detection/train_images/31837/975635220.dcm,975635220.dcm,31837,975635220,1664,2048,31837,975635220,L,CC,0,/media/angualberto/423ff97c-bf80-4bc9-9621-cf3ec081fd25/rsna_breast_cancer_detection/train_images/31837/975635220.dcm,test
NODULO,/media/angualberto/423ff97c-bf80-4bc9-9621-cf3ec081fd25/rsna_breast_cancer_detection/train_images/32057/1045902748.dcm,1045902748.dcm,32057,1045902748,1664,2048,32057,1045902748,R,MLO,1,/media/angualberto/423ff97c-bf80-4bc9-9621-cf3ec081fd25/rsna_breast_cancer_detection/train_images/32057/1045902748.dcm,train
NODULO,/media/angualberto/423ff97c-bf80-4bc9-9621-cf3ec081fd25/rsna_breast_cancer_detection/train_images/32057/147064371.dcm,147064371.dcm,32057,147064371,1664,2048,32057,147064371,R,CC,1,/media/angualberto/423ff97c-bf80-4bc9-9621-cf3ec081fd25/rsna_breast_cancer_detection/train_images/32057/147064371.dcm,train
SEM_NODULO,/media/angualberto/423ff97c-bf80-4bc9-9621-cf3ec081fd25/rsna_breast_cancer_detection/train_images/32057/1915696865.dcm,1915696865.dcm,32057,1915696865,1664,2048,32057,1915696865,L,CC,0,/media/angualberto/423ff97c-bf80-4bc9-9621-cf3ec081fd25/rsna_breast_cancer_detection/train_images/32057/1915696865.dcm,train
SEM_NODULO,/media/angualberto/423ff97c-bf80-4bc9-9621-cf3ec081fd25/rsna_breast_cancer_detection/train_images/32057/1941501190.dcm,1941501190.dcm,32057,1941501190,1664,2048,32057,1941501190,L,MLO,0,/media/angualberto/423ff97c-bf80-4bc9-9621-cf3ec081fd25/rsna_breast_cancer_detection/train_images/32057/1941501190.dcm,train
NODULO,/media/angualberto/423ff97c-bf80-4bc9-9621-cf3ec081fd25/rsna_breast_cancer_detection/train_images/32057/269202549.dcm,269202549.dcm,32057,269202549,1664,2048,32057,269202549,R,MLO,1,/media/angualberto/423ff97c-bf80-4bc9-9621-cf3ec081fd25/rsna_breast_cancer_detection/train_images/32057/269202549.dcm,train
SEM_NODULO,/media/angualberto/423ff97c-bf80-4bc9-9621-cf3ec081fd25/rsna_breast_cancer_detection/train_images/32057/316203175.dcm,316203175.dcm,32057,316203175,1664,2048,32057,316203175,L,MLO,0,/media/angualberto/423ff97c-bf80-4bc9-9621-cf3ec081fd25/rsna_breast_cancer_detection/train_images/32057/316203175.dcm,train
SEM_NODULO,/media/angualberto/423ff97c-bf80-4bc9-9621-cf3ec081fd25/rsna_breast_cancer_detection/train_images/32517/1176244195.dcm,1176244195.dcm,32517,1176244195,1041,1388,32517,1176244195,L,MLO,0,/media/angualberto/423ff97c-bf80-4bc9-9621-cf3ec081fd25/rsna_breast_cancer_detection/train_images/32517/1176244195.dcm,train
SEM_NODULO,/media/angualberto/423ff97c-bf80-4bc9-9621-cf3ec081fd25/rsna_breast_cancer_detection/train_images/32517/1843903903.dcm,1843903903.dcm,32517,1843903903,1041,1388,32517,1843903903,L,CC,0,/media/angualberto/423ff97c-bf80-4bc9-9621-cf3ec081fd25/rsna_breast_cancer_detection/train_images/32517/1843903903.dcm,train
NODULO,/media/angualberto/423ff97c-bf80-4bc9-9621-cf3ec081fd25/rsna_breast_cancer_detection/train_images/32517/1892888100.dcm,1892888100.dcm,32517,1892888100,1041,1388,32517,1892888100,R,MLO,1,/media/angualberto/423ff97c-bf80-4bc9-9621-cf3ec081fd25/rsna_breast_cancer_detection/train_images/32517/1892888100.dcm,train
NODULO,/media/angualberto/423ff97c-bf80-4bc9-9621-cf3ec081fd25/rsna_breast_cancer_detection/train_images/32517/193351059.dcm,193351059.dcm,32517,193351059,1041,1388,32517,193351059,R,CC,1,/media/angualberto/423ff97c-bf80-4bc9-9621-cf3ec081fd25/rsna_breast_cancer_detection/train_images/32517/193351059.dcm,train
SEM_NODULO,/media/angualberto/423ff97c-bf80-4bc9-9621-cf3ec081fd25/rsna_breast_cancer_detection/train_images/32527/331519320.dcm,331519320.dcm,32527,331519320,1664,2048,32527,331519320,L,CC,0,/media/angualberto/423ff97c-bf80-4bc9-9621-cf3ec081fd25/rsna_breast_cancer_detection/train_images/32527/331519320.dcm,train
SEM_NODULO,/media/angualberto/423ff97c-bf80-4bc9-9621-cf3ec081fd25/rsna_breast_cancer_detection/train_images/32527/689865052.dcm,689865052.dcm,32527,689865052,1664,2048,32527,689865052,L,MLO,0,/media/angualberto/423ff97c-bf80-4bc9-9621-cf3ec081fd25/rsna_breast_cancer_detection/train_images/32527/689865052.dcm,train
NODULO,/media/angualberto/423ff97c-bf80-4bc9-9621-cf3ec081fd25/rsna_breast_cancer_detection/train_images/32527/701842729.dcm,701842729.dcm,32527,701842729,1664,2048,32527,701842729,R,MLO,1,/media/angualberto/423ff97c-bf80-4bc9-9621-cf3ec081fd25/rsna_breast_cancer_detection/train_images/32527/701842729.dcm,train
NODULO,/media/angualberto/423ff97c-bf80-4bc9-9621-cf3ec081fd25/rsna_breast_cancer_detection/train_images/32527/713303658.dcm,713303658.dcm,32527,713303658,1664,2048,32527,713303658,R,CC,1,/media/angualberto/423ff97c-bf80-4bc9-9621-cf3ec081fd25/rsna_breast_cancer_detection/train_images/32527/713303658.dcm,train
NODULO,/media/angualberto/423ff97c-bf80-4bc9-9621-cf3ec081fd25/rsna_breast_cancer_detection/train_images/32740/1816420208.dcm,1816420208.dcm,32740,1816420208,1664,2048,32740,1816420208,R,MLO,1,/media/angualberto/423ff97c-bf80-4bc9-9621-cf3ec081fd25/rsna_breast_cancer_detection/train_images/32740/1816420208.dcm,test
SEM_NODULO,/media/angualberto/423ff97c-bf80-4bc9-9621-cf3ec081fd25/rsna_breast_cancer_detection/train_images/32740/1845814115.dcm,1845814115.dcm,32740,1845814115,1664,2048,32740,1845814115,L,CC,0,/media/angualberto/423ff97c-bf80-4bc9-9621-cf3ec081fd25/rsna_breast_cancer_detection/train_images/32740/1845814115.dcm,test
NODULO,/media/angualberto/423ff97c-bf80-4bc9-9621-cf3ec081fd25/rsna_breast_cancer_detection/train_images/32740/185869010.dcm,185869010.dcm,32740,185869010,1664,2048,32740,185869010,R,CC,1,/media/angualberto/423ff97c-bf80-4bc9-9621-cf3ec081fd25/rsna_breast_cancer_detection/train_images/32740/185869010.dcm,test
NODULO,/media/angualberto/423ff97c-bf80-4bc9-9621-cf3ec081fd25/rsna_breast_cancer_detection/train_images/32740/208676208.dcm,208676208.dcm,32740,208676208,1664,2048,32740,208676208,R,MLO,1,/media/angualberto/423ff97c-bf80-4bc9-9621-cf3ec081fd25/rsna_breast_cancer_detection/train_images/32740/208676208.dcm,test
SEM_NODULO,/media/angualberto/423ff97c-bf80-4bc9-9621-cf3ec081fd25/rsna_breast_cancer_detection/train_images/32740/373557167.dcm,373557167.dcm,32740,373557167,1664,2048,32740,373557167,L,MLO,0,/media/angualberto/423ff97c-bf80-4bc9-9621-cf3ec081fd25/rsna_breast_cancer_detection/train_images/32740/373557167.dcm,test
SEM_NODULO,/media/angualberto/423ff97c-bf80-4bc9-9621-cf3ec081fd25/rsna_breast_cancer_detection/train_images/32881/1158899688.dcm,1158899688.dcm,32881,1158899688,1664,2048,32881,1158899688,R,CC,0,/media/angualberto/423ff97c-bf80-4bc9-9621-cf3ec081fd25/rsna_breast_cancer_detection/train_images/32881/1158899688.dcm,train
NODULO,/media/angualberto/423ff97c-bf80-4bc9-9621-cf3ec081fd25/rsna_breast_cancer_detection/train_images/32881/1524699538.dcm,1524699538.dcm,32881,1524699538,1664,2048,32881,1524699538,L,MLO,1,/media/angualberto/423ff97c-bf80-4bc9-9621-cf3ec081fd25/rsna_breast_cancer_detection/train_images/32881/1524699538.dcm,train
SEM_NODULO,/media/angualberto/423ff97c-bf80-4bc9-9621-cf3ec081fd25/rsna_breast_cancer_detection/train_images/32881/1791789524.dcm,1791789524.dcm,32881,1791789524,1664,2048,32881,1791789524,R,MLO,0,/media/angualberto/423ff97c-bf80-4bc9-9621-cf3ec081fd25/rsna_breast_cancer_detection/train_images/32881/1791789524.dcm,train
NODULO,/media/angualberto/423ff97c-bf80-4bc9-9621-cf3ec081fd25/rsna_breast_cancer_detection/train_images/32881/1900457997.dcm,1900457997.dcm,32881,1900457997,1664,2048,32881,1900457997,L,CC,1,/media/angualberto/423ff97c-bf80-4bc9-9621-cf3ec081fd25/rsna_breast_cancer_detection/train_images/32881/1900457997.dcm,train
SEM_NODULO,/media/angualberto/423ff97c-bf80-4bc9-9621-cf3ec081fd25/rsna_breast_cancer_detection/train_images/32911/1203689741.dcm,1203689741.dcm,32911,1203689741,1664,2048,32911,1203689741,L,CC,0,/media/angualberto/423ff97c-bf80-4bc9-9621-cf3ec081fd25/rsna_breast_cancer_detection/train_images/32911/1203689741.dcm,test
NODULO,/media/angualberto/423ff97c-bf80-4bc9-9621-cf3ec081fd25/rsna_breast_cancer_detection/train_images/32911/1468636829.dcm,1468636829.dcm,32911,1468636829,1664,2048,32911,1468636829,R,MLO,1,/media/angualberto/423ff97c-bf80-4bc9-9621-cf3ec081fd25/rsna_breast_cancer_detection/train_images/32911/1468636829.dcm,test
SEM_NODULO,/media/angualberto/423ff97c-bf80-4bc9-9621-cf3ec081fd25/rsna_breast_cancer_detection/train_images/32911/386276156.dcm,386276156.dcm,32911,386276156,1664,2048,32911,386276156,L,MLO,0,/media/angualberto/423ff97c-bf80-4bc9-9621-cf3ec081fd25/rsna_breast_cancer_detection/train_images/32911/386276156.dcm,test
NODULO,/media/angualberto/423ff97c-bf80-4bc9-9621-cf3ec081fd25/rsna_breast_cancer_detection/train_images/32911/957591701.dcm,957591701.dcm,32911,957591701,1664,2048,32911,957591701,R,CC,1,/media/angualberto/423ff97c-bf80-4bc9-9621-cf3ec081fd25/rsna_breast_cancer_detection/train_images/32911/957591701.dcm,test
SEM_NODULO,/media/angualberto/423ff97c-bf80-4bc9-9621-cf3ec081fd25/rsna_breast_cancer_detection/train_images/33041/1074482491.dcm,1074482491.dcm,33041,1074482491,1280,1664,33041,1074482491,R,CC,0,/media/angualberto/423ff97c-bf80-4bc9-9621-cf3ec081fd25/rsna_breast_cancer_detection/train_images/33041/1074482491.dcm,train
SEM_NODULO,/media/angualberto/423ff97c-bf80-4bc9-9621-cf3ec081fd25/rsna_breast_cancer_detection/train_images/33041/259644960.dcm,259644960.dcm,33041,259644960,1280,1664,33041,259644960,L,CC,0,/media/angualberto/423ff97c-bf80-4bc9-9621-cf3ec081fd25/rsna_breast_cancer_detection/train_images/33041/259644960.dcm,train
SEM_NODULO,/media/angualberto/423ff97c-bf80-4bc9-9621-cf3ec081fd25/rsna_breast_cancer_detection/train_images/33041/725152131.dcm,725152131.dcm,33041,725152131,1280,1664,33041,725152131,R,CC,0,/media/angualberto/423ff97c-bf80-4bc9-9621-cf3ec081fd25/rsna_breast_cancer_detection/train_images/33041/725152131.dcm,train
SEM_NODULO,/media/angualberto/423ff97c-bf80-4bc9-9621-cf3ec081fd25/rsna_breast_cancer_detection/train_images/33041/973014301.dcm,973014301.dcm,33041,973014301,1280,1664,33041,973014301,L,MLO,0,/media/angualberto/423ff97c-bf80-4bc9-9621-cf3ec081fd25/rsna_breast_cancer_detection/train_images/33041/973014301.dcm,train
SEM_NODULO,/media/angualberto/423ff97c-bf80-4bc9-9621-cf3ec081fd25/rsna_breast_cancer_detection/train_images/33041/984785068.dcm,984785068.dcm,33041,984785068,1280,1664,33041,984785068,R,MLO,0,/media/angualberto/423ff97c-bf80-4bc9-9621-cf3ec081fd25/rsna_breast_cancer_detection/train_images/33041/984785068.dcm,train
NODULO,/media/angualberto/423ff97c-bf80-4bc9-9621-cf3ec081fd25/rsna_breast_cancer_detection/train_images/33583/1017441251.dcm,1017441251.dcm,33583,1017441251,1280,1664,33583,1017441251,R,CC,1,/media/angualberto/423ff97c-bf80-4bc9-9621-cf3ec081fd25/rsna_breast_cancer_detection/train_images/33583/1017441251.dcm,train
SEM_NODULO,/media/angualberto/423ff97c-bf80-4bc9-9621-cf3ec081fd25/rsna_breast_cancer_detection/train_images/33583/1301721360.dcm,1301721360.dcm,33583,1301721360,1280,1664,33583,1301721360,L,MLO,0,/media/angualberto/423ff97c-bf80-4bc9-9621-cf3ec081fd25/rsna_breast_cancer_detection/train_images/33583/1301721360.dcm,train
SEM_NODULO,/media/angualberto/423ff97c-bf80-4bc9-9621-cf3ec081fd25/rsna_breast_cancer_detection/train_images/33583/132355752.dcm,132355752.dcm,33583,132355752,1280,1664,33583,132355752,L,CC,0,/media/angualberto/423ff97c-bf80-4bc9-9621-cf3ec081fd25/rsna_breast_cancer_detection/train_images/33583/132355752.dcm,train
NODULO,/media/angualberto/423ff97c-bf80-4bc9-9621-cf3ec081fd25/rsna_breast_cancer_detection/train_images/33583/326653717.dcm,326653717.dcm,33583,326653717,1280,1664,33583,326653717,R,MLO,1,/media/angualberto/423ff97c-bf80-4bc9-9621-cf3ec081fd25/rsna_breast_cancer_detection/train_images/33583/326653717.dcm,train
SEM_NODULO,/media/angualberto/423ff97c-bf80-4bc9-9621-cf3ec081fd25/rsna_breast_cancer_detection/train_images/33583/527092625.dcm,527092625.dcm,33583,527092625,1280,1664,33583,527092625,L,MLO,0,/media/angualberto/423ff97c-bf80-4bc9-9621-cf3ec081fd25/rsna_breast_cancer_detection/train_images/33583/527092625.dcm,train
SEM_NODULO,/media/angualberto/423ff97c-bf80-4bc9-9621-cf3ec081fd25/rsna_breast_cancer_detection/train_images/33583/852762995.dcm,852762995.dcm,33583,852762995,1280,1664,33583,852762995,L,CC,0,/media/angualberto/423ff97c-bf80-4bc9-9621-cf3ec081fd25/rsna_breast_cancer_detection/train_images/33583/852762995.dcm,train
SEM_NODULO,/media/angualberto/423ff97c-bf80-4bc9-9621-cf3ec081fd25/rsna_breast_cancer_detection/train_images/33588/1714156940.dcm,1714156940.dcm,33588,1714156940,1041,1388,33588,1714156940,R,CC,0,/media/angualberto/423ff97c-bf80-4bc9-9621-cf3ec081fd25/rsna_breast_cancer_detection/train_images/33588/1714156940.dcm,test
NODULO,/media/angualberto/423ff97c-bf80-4bc9-9621-cf3ec081fd25/rsna_breast_cancer_detection/train_images/33588/409921956.dcm,409921956.dcm,33588,409921956,1041,1388,33588,409921956,L,CC,1,/media/angualberto/423ff97c-bf80-4bc9-9621-cf3ec081fd25/rsna_breast_cancer_detection/train_images/33588/409921956.dcm,test
NODULO,/media/angualberto/423ff97c-bf80-4bc9-9621-cf3ec081fd25/rsna_breast_cancer_detection/train_images/33588/444459118.dcm,444459118.dcm,33588,444459118,1041,1388,33588,444459118,L,MLO,1,/media/angualberto/423ff97c-bf80-4bc9-9621-cf3ec081fd25/rsna_breast_cancer_detection/train_images/33588/444459118.dcm,test
SEM_NODULO,/media/angualberto/423ff97c-bf80-4bc9-9621-cf3ec081fd25/rsna_breast_cancer_detection/train_images/33588/645536823.dcm,645536823.dcm,33588,645536823,1041,1388,33588,645536823,R,MLO,0,/media/angualberto/423ff97c-bf80-4bc9-9621-cf3ec081fd25/rsna_breast_cancer_detection/train_images/33588/645536823.dcm,test
SEM_NODULO,/media/angualberto/423ff97c-bf80-4bc9-9621-cf3ec081fd25/rsna_breast_cancer_detection/train_images/33594/1821648417.dcm,1821648417.dcm,33594,1821648417,1041,1388,33594,1821648417,L,MLO,0,/media/angualberto/423ff97c-bf80-4bc9-9621-cf3ec081fd25/rsna_breast_cancer_detection/train_images/33594/1821648417.dcm,train
SEM_NODULO,/media/angualberto/423ff97c-bf80-4bc9-9621-cf3ec081fd25/rsna_breast_cancer_detection/train_images/33594/1959241067.dcm,1959241067.dcm,33594,1959241067,1041,1388,33594,1959241067,L,CC,0,/media/angualberto/423ff97c-bf80-4bc9-9621-cf3ec081fd25/rsna_breast_cancer_detection/train_images/33594/1959241067.dcm,train
NODULO,/media/angualberto/423ff97c-bf80-4bc9-9621-cf3ec081fd25/rsna_breast_cancer_detection/train_images/33594/525083202.dcm,525083202.dcm,33594,525083202,1041,1388,33594,525083202,R,CC,1,/media/angualberto/423ff97c-bf80-4bc9-9621-cf3ec081fd25/rsna_breast_cancer_detection/train_images/33594/525083202.dcm,train
NODULO,/media/angualberto/423ff97c-bf80-4bc9-9621-cf3ec081fd25/rsna_breast_cancer_detection/train_images/33594/77581347.dcm,77581347.dcm,33594,77581347,1041,1388,33594,77581347,R,MLO,1,/media/angualberto/423ff97c-bf80-4bc9-9621-cf3ec081fd25/rsna_breast_cancer_detection/train_images/33594/77581347.dcm,train
SEM_NODULO,/media/angualberto/423ff97c-bf80-4bc9-9621-cf3ec081fd25/rsna_breast_cancer_detection/train_images/33656/1510675936.dcm,1510675936.dcm,33656,1510675936,1280,1664,33656,1510675936,L,CC,0,/media/angualberto/423ff97c-bf80-4bc9-9621-cf3ec081fd25/rsna_breast_cancer_detection/train_images/33656/1510675936.dcm,train
SEM_NODULO,/media/angualberto/423ff97c-bf80-4bc9-9621-cf3ec081fd25/rsna_breast_cancer_detection/train_images/33656/316917520.dcm,316917520.dcm,33656,316917520,1280,1664,33656,316917520,R,CC,0,/media/angualberto/423ff97c-bf80-4bc9-9621-cf3ec081fd25/rsna_breast_cancer_detection/train_images/33656/316917520.dcm,train
SEM_NODULO,/media/angualberto/423ff97c-bf80-4bc9-9621-cf3ec081fd25/rsna_breast_cancer_detection/train_images/33656/445070147.dcm,445070147.dcm,33656,445070147,1280,1664,33656,445070147,L,MLO,0,/media/angualberto/423ff97c-bf80-4bc9-9621-cf3ec081fd25/rsna_breast_cancer_detection/train_images/33656/445070147.dcm,train
SEM_NODULO,/media/angualberto/423ff97c-bf80-4bc9-9621-cf3ec081fd25/rsna_breast_cancer_detection/train_images/33656/775213200.dcm,775213200.dcm,33656,775213200,1280,1664,33656,775213200,R,MLO,0,/media/angualberto/423ff97c-bf80-4bc9-9621-cf3ec081fd25/rsna_breast_cancer_detection/train_images/33656/775213200.dcm,train
SEM_NODULO,/media/angualberto/423ff97c-bf80-4bc9-9621-cf3ec081fd25/rsna_breast_cancer_detection/train_images/34053/1294076400.dcm,1294076400.dcm,34053,1294076400,1041,1388,34053,1294076400,R,CC,0,/media/angualberto/423ff97c-bf80-4bc9-9621-cf3ec081fd25/rsna_breast_cancer_detection/train_images/34053/1294076400.dcm,train
SEM_NODULO,/media/angualberto/423ff97c-bf80-4bc9-9621-cf3ec081fd25/rsna_breast_cancer_detection/train_images/34053/2115445237.dcm,2115445237.dcm,34053,2115445237,1041,1388,34053,2115445237,R,MLO,0,/media/angualberto/423ff97c-bf80-4bc9-9621-cf3ec081fd25/rsna_breast_cancer_detection/train_images/34053/2115445237.dcm,train
NODULO,/media/angualberto/423ff97c-bf80-4bc9-9621-cf3ec081fd25/rsna_breast_cancer_detection/train_images/34053/238449586.dcm,238449586.dcm,34053,238449586,1041,1388,34053,238449586,L,CC,1,/media/angualberto/423ff97c-bf80-4bc9-9621-cf3ec081fd25/rsna_breast_cancer_detection/train_images/34053/238449586.dcm,train
NODULO,/media/angualberto/423ff97c-bf80-4bc9-9621-cf3ec081fd25/rsna_breast_cancer_detection/train_images/34053/390797277.dcm,390797277.dcm,34053,390797277,1041,1388,34053,390797277,L,MLO,1,/media/angualberto/423ff97c-bf80-4bc9-9621-cf3ec081fd25/rsna_breast_cancer_detection/train_images/34053/390797277.dcm,train
SEM_NODULO,/media/angualberto/423ff97c-bf80-4bc9-9621-cf3ec081fd25/rsna_breast_cancer_detection/train_images/3416/1140777617.dcm,1140777617.dcm,3416,1140777617,1664,2048,3416,1140777617,L,MLO,0,/media/angualberto/423ff97c-bf80-4bc9-9621-cf3ec081fd25/rsna_breast_cancer_detection/train_images/3416/1140777617.dcm,test
SEM_NODULO,/media/angualberto/423ff97c-bf80-4bc9-9621-cf3ec081fd25/rsna_breast_cancer_detection/train_images/3416/137705147.dcm,137705147.dcm,3416,137705147,1664,2048,3416,137705147,L,CC,0,/media/angualberto/423ff97c-bf80-4bc9-9621-cf3ec081fd25/rsna_breast_cancer_detection/train_images/3416/137705147.dcm,test
SEM_NODULO,/media/angualberto/423ff97c-bf80-4bc9-9621-cf3ec081fd25/rsna_breast_cancer_detection/train_images/3416/1411708484.dcm,1411708484.dcm,3416,1411708484,1664,2048,3416,1411708484,L,MLO,0,/media/angualberto/423ff97c-bf80-4bc9-9621-cf3ec081fd25/rsna_breast_cancer_detection/train_images/3416/1411708484.dcm,test
SEM_NODULO,/media/angualberto/423ff97c-bf80-4bc9-9621-cf3ec081fd25/rsna_breast_cancer_detection/train_images/3416/1796613540.dcm,1796613540.dcm,3416,1796613540,1664,2048,3416,1796613540,R,CC,0,/media/angualberto/423ff97c-bf80-4bc9-9621-cf3ec081fd25/rsna_breast_cancer_detection/train_images/3416/1796613540.dcm,test
SEM_NODULO,/media/angualberto/423ff97c-bf80-4bc9-9621-cf3ec081fd25/rsna_breast_cancer_detection/train_images/3416/2114740136.dcm,2114740136.dcm,3416,2114740136,1664,2048,3416,2114740136,R,MLO,0,/media/angualberto/423ff97c-bf80-4bc9-9621-cf3ec081fd25/rsna_breast_cancer_detection/train_images/3416/2114740136.dcm,test
SEM_NODULO,/media/angualberto/423ff97c-bf80-4bc9-9621-cf3ec081fd25/rsna_breast_cancer_detection/train_images/3416/660772117.dcm,660772117.dcm,3416,660772117,1664,2048,3416,660772117,R,MLO,0,/media/angualberto/423ff97c-bf80-4bc9-9621-cf3ec081fd25/rsna_breast_cancer_detection/train_images/3416/660772117.dcm,test
SEM_NODULO,/media/angualberto/423ff97c-bf80-4bc9-9621-cf3ec081fd25/rsna_breast_cancer_detection/train_images/3416/71560205.dcm,71560205.dcm,3416,71560205,1664,2048,3416,71560205,L,CC,0,/media/angualberto/423ff97c-bf80-4bc9-9621-cf3ec081fd25/rsna_breast_cancer_detection/train_images/3416/71560205.dcm,test
SEM_NODULO,/media/angualberto/423ff97c-bf80-4bc9-9621-cf3ec081fd25/rsna_breast_cancer_detection/train_images/3416/792862245.dcm,792862245.dcm,3416,792862245,1664,2048,3416,792862245,R,CC,0,/media/angualberto/423ff97c-bf80-4bc9-9621-cf3ec081fd25/rsna_breast_cancer_detection/train_images/3416/792862245.dcm,test
SEM_NODULO,/media/angualberto/423ff97c-bf80-4bc9-9621-cf3ec081fd25/rsna_breast_cancer_detection/train_images/34204/1225940057.dcm,1225940057.dcm,34204,1225940057,2457,2677,34204,1225940057,L,CC,0,/media/angualberto/423ff97c-bf80-4bc9-9621-cf3ec081fd25/rsna_breast_cancer_detection/train_images/34204/1225940057.dcm,train
NODULO,/media/angualberto/423ff97c-bf80-4bc9-9621-cf3ec081fd25/rsna_breast_cancer_detection/train_images/34204/1657133169.dcm,1657133169.dcm,34204,1657133169,2457,2677,34204,1657133169,R,MLO,1,/media/angualberto/423ff97c-bf80-4bc9-9621-cf3ec081fd25/rsna_breast_cancer_detection/train_images/34204/1657133169.dcm,train
SEM_NODULO,/media/angualberto/423ff97c-bf80-4bc9-9621-cf3ec081fd25/rsna_breast_cancer_detection/train_images/34204/271257394.dcm,271257394.dcm,34204,271257394,2457,2677,34204,271257394,L,MLO,0,/media/angualberto/423ff97c-bf80-4bc9-9621-cf3ec081fd25/rsna_breast_cancer_detection/train_images/34204/271257394.dcm,train
NODULO,/media/angualberto/423ff97c-bf80-4bc9-9621-cf3ec081fd25/rsna_breast_cancer_detection/train_images/34204/813681757.dcm,813681757.dcm,34204,813681757,2457,2677,34204,813681757,R,CC,1,/media/angualberto/423ff97c-bf80-4bc9-9621-cf3ec081fd25/rsna_breast_cancer_detection/train_images/34204/813681757.dcm,train
NODULO,/media/angualberto/423ff97c-bf80-4bc9-9621-cf3ec081fd25/rsna_breast_cancer_detection/train_images/34987/1261226096.dcm,1261226096.dcm,34987,1261226096,1280,1664,34987,1261226096,L,MLO,1,/media/angualberto/423ff97c-bf80-4bc9-9621-cf3ec081fd25/rsna_breast_cancer_detection/train_images/34987/1261226096.dcm,train
SEM_NODULO,/media/angualberto/423ff97c-bf80-4bc9-9621-cf3ec081fd25/rsna_breast_cancer_detection/train_images/34987/1650181165.dcm,1650181165.dcm,34987,1650181165,1280,1664,34987,1650181165,R,MLO,0,/media/angualberto/423ff97c-bf80-4bc9-9621-cf3ec081fd25/rsna_breast_cancer_detection/train_images/34987/1650181165.dcm,train
SEM_NODULO,/media/angualberto/423ff97c-bf80-4bc9-9621-cf3ec081fd25/rsna_breast_cancer_detection/train_images/34987/252700958.dcm,252700958.dcm,34987,252700958,1280,1664,34987,252700958,R,CC,0,/media/angualberto/423ff97c-bf80-4bc9-9621-cf3ec081fd25/rsna_breast_cancer_detection/train_images/34987/252700958.dcm,train
NODULO,/media/angualberto/423ff97c-bf80-4bc9-9621-cf3ec081fd25/rsna_breast_cancer_detection/train_images/34987/562433892.dcm,562433892.dcm,34987,562433892,1280,1664,34987,562433892,L,CC,1,/media/angualberto/423ff97c-bf80-4bc9-9621-cf3ec081fd25/rsna_breast_cancer_detection/train_images/34987/562433892.dcm,train
NODULO,/media/angualberto/423ff97c-bf80-4bc9-9621-cf3ec081fd25/rsna_breast_cancer_detection/train_images/34991/1060947010.dcm,1060947010.dcm,34991,1060947010,1664,2048,34991,1060947010,R,MLO,1,/media/angualberto/423ff97c-bf80-4bc9-9621-cf3ec081fd25/rsna_breast_cancer_detection/train_images/34991/1060947010.dcm,train
NODULO,/media/angualberto/423ff97c-bf80-4bc9-9621-cf3ec081fd25/rsna_breast_cancer_detection/train_images/34991/1806825659.dcm,1806825659.dcm,34991,1806825659,1664,2048,34991,1806825659,R,MLO,1,/media/angualberto/423ff97c-bf80-4bc9-9621-cf3ec081fd25/rsna_breast_cancer_detection/train_images/34991/1806825659.dcm,train
SEM_NODULO,/media/angualberto/423ff97c-bf80-4bc9-9621-cf3ec081fd25/rsna_breast_cancer_detection/train_images/34991/2076049777.dcm,2076049777.dcm,34991,2076049777,1664,2048,34991,2076049777,L,MLO,0,/media/angualberto/423ff97c-bf80-4bc9-9621-cf3ec081fd25/rsna_breast_cancer_detection/train_images/34991/2076049777.dcm,train
SEM_NODULO,/media/angualberto/423ff97c-bf80-4bc9-9621-cf3ec081fd25/rsna_breast_cancer_detection/train_images/34991/222430307.dcm,222430307.dcm,34991,222430307,1664,2048,34991,222430307,L,MLO,0,/media/angualberto/423ff97c-bf80-4bc9-9621-cf3ec081fd25/rsna_breast_cancer_detection/train_images/34991/222430307.dcm,train
NODULO,/media/angualberto/423ff97c-bf80-4bc9-9621-cf3ec081fd25/rsna_breast_cancer_detection/train_images/34991/479738992.dcm,479738992.dcm,34991,479738992,1664,2048,34991,479738992,R,CC,1,/media/angualberto/423ff97c-bf80-4bc9-9621-cf3ec081fd25/rsna_breast_cancer_detection/train_images/34991/479738992.dcm,train
SEM_NODULO,/media/angualberto/423ff97c-bf80-4bc9-9621-cf3ec081fd25/rsna_breast_cancer_detection/train_images/34991/495457293.dcm,495457293.dcm,34991,495457293,1664,2048,34991,495457293,L,CC,0,/media/angualberto/423ff97c-bf80-4bc9-9621-cf3ec081fd25/rsna_breast_cancer_detection/train_images/34991/495457293.dcm,train
SEM_NODULO,/media/angualberto/423ff97c-bf80-4bc9-9621-cf3ec081fd25/rsna_breast_cancer_detection/train_images/34992/1491311346.dcm,1491311346.dcm,34992,1491311346,1664,2048,34992,1491311346,L,MLO,0,/media/angualberto/423ff97c-bf80-4bc9-9621-cf3ec081fd25/rsna_breast_cancer_detection/train_images/34992/1491311346.dcm,train
NODULO,/media/angualberto/423ff97c-bf80-4bc9-9621-cf3ec081fd25/rsna_breast_cancer_detection/train_images/34992/204545103.dcm,204545103.dcm,34992,204545103,1664,2048,34992,204545103,R,MLO,1,/media/angualberto/423ff97c-bf80-4bc9-9621-cf3ec081fd25/rsna_breast_cancer_detection/train_images/34992/204545103.dcm,train
NODULO,/media/angualberto/423ff97c-bf80-4bc9-9621-cf3ec081fd25/rsna_breast_cancer_detection/train_images/34992/464940209.dcm,464940209.dcm,34992,464940209,1664,2048,34992,464940209,R,CC,1,/media/angualberto/423ff97c-bf80-4bc9-9621-cf3ec081fd25/rsna_breast_cancer_detection/train_images/34992/464940209.dcm,train
SEM_NODULO,/media/angualberto/423ff97c-bf80-4bc9-9621-cf3ec081fd25/rsna_breast_cancer_detection/train_images/34992/626393622.dcm,626393622.dcm,34992,626393622,1664,2048,34992,626393622,L,CC,0,/media/angualberto/423ff97c-bf80-4bc9-9621-cf3ec081fd25/rsna_breast_cancer_detection/train_images/34992/626393622.dcm,train
SEM_NODULO,/media/angualberto/423ff97c-bf80-4bc9-9621-cf3ec081fd25/rsna_breast_cancer_detection/train_images/3510/1938046921.dcm,1938046921.dcm,3510,1938046921,1664,2048,3510,1938046921,L,MLO,0,/media/angualberto/423ff97c-bf80-4bc9-9621-cf3ec081fd25/rsna_breast_cancer_detection/train_images/3510/1938046921.dcm,test
NODULO,/media/angualberto/423ff97c-bf80-4bc9-9621-cf3ec081fd25/rsna_breast_cancer_detection/train_images/3510/372988929.dcm,372988929.dcm,3510,372988929,1664,2048,3510,372988929,R,CC,1,/media/angualberto/423ff97c-bf80-4bc9-9621-cf3ec081fd25/rsna_breast_cancer_detection/train_images/3510/372988929.dcm,test
SEM_NODULO,/media/angualberto/423ff97c-bf80-4bc9-9621-cf3ec081fd25/rsna_breast_cancer_detection/train_images/3510/715589463.dcm,715589463.dcm,3510,715589463,1664,2048,3510,715589463,L,CC,0,/media/angualberto/423ff97c-bf80-4bc9-9621-cf3ec081fd25/rsna_breast_cancer_detection/train_images/3510/715589463.dcm,test
NODULO,/media/angualberto/423ff97c-bf80-4bc9-9621-cf3ec081fd25/rsna_breast_cancer_detection/train_images/3510/71762990.dcm,71762990.dcm,3510,71762990,1664,2048,3510,71762990,R,MLO,1,/media/angualberto/423ff97c-bf80-4bc9-9621-cf3ec081fd25/rsna_breast_cancer_detection/train_images/3510/71762990.dcm,test
SEM_NODULO,/media/angualberto/423ff97c-bf80-4bc9-9621-cf3ec081fd25/rsna_breast_cancer_detection/train_images/35109/1017152514.dcm,1017152514.dcm,35109,1017152514,1280,1664,35109,1017152514,R,CC,0,/media/angualberto/423ff97c-bf80-4bc9-9621-cf3ec081fd25/rsna_breast_cancer_detection/train_images/35109/1017152514.dcm,test
SEM_NODULO,/media/angualberto/423ff97c-bf80-4bc9-9621-cf3ec081fd25/rsna_breast_cancer_detection/train_images/35109/1645270934.dcm,1645270934.dcm,35109,1645270934,1280,1664,35109,1645270934,L,CC,0,/media/angualberto/423ff97c-bf80-4bc9-9621-cf3ec081fd25/rsna_breast_cancer_detection/train_images/35109/1645270934.dcm,test
SEM_NODULO,/media/angualberto/423ff97c-bf80-4bc9-9621-cf3ec081fd25/rsna_breast_cancer_detection/train_images/35109/1808509578.dcm,1808509578.dcm,35109,1808509578,1280,1664,35109,1808509578,R,CC,0,/media/angualberto/423ff97c-bf80-4bc9-9621-cf3ec081fd25/rsna_breast_cancer_detection/train_images/35109/1808509578.dcm,test
SEM_NODULO,/media/angualberto/423ff97c-bf80-4bc9-9621-cf3ec081fd25/rsna_breast_cancer_detection/train_images/35109/558359774.dcm,558359774.dcm,35109,558359774,1280,1664,35109,558359774,R,MLO,0,/media/angualberto/423ff97c-bf80-4bc9-9621-cf3ec081fd25/rsna_breast_cancer_detection/train_images/35109/558359774.dcm,test
SEM_NODULO,/media/angualberto/423ff97c-bf80-4bc9-9621-cf3ec081fd25/rsna_breast_cancer_detection/train_images/35109/673244508.dcm,673244508.dcm,35109,673244508,1280,1664,35109,673244508,L,CC,0,/media/angualberto/423ff97c-bf80-4bc9-9621-cf3ec081fd25/rsna_breast_cancer_detection/train_images/35109/673244508.dcm,test
SEM_NODULO,/media/angualberto/423ff97c-bf80-4bc9-9621-cf3ec081fd25/rsna_breast_cancer_detection/train_images/35109/807633604.dcm,807633604.dcm,35109,807633604,1280,1664,35109,807633604,R,MLO,0,/media/angualberto/423ff97c-bf80-4bc9-9621-cf3ec081fd25/rsna_breast_cancer_detection/train_images/35109/807633604.dcm,test
SEM_NODULO,/media/angualberto/423ff97c-bf80-4bc9-9621-cf3ec081fd25/rsna_breast_cancer_detection/train_images/35109/82546969.dcm,82546969.dcm,35109,82546969,1280,1664,35109,82546969,L,MLO,0,/media/angualberto/423ff97c-bf80-4bc9-9621-cf3ec081fd25/rsna_breast_cancer_detection/train_images/35109/82546969.dcm,test
SEM_NODULO,/media/angualberto/423ff97c-bf80-4bc9-9621-cf3ec081fd25/rsna_breast_cancer_detection/train_images/35152/2083465207.dcm,2083465207.dcm,35152,2083465207,1041,1388,35152,2083465207,L,CC,0,/media/angualberto/423ff97c-bf80-4bc9-9621-cf3ec081fd25/rsna_breast_cancer_detection/train_images/35152/2083465207.dcm,test
SEM_NODULO,/media/angualberto/423ff97c-bf80-4bc9-9621-cf3ec081fd25/rsna_breast_cancer_detection/train_images/35152/2126513610.dcm,2126513610.dcm,35152,2126513610,1041,1388,35152,2126513610,R,MLO,0,/media/angualberto/423ff97c-bf80-4bc9-9621-cf3ec081fd25/rsna_breast_cancer_detection/train_images/35152/2126513610.dcm,test
SEM_NODULO,/media/angualberto/423ff97c-bf80-4bc9-9621-cf3ec081fd25/rsna_breast_cancer_detection/train_images/35152/626479374.dcm,626479374.dcm,35152,626479374,1041,1388,35152,626479374,L,MLO,0,/media/angualberto/423ff97c-bf80-4bc9-9621-cf3ec081fd25/rsna_breast_cancer_detection/train_images/35152/626479374.dcm,test
SEM_NODULO,/media/angualberto/423ff97c-bf80-4bc9-9621-cf3ec081fd25/rsna_breast_cancer_detection/train_images/35152/868119422.dcm,868119422.dcm,35152,868119422,1041,1388,35152,868119422,R,CC,0,/media/angualberto/423ff97c-bf80-4bc9-9621-cf3ec081fd25/rsna_breast_cancer_detection/train_images/35152/868119422.dcm,test
SEM_NODULO,/media/angualberto/423ff97c-bf80-4bc9-9621-cf3ec081fd25/rsna_breast_cancer_detection/train_images/3520/1491979110.dcm,1491979110.dcm,3520,1491979110,2457,2677,3520,1491979110,R,MLO,0,/media/angualberto/423ff97c-bf80-4bc9-9621-cf3ec081fd25/rsna_breast_cancer_detection/train_images/3520/1491979110.dcm,train
SEM_NODULO,/media/angualberto/423ff97c-bf80-4bc9-9621-cf3ec081fd25/rsna_breast_cancer_detection/train_images/3520/2037811005.dcm,2037811005.dcm,3520,2037811005,2457,2677,3520,2037811005,L,CC,0,/media/angualberto/423ff97c-bf80-4bc9-9621-cf3ec081fd25/rsna_breast_cancer_detection/train_images/3520/2037811005.dcm,train
SEM_NODULO,/media/angualberto/423ff97c-bf80-4bc9-9621-cf3ec081fd25/rsna_breast_cancer_detection/train_images/3520/2143458698.dcm,2143458698.dcm,3520,2143458698,2457,2677,3520,2143458698,R,CC,0,/media/angualberto/423ff97c-bf80-4bc9-9621-cf3ec081fd25/rsna_breast_cancer_detection/train_images/3520/2143458698.dcm,train
SEM_NODULO,/media/angualberto/423ff97c-bf80-4bc9-9621-cf3ec081fd25/rsna_breast_cancer_detection/train_images/3520/899389985.dcm,899389985.dcm,3520,899389985,2457,2677,3520,899389985,L,MLO,0,/media/angualberto/423ff97c-bf80-4bc9-9621-cf3ec081fd25/rsna_breast_cancer_detection/train_images/3520/899389985.dcm,train
NODULO,/media/angualberto/423ff97c-bf80-4bc9-9621-cf3ec081fd25/rsna_breast_cancer_detection/train_images/35847/1069414688.dcm,1069414688.dcm,35847,1069414688,1664,2048,35847,1069414688,R,MLO,1,/media/angualberto/423ff97c-bf80-4bc9-9621-cf3ec081fd25/rsna_breast_cancer_detection/train_images/35847/1069414688.dcm,test
SEM_NODULO,/media/angualberto/423ff97c-bf80-4bc9-9621-cf3ec081fd25/rsna_breast_cancer_detection/train_images/35847/150681526.dcm,150681526.dcm,35847,150681526,1664,2048,35847,150681526,L,MLO,0,/media/angualberto/423ff97c-bf80-4bc9-9621-cf3ec081fd25/rsna_breast_cancer_detection/train_images/35847/150681526.dcm,test
NODULO,/media/angualberto/423ff97c-bf80-4bc9-9621-cf3ec081fd25/rsna_breast_cancer_detection/train_images/35847/2041771555.dcm,2041771555.dcm,35847,2041771555,1664,2048,35847,2041771555,R,CC,1,/media/angualberto/423ff97c-bf80-4bc9-9621-cf3ec081fd25/rsna_breast_cancer_detection/train_images/35847/2041771555.dcm,test
SEM_NODULO,/media/angualberto/423ff97c-bf80-4bc9-9621-cf3ec081fd25/rsna_breast_cancer_detection/train_images/35847/24320477.dcm,24320477.dcm,35847,24320477,1664,2048,35847,24320477,L,CC,0,/media/angualberto/423ff97c-bf80-4bc9-9621-cf3ec081fd25/rsna_breast_cancer_detection/train_images/35847/24320477.dcm,test
SEM_NODULO,/media/angualberto/423ff97c-bf80-4bc9-9621-cf3ec081fd25/rsna_breast_cancer_detection/train_images/36034/1818522216.dcm,1818522216.dcm,36034,1818522216,1664,2048,36034,1818522216,R,MLO,0,/media/angualberto/423ff97c-bf80-4bc9-9621-cf3ec081fd25/rsna_breast_cancer_detection/train_images/36034/1818522216.dcm,train
SEM_NODULO,/media/angualberto/423ff97c-bf80-4bc9-9621-cf3ec081fd25/rsna_breast_cancer_detection/train_images/36034/2096016351.dcm,2096016351.dcm,36034,2096016351,1664,2048,36034,2096016351,R,CC,0,/media/angualberto/423ff97c-bf80-4bc9-9621-cf3ec081fd25/rsna_breast_cancer_detection/train_images/36034/2096016351.dcm,train
NODULO,/media/angualberto/423ff97c-bf80-4bc9-9621-cf3ec081fd25/rsna_breast_cancer_detection/train_images/36034/311083578.dcm,311083578.dcm,36034,311083578,1664,2048,36034,311083578,L,CC,1,/media/angualberto/423ff97c-bf80-4bc9-9621-cf3ec081fd25/rsna_breast_cancer_detection/train_images/36034/311083578.dcm,train
NODULO,/media/angualberto/423ff97c-bf80-4bc9-9621-cf3ec081fd25/rsna_breast_cancer_detection/train_images/36034/80000307.dcm,80000307.dcm,36034,80000307,1664,2048,36034,80000307,L,MLO,1,/media/angualberto/423ff97c-bf80-4bc9-9621-cf3ec081fd25/rsna_breast_cancer_detection/train_images/36034/80000307.dcm,train
NODULO,/media/angualberto/423ff97c-bf80-4bc9-9621-cf3ec081fd25/rsna_breast_cancer_detection/train_images/36034/810135280.dcm,810135280.dcm,36034,810135280,1664,2048,36034,810135280,L,CC,1,/media/angualberto/423ff97c-bf80-4bc9-9621-cf3ec081fd25/rsna_breast_cancer_detection/train_images/36034/810135280.dcm,train
SEM_NODULO,/media/angualberto/423ff97c-bf80-4bc9-9621-cf3ec081fd25/rsna_breast_cancer_detection/train_images/36034/906968178.dcm,906968178.dcm,36034,906968178,1664,2048,36034,906968178,R,CC,0,/media/angualberto/423ff97c-bf80-4bc9-9621-cf3ec081fd25/rsna_breast_cancer_detection/train_images/36034/906968178.dcm,train
SEM_NODULO,/media/angualberto/423ff97c-bf80-4bc9-9621-cf3ec081fd25/rsna_breast_cancer_detection/train_images/366/1130674949.dcm,1130674949.dcm,366,1130674949,1664,2048,366,1130674949,L,CC,0,/media/angualberto/423ff97c-bf80-4bc9-9621-cf3ec081fd25/rsna_breast_cancer_detection/train_images/366/1130674949.dcm,train
SEM_NODULO,/media/angualberto/423ff97c-bf80-4bc9-9621-cf3ec081fd25/rsna_breast_cancer_detection/train_images/366/1644950718.dcm,1644950718.dcm,366,1644950718,1664,2048,366,1644950718,R,CC,0,/media/angualberto/423ff97c-bf80-4bc9-9621-cf3ec081fd25/rsna_breast_cancer_detection/train_images/366/1644950718.dcm,train
SEM_NODULO,/media/angualberto/423ff97c-bf80-4bc9-9621-cf3ec081fd25/rsna_breast_cancer_detection/train_images/366/1964180366.dcm,1964180366.dcm,366,1964180366,1664,2048,366,1964180366,R,MLO,0,/media/angualberto/423ff97c-bf80-4bc9-9621-cf3ec081fd25/rsna_breast_cancer_detection/train_images/366/1964180366.dcm,train
SEM_NODULO,/media/angualberto/423ff97c-bf80-4bc9-9621-cf3ec081fd25/rsna_breast_cancer_detection/train_images/366/645887687.dcm,645887687.dcm,366,645887687,1664,2048,366,645887687,L,MLO,0,/media/angualberto/423ff97c-bf80-4bc9-9621-cf3ec081fd25/rsna_breast_cancer_detection/train_images/366/645887687.dcm,train
SEM_NODULO,/media/angualberto/423ff97c-bf80-4bc9-9621-cf3ec081fd25/rsna_breast_cancer_detection/train_images/3670/371657602.dcm,371657602.dcm,3670,371657602,1664,2048,3670,371657602,L,CC,0,/media/angualberto/423ff97c-bf80-4bc9-9621-cf3ec081fd25/rsna_breast_cancer_detection/train_images/3670/371657602.dcm,train
SEM_NODULO,/media/angualberto/423ff97c-bf80-4bc9-9621-cf3ec081fd25/rsna_breast_cancer_detection/train_images/3670/740331558.dcm,740331558.dcm,3670,740331558,1664,2048,3670,740331558,L,MLO,0,/media/angualberto/423ff97c-bf80-4bc9-9621-cf3ec081fd25/rsna_breast_cancer_detection/train_images/3670/740331558.dcm,train
NODULO,/media/angualberto/423ff97c-bf80-4bc9-9621-cf3ec081fd25/rsna_breast_cancer_detection/train_images/3670/819790188.dcm,819790188.dcm,3670,819790188,1664,2048,3670,819790188,R,MLO,1,/media/angualberto/423ff97c-bf80-4bc9-9621-cf3ec081fd25/rsna_breast_cancer_detection/train_images/3670/819790188.dcm,train
NODULO,/media/angualberto/423ff97c-bf80-4bc9-9621-cf3ec081fd25/rsna_breast_cancer_detection/train_images/3670/87674192.dcm,87674192.dcm,3670,87674192,1664,2048,3670,87674192,R,CC,1,/media/angualberto/423ff97c-bf80-4bc9-9621-cf3ec081fd25/rsna_breast_cancer_detection/train_images/3670/87674192.dcm,train
SEM_NODULO,/media/angualberto/423ff97c-bf80-4bc9-9621-cf3ec081fd25/rsna_breast_cancer_detection/train_images/37213/1301907141.dcm,1301907141.dcm,37213,1301907141,1664,2048,37213,1301907141,L,MLO,0,/media/angualberto/423ff97c-bf80-4bc9-9621-cf3ec081fd25/rsna_breast_cancer_detection/train_images/37213/1301907141.dcm,train
NODULO,/media/angualberto/423ff97c-bf80-4bc9-9621-cf3ec081fd25/rsna_breast_cancer_detection/train_images/37213/221096123.dcm,221096123.dcm,37213,221096123,1664,2048,37213,221096123,R,MLO,1,/media/angualberto/423ff97c-bf80-4bc9-9621-cf3ec081fd25/rsna_breast_cancer_detection/train_images/37213/221096123.dcm,train
SEM_NODULO,/media/angualberto/423ff97c-bf80-4bc9-9621-cf3ec081fd25/rsna_breast_cancer_detection/train_images/37213/222761152.dcm,222761152.dcm,37213,222761152,1664,2048,37213,222761152,L,CC,0,/media/angualberto/423ff97c-bf80-4bc9-9621-cf3ec081fd25/rsna_breast_cancer_detection/train_images/37213/222761152.dcm,train
NODULO,/media/angualberto/423ff97c-bf80-4bc9-9621-cf3ec081fd25/rsna_breast_cancer_detection/train_images/37213/238138823.dcm,238138823.dcm,37213,238138823,1664,2048,37213,238138823,R,CC,1,/media/angualberto/423ff97c-bf80-4bc9-9621-cf3ec081fd25/rsna_breast_cancer_detection/train_images/37213/238138823.dcm,train
NODULO,/media/angualberto/423ff97c-bf80-4bc9-9621-cf3ec081fd25/rsna_breast_cancer_detection/train_images/37213/268400743.dcm,268400743.dcm,37213,268400743,1664,2048,37213,268400743,R,CC,1,/media/angualberto/423ff97c-bf80-4bc9-9621-cf3ec081fd25/rsna_breast_cancer_detection/train_images/37213/268400743.dcm,train
SEM_NODULO,/media/angualberto/423ff97c-bf80-4bc9-9621-cf3ec081fd25/rsna_breast_cancer_detection/train_images/37213/280830167.dcm,280830167.dcm,37213,280830167,1664,2048,37213,280830167,L,CC,0,/media/angualberto/423ff97c-bf80-4bc9-9621-cf3ec081fd25/rsna_breast_cancer_detection/train_images/37213/280830167.dcm,train
SEM_NODULO,/media/angualberto/423ff97c-bf80-4bc9-9621-cf3ec081fd25/rsna_breast_cancer_detection/train_images/37213/474185188.dcm,474185188.dcm,37213,474185188,1664,2048,37213,474185188,L,MLO,0,/media/angualberto/423ff97c-bf80-4bc9-9621-cf3ec081fd25/rsna_breast_cancer_detection/train_images/37213/474185188.dcm,train
SEM_NODULO,/media/angualberto/423ff97c-bf80-4bc9-9621-cf3ec081fd25/rsna_breast_cancer_detection/train_images/37234/1198930911.dcm,1198930911.dcm,37234,1198930911,1280,1664,37234,1198930911,R,CC,0,/media/angualberto/423ff97c-bf80-4bc9-9621-cf3ec081fd25/rsna_breast_cancer_detection/train_images/37234/1198930911.dcm,train
SEM_NODULO,/media/angualberto/423ff97c-bf80-4bc9-9621-cf3ec081fd25/rsna_breast_cancer_detection/train_images/37234/1235531505.dcm,1235531505.dcm,37234,1235531505,1280,1664,37234,1235531505,L,CC,0,/media/angualberto/423ff97c-bf80-4bc9-9621-cf3ec081fd25/rsna_breast_cancer_detection/train_images/37234/1235531505.dcm,train
SEM_NODULO,/media/angualberto/423ff97c-bf80-4bc9-9621-cf3ec081fd25/rsna_breast_cancer_detection/train_images/37234/1399833870.dcm,1399833870.dcm,37234,1399833870,1280,1664,37234,1399833870,L,MLO,0,/media/angualberto/423ff97c-bf80-4bc9-9621-cf3ec081fd25/rsna_breast_cancer_detection/train_images/37234/1399833870.dcm,train
SEM_NODULO,/media/angualberto/423ff97c-bf80-4bc9-9621-cf3ec081fd25/rsna_breast_cancer_detection/train_images/37234/1493749014.dcm,1493749014.dcm,37234,1493749014,1280,1664,37234,1493749014,R,MLO,0,/media/angualberto/423ff97c-bf80-4bc9-9621-cf3ec081fd25/rsna_breast_cancer_detection/train_images/37234/1493749014.dcm,train
SEM_NODULO,/media/angualberto/423ff97c-bf80-4bc9-9621-cf3ec081fd25/rsna_breast_cancer_detection/train_images/37234/200829673.dcm,200829673.dcm,37234,200829673,1280,1664,37234,200829673,L,MLO,0,/media/angualberto/423ff97c-bf80-4bc9-9621-cf3ec081fd25/rsna_breast_cancer_detection/train_images/37234/200829673.dcm,train
SEM_NODULO,/media/angualberto/423ff97c-bf80-4bc9-9621-cf3ec081fd25/rsna_breast_cancer_detection/train_images/37931/1098071977.dcm,1098071977.dcm,37931,1098071977,1664,2048,37931,1098071977,R,MLO,0,/media/angualberto/423ff97c-bf80-4bc9-9621-cf3ec081fd25/rsna_breast_cancer_detection/train_images/37931/1098071977.dcm,train
SEM_NODULO,/media/angualberto/423ff97c-bf80-4bc9-9621-cf3ec081fd25/rsna_breast_cancer_detection/train_images/37931/1119416430.dcm,1119416430.dcm,37931,1119416430,1664,2048,37931,1119416430,R,MLO,0,/media/angualberto/423ff97c-bf80-4bc9-9621-cf3ec081fd25/rsna_breast_cancer_detection/train_images/37931/1119416430.dcm,train
NODULO,/media/angualberto/423ff97c-bf80-4bc9-9621-cf3ec081fd25/rsna_breast_cancer_detection/train_images/37931/1225495210.dcm,1225495210.dcm,37931,1225495210,1664,2048,37931,1225495210,L,MLO,1,/media/angualberto/423ff97c-bf80-4bc9-9621-cf3ec081fd25/rsna_breast_cancer_detection/train_images/37931/1225495210.dcm,train
NODULO,/media/angualberto/423ff97c-bf80-4bc9-9621-cf3ec081fd25/rsna_breast_cancer_detection/train_images/37931/1272825640.dcm,1272825640.dcm,37931,1272825640,1664,2048,37931,1272825640,L,CC,1,/media/angualberto/423ff97c-bf80-4bc9-9621-cf3ec081fd25/rsna_breast_cancer_detection/train_images/37931/1272825640.dcm,train
SEM_NODULO,/media/angualberto/423ff97c-bf80-4bc9-9621-cf3ec081fd25/rsna_breast_cancer_detection/train_images/37931/1500577908.dcm,1500577908.dcm,37931,1500577908,1664,2048,37931,1500577908,R,CC,0,/media/angualberto/423ff97c-bf80-4bc9-9621-cf3ec081fd25/rsna_breast_cancer_detection/train_images/37931/1500577908.dcm,train
NODULO,/media/angualberto/423ff97c-bf80-4bc9-9621-cf3ec081fd25/rsna_breast_cancer_detection/train_images/37931/1597761099.dcm,1597761099.dcm,37931,1597761099,1664,2048,37931,1597761099,L,CC,1,/media/angualberto/423ff97c-bf80-4bc9-9621-cf3ec081fd25/rsna_breast_cancer_detection/train_images/37931/1597761099.dcm,train
NODULO,/media/angualberto/423ff97c-bf80-4bc9-9621-cf3ec081fd25/rsna_breast_cancer_detection/train_images/37931/1892232224.dcm,1892232224.dcm,37931,1892232224,1664,2048,37931,1892232224,L,MLO,1,/media/angualberto/423ff97c-bf80-4bc9-9621-cf3ec081fd25/rsna_breast_cancer_detection/train_images/37931/1892232224.dcm,train
SEM_NODULO,/media/angualberto/423ff97c-bf80-4bc9-9621-cf3ec081fd25/rsna_breast_cancer_detection/train_images/37931/815381212.dcm,815381212.dcm,37931,815381212,1664,2048,37931,815381212,R,CC,0,/media/angualberto/423ff97c-bf80-4bc9-9621-cf3ec081fd25/rsna_breast_cancer_detection/train_images/37931/815381212.dcm,train
NODULO,/media/angualberto/423ff97c-bf80-4bc9-9621-cf3ec081fd25/rsna_breast_cancer_detection/train_images/38040/336602586.dcm,336602586.dcm,38040,336602586,1664,2048,38040,336602586,R,MLO,1,/media/angualberto/423ff97c-bf80-4bc9-9621-cf3ec081fd25/rsna_breast_cancer_detection/train_images/38040/336602586.dcm,train
NODULO,/media/angualberto/423ff97c-bf80-4bc9-9621-cf3ec081fd25/rsna_breast_cancer_detection/train_images/38040/44522124.dcm,44522124.dcm,38040,44522124,1664,2048,38040,44522124,R,CC,1,/media/angualberto/423ff97c-bf80-4bc9-9621-cf3ec081fd25/rsna_breast_cancer_detection/train_images/38040/44522124.dcm,train
SEM_NODULO,/media/angualberto/423ff97c-bf80-4bc9-9621-cf3ec081fd25/rsna_breast_cancer_detection/train_images/38040/592578171.dcm,592578171.dcm,38040,592578171,1664,2048,38040,592578171,L,CC,0,/media/angualberto/423ff97c-bf80-4bc9-9621-cf3ec081fd25/rsna_breast_cancer_detection/train_images/38040/592578171.dcm,train
SEM_NODULO,/media/angualberto/423ff97c-bf80-4bc9-9621-cf3ec081fd25/rsna_breast_cancer_detection/train_images/38040/612569686.dcm,612569686.dcm,38040,612569686,1664,2048,38040,612569686,L,MLO,0,/media/angualberto/423ff97c-bf80-4bc9-9621-cf3ec081fd25/rsna_breast_cancer_detection/train_images/38040/612569686.dcm,train
SEM_NODULO,/media/angualberto/423ff97c-bf80-4bc9-9621-cf3ec081fd25/rsna_breast_cancer_detection/train_images/38504/1969595418.dcm,1969595418.dcm,38504,1969595418,2364,2964,38504,1969595418,R,CC,0,/media/angualberto/423ff97c-bf80-4bc9-9621-cf3ec081fd25/rsna_breast_cancer_detection/train_images/38504/1969595418.dcm,train
SEM_NODULO,/media/angualberto/423ff97c-bf80-4bc9-9621-cf3ec081fd25/rsna_breast_cancer_detection/train_images/38504/1975291988.dcm,1975291988.dcm,38504,1975291988,2364,2964,38504,1975291988,L,CC,0,/media/angualberto/423ff97c-bf80-4bc9-9621-cf3ec081fd25/rsna_breast_cancer_detection/train_images/38504/1975291988.dcm,train
SEM_NODULO,/media/angualberto/423ff97c-bf80-4bc9-9621-cf3ec081fd25/rsna_breast_cancer_detection/train_images/38504/2096832529.dcm,2096832529.dcm,38504,2096832529,2364,2964,38504,2096832529,R,MLO,0,/media/angualberto/423ff97c-bf80-4bc9-9621-cf3ec081fd25/rsna_breast_cancer_detection/train_images/38504/2096832529.dcm,train
SEM_NODULO,/media/angualberto/423ff97c-bf80-4bc9-9621-cf3ec081fd25/rsna_breast_cancer_detection/train_images/38504/692886894.dcm,692886894.dcm,38504,692886894,2364,2964,38504,692886894,L,MLO,0,/media/angualberto/423ff97c-bf80-4bc9-9621-cf3ec081fd25/rsna_breast_cancer_detection/train_images/38504/692886894.dcm,train
NODULO,/media/angualberto/423ff97c-bf80-4bc9-9621-cf3ec081fd25/rsna_breast_cancer_detection/train_images/38537/1325952776.dcm,1325952776.dcm,38537,1325952776,1664,2048,38537,1325952776,L,MLO,1,/media/angualberto/423ff97c-bf80-4bc9-9621-cf3ec081fd25/rsna_breast_cancer_detection/train_images/38537/1325952776.dcm,train
NODULO,/media/angualberto/423ff97c-bf80-4bc9-9621-cf3ec081fd25/rsna_breast_cancer_detection/train_images/38537/1655223848.dcm,1655223848.dcm,38537,1655223848,1664,2048,38537,1655223848,L,CC,1,/media/angualberto/423ff97c-bf80-4bc9-9621-cf3ec081fd25/rsna_breast_cancer_detection/train_images/38537/1655223848.dcm,train
SEM_NODULO,/media/angualberto/423ff97c-bf80-4bc9-9621-cf3ec081fd25/rsna_breast_cancer_detection/train_images/38537/2050722750.dcm,2050722750.dcm,38537,2050722750,1664,2048,38537,2050722750,R,CC,0,/media/angualberto/423ff97c-bf80-4bc9-9621-cf3ec081fd25/rsna_breast_cancer_detection/train_images/38537/2050722750.dcm,train
SEM_NODULO,/media/angualberto/423ff97c-bf80-4bc9-9621-cf3ec081fd25/rsna_breast_cancer_detection/train_images/38537/215211708.dcm,215211708.dcm,38537,215211708,1664,2048,38537,215211708,R,MLO,0,/media/angualberto/423ff97c-bf80-4bc9-9621-cf3ec081fd25/rsna_breast_cancer_detection/train_images/38537/215211708.dcm,train
NODULO,/media/angualberto/423ff97c-bf80-4bc9-9621-cf3ec081fd25/rsna_breast_cancer_detection/train_images/38946/1288050525.dcm,1288050525.dcm,38946,1288050525,2457,2677,38946,1288050525,R,CC,1,/media/angualberto/423ff97c-bf80-4bc9-9621-cf3ec081fd25/rsna_breast_cancer_detection/train_images/38946/1288050525.dcm,test
SEM_NODULO,/media/angualberto/423ff97c-bf80-4bc9-9621-cf3ec081fd25/rsna_breast_cancer_detection/train_images/38946/1546162182.dcm,1546162182.dcm,38946,1546162182,2457,2677,38946,1546162182,L,CC,0,/media/angualberto/423ff97c-bf80-4bc9-9621-cf3ec081fd25/rsna_breast_cancer_detection/train_images/38946/1546162182.dcm,test
SEM_NODULO,/media/angualberto/423ff97c-bf80-4bc9-9621-cf3ec081fd25/rsna_breast_cancer_detection/train_images/38946/536688198.dcm,536688198.dcm,38946,536688198,2457,2677,38946,536688198,L,MLO,0,/media/angualberto/423ff97c-bf80-4bc9-9621-cf3ec081fd25/rsna_breast_cancer_detection/train_images/38946/536688198.dcm,test
NODULO,/media/angualberto/423ff97c-bf80-4bc9-9621-cf3ec081fd25/rsna_breast_cancer_detection/train_images/38946/808034784.dcm,808034784.dcm,38946,808034784,2457,2677,38946,808034784,R,MLO,1,/media/angualberto/423ff97c-bf80-4bc9-9621-cf3ec081fd25/rsna_breast_cancer_detection/train_images/38946/808034784.dcm,test
SEM_NODULO,/media/angualberto/423ff97c-bf80-4bc9-9621-cf3ec081fd25/rsna_breast_cancer_detection/train_images/38996/1221244854.dcm,1221244854.dcm,38996,1221244854,1664,2048,38996,1221244854,R,MLO,0,/media/angualberto/423ff97c-bf80-4bc9-9621-cf3ec081fd25/rsna_breast_cancer_detection/train_images/38996/1221244854.dcm,test
SEM_NODULO,/media/angualberto/423ff97c-bf80-4bc9-9621-cf3ec081fd25/rsna_breast_cancer_detection/train_images/38996/1407993898.dcm,1407993898.dcm,38996,1407993898,1664,2048,38996,1407993898,R,CC,0,/media/angualberto/423ff97c-bf80-4bc9-9621-cf3ec081fd25/rsna_breast_cancer_detection/train_images/38996/1407993898.dcm,test
SEM_NODULO,/media/angualberto/423ff97c-bf80-4bc9-9621-cf3ec081fd25/rsna_breast_cancer_detection/train_images/38996/1630101449.dcm,1630101449.dcm,38996,1630101449,1664,2048,38996,1630101449,L,MLO,0,/media/angualberto/423ff97c-bf80-4bc9-9621-cf3ec081fd25/rsna_breast_cancer_detection/train_images/38996/1630101449.dcm,test
SEM_NODULO,/media/angualberto/423ff97c-bf80-4bc9-9621-cf3ec081fd25/rsna_breast_cancer_detection/train_images/38996/1838219724.dcm,1838219724.dcm,38996,1838219724,1664,2048,38996,1838219724,R,MLO,0,/media/angualberto/423ff97c-bf80-4bc9-9621-cf3ec081fd25/rsna_breast_cancer_detection/train_images/38996/1838219724.dcm,test
SEM_NODULO,/media/angualberto/423ff97c-bf80-4bc9-9621-cf3ec081fd25/rsna_breast_cancer_detection/train_images/38996/1997496063.dcm,1997496063.dcm,38996,1997496063,1664,2048,38996,1997496063,L,CC,0,/media/angualberto/423ff97c-bf80-4bc9-9621-cf3ec081fd25/rsna_breast_cancer_detection/train_images/38996/1997496063.dcm,test
SEM_NODULO,/media/angualberto/423ff97c-bf80-4bc9-9621-cf3ec081fd25/rsna_breast_cancer_detection/train_images/38996/52772529.dcm,52772529.dcm,38996,52772529,1664,2048,38996,52772529,L,MLO,0,/media/angualberto/423ff97c-bf80-4bc9-9621-cf3ec081fd25/rsna_breast_cancer_detection/train_images/38996/52772529.dcm,test
SEM_NODULO,/media/angualberto/423ff97c-bf80-4bc9-9621-cf3ec081fd25/rsna_breast_cancer_detection/train_images/39092/1335868493.dcm,1335868493.dcm,39092,1335868493,957,1147,39092,1335868493,L,MLO,0,/media/angualberto/423ff97c-bf80-4bc9-9621-cf3ec081fd25/rsna_breast_cancer_detection/train_images/39092/1335868493.dcm,train
SEM_NODULO,/media/angualberto/423ff97c-bf80-4bc9-9621-cf3ec081fd25/rsna_breast_cancer_detection/train_images/39092/1423807126.dcm,1423807126.dcm,39092,1423807126,957,1147,39092,1423807126,R,MLO,0,/media/angualberto/423ff97c-bf80-4bc9-9621-cf3ec081fd25/rsna_breast_cancer_detection/train_images/39092/1423807126.dcm,train
SEM_NODULO,/media/angualberto/423ff97c-bf80-4bc9-9621-cf3ec081fd25/rsna_breast_cancer_detection/train_images/39092/1945978687.dcm,1945978687.dcm,39092,1945978687,957,1147,39092,1945978687,L,MLO,0,/media/angualberto/423ff97c-bf80-4bc9-9621-cf3ec081fd25/rsna_breast_cancer_detection/train_images/39092/1945978687.dcm,train
SEM_NODULO,/media/angualberto/423ff97c-bf80-4bc9-9621-cf3ec081fd25/rsna_breast_cancer_detection/train_images/39092/321901760.dcm,321901760.dcm,39092,321901760,957,1147,39092,321901760,L,CC,0,/media/angualberto/423ff97c-bf80-4bc9-9621-cf3ec081fd25/rsna_breast_cancer_detection/train_images/39092/321901760.dcm,train
SEM_NODULO,/media/angualberto/423ff97c-bf80-4bc9-9621-cf3ec081fd25/rsna_breast_cancer_detection/train_images/39092/533863066.dcm,533863066.dcm,39092,533863066,957,1147,39092,533863066,R,CC,0,/media/angualberto/423ff97c-bf80-4bc9-9621-cf3ec081fd25/rsna_breast_cancer_detection/train_images/39092/533863066.dcm,train
SEM_NODULO,/media/angualberto/423ff97c-bf80-4bc9-9621-cf3ec081fd25/rsna_breast_cancer_detection/train_images/3945/1966596699.dcm,1966596699.dcm,3945,1966596699,1664,2048,3945,1966596699,R,CC,0,/media/angualberto/423ff97c-bf80-4bc9-9621-cf3ec081fd25/rsna_breast_cancer_detection/train_images/3945/1966596699.dcm,train
SEM_NODULO,/media/angualberto/423ff97c-bf80-4bc9-9621-cf3ec081fd25/rsna_breast_cancer_detection/train_images/3945/335727308.dcm,335727308.dcm,3945,335727308,1664,2048,3945,335727308,R,MLO,0,/media/angualberto/423ff97c-bf80-4bc9-9621-cf3ec081fd25/rsna_breast_cancer_detection/train_images/3945/335727308.dcm,train
SEM_NODULO,/media/angualberto/423ff97c-bf80-4bc9-9621-cf3ec081fd25/rsna_breast_cancer_detection/train_images/3945/473389090.dcm,473389090.dcm,3945,473389090,1664,2048,3945,473389090,L,CC,0,/media/angualberto/423ff97c-bf80-4bc9-9621-cf3ec081fd25/rsna_breast_cancer_detection/train_images/3945/473389090.dcm,train
SEM_NODULO,/media/angualberto/423ff97c-bf80-4bc9-9621-cf3ec081fd25/rsna_breast_cancer_detection/train_images/3945/925757308.dcm,925757308.dcm,3945,925757308,1664,2048,3945,925757308,L,MLO,0,/media/angualberto/423ff97c-bf80-4bc9-9621-cf3ec081fd25/rsna_breast_cancer_detection/train_images/3945/925757308.dcm,train
SEM_NODULO,/media/angualberto/423ff97c-bf80-4bc9-9621-cf3ec081fd25/rsna_breast_cancer_detection/train_images/39661/1070225958.dcm,1070225958.dcm,39661,1070225958,1041,1388,39661,1070225958,R,MLO,0,/media/angualberto/423ff97c-bf80-4bc9-9621-cf3ec081fd25/rsna_breast_cancer_detection/train_images/39661/1070225958.dcm,train
SEM_NODULO,/media/angualberto/423ff97c-bf80-4bc9-9621-cf3ec081fd25/rsna_breast_cancer_detection/train_images/39661/109604286.dcm,109604286.dcm,39661,109604286,1041,1388,39661,109604286,L,MLO,0,/media/angualberto/423ff97c-bf80-4bc9-9621-cf3ec081fd25/rsna_breast_cancer_detection/train_images/39661/109604286.dcm,train
SEM_NODULO,/media/angualberto/423ff97c-bf80-4bc9-9621-cf3ec081fd25/rsna_breast_cancer_detection/train_images/39661/261796220.dcm,261796220.dcm,39661,261796220,1041,1388,39661,261796220,L,CC,0,/media/angualberto/423ff97c-bf80-4bc9-9621-cf3ec081fd25/rsna_breast_cancer_detection/train_images/39661/261796220.dcm,train
SEM_NODULO,/media/angualberto/423ff97c-bf80-4bc9-9621-cf3ec081fd25/rsna_breast_cancer_detection/train_images/39661/478548985.dcm,478548985.dcm,39661,478548985,1041,1388,39661,478548985,R,CC,0,/media/angualberto/423ff97c-bf80-4bc9-9621-cf3ec081fd25/rsna_breast_cancer_detection/train_images/39661/478548985.dcm,train
SEM_NODULO,/media/angualberto/423ff97c-bf80-4bc9-9621-cf3ec081fd25/rsna_breast_cancer_detection/train_images/39661/942228540.dcm,942228540.dcm,39661,942228540,1041,1388,39661,942228540,R,MLO,0,/media/angualberto/423ff97c-bf80-4bc9-9621-cf3ec081fd25/rsna_breast_cancer_detection/train_images/39661/942228540.dcm,train
SEM_NODULO,/media/angualberto/423ff97c-bf80-4bc9-9621-cf3ec081fd25/rsna_breast_cancer_detection/train_images/39748/1114957607.dcm,1114957607.dcm,39748,1114957607,2457,2677,39748,1114957607,L,CC,0,/media/angualberto/423ff97c-bf80-4bc9-9621-cf3ec081fd25/rsna_breast_cancer_detection/train_images/39748/1114957607.dcm,train
NODULO,/media/angualberto/423ff97c-bf80-4bc9-9621-cf3ec081fd25/rsna_breast_cancer_detection/train_images/39748/1220490070.dcm,1220490070.dcm,39748,1220490070,2457,2677,39748,1220490070,R,CC,1,/media/angualberto/423ff97c-bf80-4bc9-9621-cf3ec081fd25/rsna_breast_cancer_detection/train_images/39748/1220490070.dcm,train
SEM_NODULO,/media/angualberto/423ff97c-bf80-4bc9-9621-cf3ec081fd25/rsna_breast_cancer_detection/train_images/39748/415150391.dcm,415150391.dcm,39748,415150391,2457,2677,39748,415150391,L,MLO,0,/media/angualberto/423ff97c-bf80-4bc9-9621-cf3ec081fd25/rsna_breast_cancer_detection/train_images/39748/415150391.dcm,train
NODULO,/media/angualberto/423ff97c-bf80-4bc9-9621-cf3ec081fd25/rsna_breast_cancer_detection/train_images/39748/643456285.dcm,643456285.dcm,39748,643456285,2457,2677,39748,643456285,R,MLO,1,/media/angualberto/423ff97c-bf80-4bc9-9621-cf3ec081fd25/rsna_breast_cancer_detection/train_images/39748/643456285.dcm,train
SEM_NODULO,/media/angualberto/423ff97c-bf80-4bc9-9621-cf3ec081fd25/rsna_breast_cancer_detection/train_images/39784/2097969705.dcm,2097969705.dcm,39784,2097969705,1041,1388,39784,2097969705,L,MLO,0,/media/angualberto/423ff97c-bf80-4bc9-9621-cf3ec081fd25/rsna_breast_cancer_detection/train_images/39784/2097969705.dcm,train
SEM_NODULO,/media/angualberto/423ff97c-bf80-4bc9-9621-cf3ec081fd25/rsna_breast_cancer_detection/train_images/39784/329307879.dcm,329307879.dcm,39784,329307879,1041,1388,39784,329307879,L,CC,0,/media/angualberto/423ff97c-bf80-4bc9-9621-cf3ec081fd25/rsna_breast_cancer_detection/train_images/39784/329307879.dcm,train
SEM_NODULO,/media/angualberto/423ff97c-bf80-4bc9-9621-cf3ec081fd25/rsna_breast_cancer_detection/train_images/39784/442048202.dcm,442048202.dcm,39784,442048202,1041,1388,39784,442048202,R,CC,0,/media/angualberto/423ff97c-bf80-4bc9-9621-cf3ec081fd25/rsna_breast_cancer_detection/train_images/39784/442048202.dcm,train
SEM_NODULO,/media/angualberto/423ff97c-bf80-4bc9-9621-cf3ec081fd25/rsna_breast_cancer_detection/train_images/39784/710504592.dcm,710504592.dcm,39784,710504592,1041,1388,39784,710504592,R,MLO,0,/media/angualberto/423ff97c-bf80-4bc9-9621-cf3ec081fd25/rsna_breast_cancer_detection/train_images/39784/710504592.dcm,train
SEM_NODULO,/media/angualberto/423ff97c-bf80-4bc9-9621-cf3ec081fd25/rsna_breast_cancer_detection/train_images/40035/1119236486.dcm,1119236486.dcm,40035,1119236486,1041,1388,40035,1119236486,L,MLO,0,/media/angualberto/423ff97c-bf80-4bc9-9621-cf3ec081fd25/rsna_breast_cancer_detection/train_images/40035/1119236486.dcm,train
SEM_NODULO,/media/angualberto/423ff97c-bf80-4bc9-9621-cf3ec081fd25/rsna_breast_cancer_detection/train_images/40035/2013802323.dcm,2013802323.dcm,40035,2013802323,1041,1388,40035,2013802323,R,MLO,0,/media/angualberto/423ff97c-bf80-4bc9-9621-cf3ec081fd25/rsna_breast_cancer_detection/train_images/40035/2013802323.dcm,train
SEM_NODULO,/media/angualberto/423ff97c-bf80-4bc9-9621-cf3ec081fd25/rsna_breast_cancer_detection/train_images/40035/292218103.dcm,292218103.dcm,40035,292218103,1041,1388,40035,292218103,L,CC,0,/media/angualberto/423ff97c-bf80-4bc9-9621-cf3ec081fd25/rsna_breast_cancer_detection/train_images/40035/292218103.dcm,train
SEM_NODULO,/media/angualberto/423ff97c-bf80-4bc9-9621-cf3ec081fd25/rsna_breast_cancer_detection/train_images/40035/893675068.dcm,893675068.dcm,40035,893675068,1041,1388,40035,893675068,R,CC,0,/media/angualberto/423ff97c-bf80-4bc9-9621-cf3ec081fd25/rsna_breast_cancer_detection/train_images/40035/893675068.dcm,train
NODULO,/media/angualberto/423ff97c-bf80-4bc9-9621-cf3ec081fd25/rsna_breast_cancer_detection/train_images/40163/1828224723.dcm,1828224723.dcm,40163,1828224723,1664,2048,40163,1828224723,L,CC,1,/media/angualberto/423ff97c-bf80-4bc9-9621-cf3ec081fd25/rsna_breast_cancer_detection/train_images/40163/1828224723.dcm,train
SEM_NODULO,/media/angualberto/423ff97c-bf80-4bc9-9621-cf3ec081fd25/rsna_breast_cancer_detection/train_images/40163/1924391248.dcm,1924391248.dcm,40163,1924391248,1664,2048,40163,1924391248,R,MLO,0,/media/angualberto/423ff97c-bf80-4bc9-9621-cf3ec081fd25/rsna_breast_cancer_detection/train_images/40163/1924391248.dcm,train
NODULO,/media/angualberto/423ff97c-bf80-4bc9-9621-cf3ec081fd25/rsna_breast_cancer_detection/train_images/40163/428403131.dcm,428403131.dcm,40163,428403131,1664,2048,40163,428403131,L,CC,1,/media/angualberto/423ff97c-bf80-4bc9-9621-cf3ec081fd25/rsna_breast_cancer_detection/train_images/40163/428403131.dcm,train
NODULO,/media/angualberto/423ff97c-bf80-4bc9-9621-cf3ec081fd25/rsna_breast_cancer_detection/train_images/40163/468017207.dcm,468017207.dcm,40163,468017207,1664,2048,40163,468017207,L,MLO,1,/media/angualberto/423ff97c-bf80-4bc9-9621-cf3ec081fd25/rsna_breast_cancer_detection/train_images/40163/468017207.dcm,train
SEM_NODULO,/media/angualberto/423ff97c-bf80-4bc9-9621-cf3ec081fd25/rsna_breast_cancer_detection/train_images/40163/607606118.dcm,607606118.dcm,40163,607606118,1664,2048,40163,607606118,R,CC,0,/media/angualberto/423ff97c-bf80-4bc9-9621-cf3ec081fd25/rsna_breast_cancer_detection/train_images/40163/607606118.dcm,train
SEM_NODULO,/media/angualberto/423ff97c-bf80-4bc9-9621-cf3ec081fd25/rsna_breast_cancer_detection/train_images/40163/612667894.dcm,612667894.dcm,40163,612667894,1664,2048,40163,612667894,R,MLO,0,/media/angualberto/423ff97c-bf80-4bc9-9621-cf3ec081fd25/rsna_breast_cancer_detection/train_images/40163/612667894.dcm,train
SEM_NODULO,/media/angualberto/423ff97c-bf80-4bc9-9621-cf3ec081fd25/rsna_breast_cancer_detection/train_images/40163/741496009.dcm,741496009.dcm,40163,741496009,1664,2048,40163,741496009,R,CC,0,/media/angualberto/423ff97c-bf80-4bc9-9621-cf3ec081fd25/rsna_breast_cancer_detection/train_images/40163/741496009.dcm,train
NODULO,/media/angualberto/423ff97c-bf80-4bc9-9621-cf3ec081fd25/rsna_breast_cancer_detection/train_images/40163/744975647.dcm,744975647.dcm,40163,744975647,1664,2048,40163,744975647,L,MLO,1,/media/angualberto/423ff97c-bf80-4bc9-9621-cf3ec081fd25/rsna_breast_cancer_detection/train_images/40163/744975647.dcm,train
SEM_NODULO,/media/angualberto/423ff97c-bf80-4bc9-9621-cf3ec081fd25/rsna_breast_cancer_detection/train_images/40377/1305164528.dcm,1305164528.dcm,40377,1305164528,2457,2677,40377,1305164528,R,CC,0,/media/angualberto/423ff97c-bf80-4bc9-9621-cf3ec081fd25/rsna_breast_cancer_detection/train_images/40377/1305164528.dcm,train
SEM_NODULO,/media/angualberto/423ff97c-bf80-4bc9-9621-cf3ec081fd25/rsna_breast_cancer_detection/train_images/40377/1752907336.dcm,1752907336.dcm,40377,1752907336,2457,2677,40377,1752907336,L,MLO,0,/media/angualberto/423ff97c-bf80-4bc9-9621-cf3ec081fd25/rsna_breast_cancer_detection/train_images/40377/1752907336.dcm,train
SEM_NODULO,/media/angualberto/423ff97c-bf80-4bc9-9621-cf3ec081fd25/rsna_breast_cancer_detection/train_images/40377/265328891.dcm,265328891.dcm,40377,265328891,2457,2677,40377,265328891,R,MLO,0,/media/angualberto/423ff97c-bf80-4bc9-9621-cf3ec081fd25/rsna_breast_cancer_detection/train_images/40377/265328891.dcm,train
SEM_NODULO,/media/angualberto/423ff97c-bf80-4bc9-9621-cf3ec081fd25/rsna_breast_cancer_detection/train_images/40377/376328867.dcm,376328867.dcm,40377,376328867,2457,2677,40377,376328867,L,CC,0,/media/angualberto/423ff97c-bf80-4bc9-9621-cf3ec081fd25/rsna_breast_cancer_detection/train_images/40377/376328867.dcm,train
NODULO,/media/angualberto/423ff97c-bf80-4bc9-9621-cf3ec081fd25/rsna_breast_cancer_detection/train_images/4083/1022886281.dcm,1022886281.dcm,4083,1022886281,1664,2048,4083,1022886281,R,MLO,1,/media/angualberto/423ff97c-bf80-4bc9-9621-cf3ec081fd25/rsna_breast_cancer_detection/train_images/4083/1022886281.dcm,test
SEM_NODULO,/media/angualberto/423ff97c-bf80-4bc9-9621-cf3ec081fd25/rsna_breast_cancer_detection/train_images/4083/1626302930.dcm,1626302930.dcm,4083,1626302930,1664,2048,4083,1626302930,L,MLO,0,/media/angualberto/423ff97c-bf80-4bc9-9621-cf3ec081fd25/rsna_breast_cancer_detection/train_images/4083/1626302930.dcm,test
NODULO,/media/angualberto/423ff97c-bf80-4bc9-9621-cf3ec081fd25/rsna_breast_cancer_detection/train_images/4083/546424063.dcm,546424063.dcm,4083,546424063,1664,2048,4083,546424063,R,CC,1,/media/angualberto/423ff97c-bf80-4bc9-9621-cf3ec081fd25/rsna_breast_cancer_detection/train_images/4083/546424063.dcm,test
NODULO,/media/angualberto/423ff97c-bf80-4bc9-9621-cf3ec081fd25/rsna_breast_cancer_detection/train_images/4083/61389923.dcm,61389923.dcm,4083,61389923,1664,2048,4083,61389923,R,CC,1,/media/angualberto/423ff97c-bf80-4bc9-9621-cf3ec081fd25/rsna_breast_cancer_detection/train_images/4083/61389923.dcm,test
SEM_NODULO,/media/angualberto/423ff97c-bf80-4bc9-9621-cf3ec081fd25/rsna_breast_cancer_detection/train_images/4083/888382598.dcm,888382598.dcm,4083,888382598,1664,2048,4083,888382598,L,CC,0,/media/angualberto/423ff97c-bf80-4bc9-9621-cf3ec081fd25/rsna_breast_cancer_detection/train_images/4083/888382598.dcm,test
SEM_NODULO,/media/angualberto/423ff97c-bf80-4bc9-9621-cf3ec081fd25/rsna_breast_cancer_detection/train_images/40861/1198593895.dcm,1198593895.dcm,40861,1198593895,1280,1664,40861,1198593895,R,CC,0,/media/angualberto/423ff97c-bf80-4bc9-9621-cf3ec081fd25/rsna_breast_cancer_detection/train_images/40861/1198593895.dcm,test
SEM_NODULO,/media/angualberto/423ff97c-bf80-4bc9-9621-cf3ec081fd25/rsna_breast_cancer_detection/train_images/40861/1840140842.dcm,1840140842.dcm,40861,1840140842,1280,1664,40861,1840140842,R,MLO,0,/media/angualberto/423ff97c-bf80-4bc9-9621-cf3ec081fd25/rsna_breast_cancer_detection/train_images/40861/1840140842.dcm,test
SEM_NODULO,/media/angualberto/423ff97c-bf80-4bc9-9621-cf3ec081fd25/rsna_breast_cancer_detection/train_images/40861/1951519040.dcm,1951519040.dcm,40861,1951519040,1280,1664,40861,1951519040,L,CC,0,/media/angualberto/423ff97c-bf80-4bc9-9621-cf3ec081fd25/rsna_breast_cancer_detection/train_images/40861/1951519040.dcm,test
SEM_NODULO,/media/angualberto/423ff97c-bf80-4bc9-9621-cf3ec081fd25/rsna_breast_cancer_detection/train_images/40861/2066119709.dcm,2066119709.dcm,40861,2066119709,1280,1664,40861,2066119709,R,MLO,0,/media/angualberto/423ff97c-bf80-4bc9-9621-cf3ec081fd25/rsna_breast_cancer_detection/train_images/40861/2066119709.dcm,test
SEM_NODULO,/media/angualberto/423ff97c-bf80-4bc9-9621-cf3ec081fd25/rsna_breast_cancer_detection/train_images/40861/219687587.dcm,219687587.dcm,40861,219687587,1280,1664,40861,219687587,L,MLO,0,/media/angualberto/423ff97c-bf80-4bc9-9621-cf3ec081fd25/rsna_breast_cancer_detection/train_images/40861/219687587.dcm,test
SEM_NODULO,/media/angualberto/423ff97c-bf80-4bc9-9621-cf3ec081fd25/rsna_breast_cancer_detection/train_images/41010/1319456481.dcm,1319456481.dcm,41010,1319456481,1280,1664,41010,1319456481,R,CC,0,/media/angualberto/423ff97c-bf80-4bc9-9621-cf3ec081fd25/rsna_breast_cancer_detection/train_images/41010/1319456481.dcm,test
NODULO,/media/angualberto/423ff97c-bf80-4bc9-9621-cf3ec081fd25/rsna_breast_cancer_detection/train_images/41010/1394148389.dcm,1394148389.dcm,41010,1394148389,1280,1664,41010,1394148389,L,CC,1,/media/angualberto/423ff97c-bf80-4bc9-9621-cf3ec081fd25/rsna_breast_cancer_detection/train_images/41010/1394148389.dcm,test
NODULO,/media/angualberto/423ff97c-bf80-4bc9-9621-cf3ec081fd25/rsna_breast_cancer_detection/train_images/41010/2042146023.dcm,2042146023.dcm,41010,2042146023,1280,1664,41010,2042146023,L,MLO,1,/media/angualberto/423ff97c-bf80-4bc9-9621-cf3ec081fd25/rsna_breast_cancer_detection/train_images/41010/2042146023.dcm,test
SEM_NODULO,/media/angualberto/423ff97c-bf80-4bc9-9621-cf3ec081fd25/rsna_breast_cancer_detection/train_images/41010/35081665.dcm,35081665.dcm,41010,35081665,1280,1664,41010,35081665,R,MLO,0,/media/angualberto/423ff97c-bf80-4bc9-9621-cf3ec081fd25/rsna_breast_cancer_detection/train_images/41010/35081665.dcm,test
SEM_NODULO,/media/angualberto/423ff97c-bf80-4bc9-9621-cf3ec081fd25/rsna_breast_cancer_detection/train_images/41244/1031578360.dcm,1031578360.dcm,41244,1031578360,1664,2048,41244,1031578360,L,MLO,0,/media/angualberto/423ff97c-bf80-4bc9-9621-cf3ec081fd25/rsna_breast_cancer_detection/train_images/41244/1031578360.dcm,test
SEM_NODULO,/media/angualberto/423ff97c-bf80-4bc9-9621-cf3ec081fd25/rsna_breast_cancer_detection/train_images/41244/1067018366.dcm,1067018366.dcm,41244,1067018366,1664,2048,41244,1067018366,L,MLO,0,/media/angualberto/423ff97c-bf80-4bc9-9621-cf3ec081fd25/rsna_breast_cancer_detection/train_images/41244/1067018366.dcm,test
SEM_NODULO,/media/angualberto/423ff97c-bf80-4bc9-9621-cf3ec081fd25/rsna_breast_cancer_detection/train_images/41244/1299636013.dcm,1299636013.dcm,41244,1299636013,1664,2048,41244,1299636013,R,MLO,0,/media/angualberto/423ff97c-bf80-4bc9-9621-cf3ec081fd25/rsna_breast_cancer_detection/train_images/41244/1299636013.dcm,test
SEM_NODULO,/media/angualberto/423ff97c-bf80-4bc9-9621-cf3ec081fd25/rsna_breast_cancer_detection/train_images/41244/1349287629.dcm,1349287629.dcm,41244,1349287629,1664,2048,41244,1349287629,R,CC,0,/media/angualberto/423ff97c-bf80-4bc9-9621-cf3ec081fd25/rsna_breast_cancer_detection/train_images/41244/1349287629.dcm,test
SEM_NODULO,/media/angualberto/423ff97c-bf80-4bc9-9621-cf3ec081fd25/rsna_breast_cancer_detection/train_images/41244/608271591.dcm,608271591.dcm,41244,608271591,1664,2048,41244,608271591,R,MLO,0,/media/angualberto/423ff97c-bf80-4bc9-9621-cf3ec081fd25/rsna_breast_cancer_detection/train_images/41244/608271591.dcm,test
SEM_NODULO,/media/angualberto/423ff97c-bf80-4bc9-9621-cf3ec081fd25/rsna_breast_cancer_detection/train_images/41244/847023466.dcm,847023466.dcm,41244,847023466,1664,2048,41244,847023466,R,MLO,0,/media/angualberto/423ff97c-bf80-4bc9-9621-cf3ec081fd25/rsna_breast_cancer_detection/train_images/41244/847023466.dcm,test
SEM_NODULO,/media/angualberto/423ff97c-bf80-4bc9-9621-cf3ec081fd25/rsna_breast_cancer_detection/train_images/41244/859200134.dcm,859200134.dcm,41244,859200134,1664,2048,41244,859200134,L,CC,0,/media/angualberto/423ff97c-bf80-4bc9-9621-cf3ec081fd25/rsna_breast_cancer_detection/train_images/41244/859200134.dcm,test
NODULO,/media/angualberto/423ff97c-bf80-4bc9-9621-cf3ec081fd25/rsna_breast_cancer_detection/train_images/41359/1030582639.dcm,1030582639.dcm,41359,1030582639,1664,2048,41359,1030582639,L,MLO,1,/media/angualberto/423ff97c-bf80-4bc9-9621-cf3ec081fd25/rsna_breast_cancer_detection/train_images/41359/1030582639.dcm,train
SEM_NODULO,/media/angualberto/423ff97c-bf80-4bc9-9621-cf3ec081fd25/rsna_breast_cancer_detection/train_images/41359/1124960416.dcm,1124960416.dcm,41359,1124960416,1664,2048,41359,1124960416,R,MLO,0,/media/angualberto/423ff97c-bf80-4bc9-9621-cf3ec081fd25/rsna_breast_cancer_detection/train_images/41359/1124960416.dcm,train
NODULO,/media/angualberto/423ff97c-bf80-4bc9-9621-cf3ec081fd25/rsna_breast_cancer_detection/train_images/41359/1666009039.dcm,1666009039.dcm,41359,1666009039,1664,2048,41359,1666009039,L,MLO,1,/media/angualberto/423ff97c-bf80-4bc9-9621-cf3ec081fd25/rsna_breast_cancer_detection/train_images/41359/1666009039.dcm,train
SEM_NODULO,/media/angualberto/423ff97c-bf80-4bc9-9621-cf3ec081fd25/rsna_breast_cancer_detection/train_images/41359/1774492404.dcm,1774492404.dcm,41359,1774492404,1664,2048,41359,1774492404,R,CC,0,/media/angualberto/423ff97c-bf80-4bc9-9621-cf3ec081fd25/rsna_breast_cancer_detection/train_images/41359/1774492404.dcm,train
NODULO,/media/angualberto/423ff97c-bf80-4bc9-9621-cf3ec081fd25/rsna_breast_cancer_detection/train_images/41359/1802579446.dcm,1802579446.dcm,41359,1802579446,1664,2048,41359,1802579446,L,CC,1,/media/angualberto/423ff97c-bf80-4bc9-9621-cf3ec081fd25/rsna_breast_cancer_detection/train_images/41359/1802579446.dcm,train
SEM_NODULO,/media/angualberto/423ff97c-bf80-4bc9-9621-cf3ec081fd25/rsna_breast_cancer_detection/train_images/41530/1963523182.dcm,1963523182.dcm,41530,1963523182,1041,1388,41530,1963523182,L,MLO,0,/media/angualberto/423ff97c-bf80-4bc9-9621-cf3ec081fd25/rsna_breast_cancer_detection/train_images/41530/1963523182.dcm,train
NODULO,/media/angualberto/423ff97c-bf80-4bc9-9621-cf3ec081fd25/rsna_breast_cancer_detection/train_images/41530/2029361541.dcm,2029361541.dcm,41530,2029361541,1041,1388,41530,2029361541,R,MLO,1,/media/angualberto/423ff97c-bf80-4bc9-9621-cf3ec081fd25/rsna_breast_cancer_detection/train_images/41530/2029361541.dcm,train
SEM_NODULO,/media/angualberto/423ff97c-bf80-4bc9-9621-cf3ec081fd25/rsna_breast_cancer_detection/train_images/41530/643777101.dcm,643777101.dcm,41530,643777101,1041,1388,41530,643777101,L,CC,0,/media/angualberto/423ff97c-bf80-4bc9-9621-cf3ec081fd25/rsna_breast_cancer_detection/train_images/41530/643777101.dcm,train
NODULO,/media/angualberto/423ff97c-bf80-4bc9-9621-cf3ec081fd25/rsna_breast_cancer_detection/train_images/41530/788648186.dcm,788648186.dcm,41530,788648186,1041,1388,41530,788648186,R,CC,1,/media/angualberto/423ff97c-bf80-4bc9-9621-cf3ec081fd25/rsna_breast_cancer_detection/train_images/41530/788648186.dcm,train
SEM_NODULO,/media/angualberto/423ff97c-bf80-4bc9-9621-cf3ec081fd25/rsna_breast_cancer_detection/train_images/41560/1068534852.dcm,1068534852.dcm,41560,1068534852,1280,1664,41560,1068534852,L,MLO,0,/media/angualberto/423ff97c-bf80-4bc9-9621-cf3ec081fd25/rsna_breast_cancer_detection/train_images/41560/1068534852.dcm,test
SEM_NODULO,/media/angualberto/423ff97c-bf80-4bc9-9621-cf3ec081fd25/rsna_breast_cancer_detection/train_images/41560/1072090844.dcm,1072090844.dcm,41560,1072090844,1280,1664,41560,1072090844,L,CC,0,/media/angualberto/423ff97c-bf80-4bc9-9621-cf3ec081fd25/rsna_breast_cancer_detection/train_images/41560/1072090844.dcm,test
SEM_NODULO,/media/angualberto/423ff97c-bf80-4bc9-9621-cf3ec081fd25/rsna_breast_cancer_detection/train_images/41560/1514161310.dcm,1514161310.dcm,41560,1514161310,1280,1664,41560,1514161310,L,CC,0,/media/angualberto/423ff97c-bf80-4bc9-9621-cf3ec081fd25/rsna_breast_cancer_detection/train_images/41560/1514161310.dcm,test
SEM_NODULO,/media/angualberto/423ff97c-bf80-4bc9-9621-cf3ec081fd25/rsna_breast_cancer_detection/train_images/41560/1542084939.dcm,1542084939.dcm,41560,1542084939,1280,1664,41560,1542084939,L,MLO,0,/media/angualberto/423ff97c-bf80-4bc9-9621-cf3ec081fd25/rsna_breast_cancer_detection/train_images/41560/1542084939.dcm,test
SEM_NODULO,/media/angualberto/423ff97c-bf80-4bc9-9621-cf3ec081fd25/rsna_breast_cancer_detection/train_images/41560/1864208831.dcm,1864208831.dcm,41560,1864208831,1280,1664,41560,1864208831,R,CC,0,/media/angualberto/423ff97c-bf80-4bc9-9621-cf3ec081fd25/rsna_breast_cancer_detection/train_images/41560/1864208831.dcm,test
SEM_NODULO,/media/angualberto/423ff97c-bf80-4bc9-9621-cf3ec081fd25/rsna_breast_cancer_detection/train_images/41560/190214811.dcm,190214811.dcm,41560,190214811,1280,1664,41560,190214811,R,CC,0,/media/angualberto/423ff97c-bf80-4bc9-9621-cf3ec081fd25/rsna_breast_cancer_detection/train_images/41560/190214811.dcm,test
SEM_NODULO,/media/angualberto/423ff97c-bf80-4bc9-9621-cf3ec081fd25/rsna_breast_cancer_detection/train_images/41560/251516993.dcm,251516993.dcm,41560,251516993,1280,1664,41560,251516993,R,MLO,0,/media/angualberto/423ff97c-bf80-4bc9-9621-cf3ec081fd25/rsna_breast_cancer_detection/train_images/41560/251516993.dcm,test
NODULO,/media/angualberto/423ff97c-bf80-4bc9-9621-cf3ec081fd25/rsna_breast_cancer_detection/train_images/41584/1735459739.dcm,1735459739.dcm,41584,1735459739,1041,1388,41584,1735459739,R,CC,1,/media/angualberto/423ff97c-bf80-4bc9-9621-cf3ec081fd25/rsna_breast_cancer_detection/train_images/41584/1735459739.dcm,test
SEM_NODULO,/media/angualberto/423ff97c-bf80-4bc9-9621-cf3ec081fd25/rsna_breast_cancer_detection/train_images/41584/2075378446.dcm,2075378446.dcm,41584,2075378446,1041,1388,41584,2075378446,L,MLO,0,/media/angualberto/423ff97c-bf80-4bc9-9621-cf3ec081fd25/rsna_breast_cancer_detection/train_images/41584/2075378446.dcm,test
SEM_NODULO,/media/angualberto/423ff97c-bf80-4bc9-9621-cf3ec081fd25/rsna_breast_cancer_detection/train_images/41584/784731834.dcm,784731834.dcm,41584,784731834,1041,1388,41584,784731834,L,CC,0,/media/angualberto/423ff97c-bf80-4bc9-9621-cf3ec081fd25/rsna_breast_cancer_detection/train_images/41584/784731834.dcm,test
NODULO,/media/angualberto/423ff97c-bf80-4bc9-9621-cf3ec081fd25/rsna_breast_cancer_detection/train_images/41584/943062334.dcm,943062334.dcm,41584,943062334,1041,1388,41584,943062334,R,MLO,1,/media/angualberto/423ff97c-bf80-4bc9-9621-cf3ec081fd25/rsna_breast_cancer_detection/train_images/41584/943062334.dcm,test
SEM_NODULO,/media/angualberto/423ff97c-bf80-4bc9-9621-cf3ec081fd25/rsna_breast_cancer_detection/train_images/41610/1058819734.dcm,1058819734.dcm,41610,1058819734,1664,2048,41610,1058819734,L,CC,0,/media/angualberto/423ff97c-bf80-4bc9-9621-cf3ec081fd25/rsna_breast_cancer_detection/train_images/41610/1058819734.dcm,test
NODULO,/media/angualberto/423ff97c-bf80-4bc9-9621-cf3ec081fd25/rsna_breast_cancer_detection/train_images/41610/1957729736.dcm,1957729736.dcm,41610,1957729736,1664,2048,41610,1957729736,R,MLO,1,/media/angualberto/423ff97c-bf80-4bc9-9621-cf3ec081fd25/rsna_breast_cancer_detection/train_images/41610/1957729736.dcm,test
SEM_NODULO,/media/angualberto/423ff97c-bf80-4bc9-9621-cf3ec081fd25/rsna_breast_cancer_detection/train_images/41610/2073008084.dcm,2073008084.dcm,41610,2073008084,1664,2048,41610,2073008084,L,MLO,0,/media/angualberto/423ff97c-bf80-4bc9-9621-cf3ec081fd25/rsna_breast_cancer_detection/train_images/41610/2073008084.dcm,test
NODULO,/media/angualberto/423ff97c-bf80-4bc9-9621-cf3ec081fd25/rsna_breast_cancer_detection/train_images/41610/777491665.dcm,777491665.dcm,41610,777491665,1664,2048,41610,777491665,R,CC,1,/media/angualberto/423ff97c-bf80-4bc9-9621-cf3ec081fd25/rsna_breast_cancer_detection/train_images/41610/777491665.dcm,test
NODULO,/media/angualberto/423ff97c-bf80-4bc9-9621-cf3ec081fd25/rsna_breast_cancer_detection/train_images/41610/866373686.dcm,866373686.dcm,41610,866373686,1664,2048,41610,866373686,R,CC,1,/media/angualberto/423ff97c-bf80-4bc9-9621-cf3ec081fd25/rsna_breast_cancer_detection/train_images/41610/866373686.dcm,test
SEM_NODULO,/media/angualberto/423ff97c-bf80-4bc9-9621-cf3ec081fd25/rsna_breast_cancer_detection/train_images/41912/1117968273.dcm,1117968273.dcm,41912,1117968273,1664,2048,41912,1117968273,L,CC,0,/media/angualberto/423ff97c-bf80-4bc9-9621-cf3ec081fd25/rsna_breast_cancer_detection/train_images/41912/1117968273.dcm,train
SEM_NODULO,/media/angualberto/423ff97c-bf80-4bc9-9621-cf3ec081fd25/rsna_breast_cancer_detection/train_images/41912/1978456291.dcm,1978456291.dcm,41912,1978456291,1664,2048,41912,1978456291,R,CC,0,/media/angualberto/423ff97c-bf80-4bc9-9621-cf3ec081fd25/rsna_breast_cancer_detection/train_images/41912/1978456291.dcm,train
SEM_NODULO,/media/angualberto/423ff97c-bf80-4bc9-9621-cf3ec081fd25/rsna_breast_cancer_detection/train_images/41912/2127921737.dcm,2127921737.dcm,41912,2127921737,1664,2048,41912,2127921737,L,MLO,0,/media/angualberto/423ff97c-bf80-4bc9-9621-cf3ec081fd25/rsna_breast_cancer_detection/train_images/41912/2127921737.dcm,train
SEM_NODULO,/media/angualberto/423ff97c-bf80-4bc9-9621-cf3ec081fd25/rsna_breast_cancer_detection/train_images/41912/730535090.dcm,730535090.dcm,41912,730535090,1664,2048,41912,730535090,R,MLO,0,/media/angualberto/423ff97c-bf80-4bc9-9621-cf3ec081fd25/rsna_breast_cancer_detection/train_images/41912/730535090.dcm,train
SEM_NODULO,/media/angualberto/423ff97c-bf80-4bc9-9621-cf3ec081fd25/rsna_breast_cancer_detection/train_images/42045/1017421294.dcm,1017421294.dcm,42045,1017421294,1041,1388,42045,1017421294,R,MLO,0,/media/angualberto/423ff97c-bf80-4bc9-9621-cf3ec081fd25/rsna_breast_cancer_detection/train_images/42045/1017421294.dcm,test
SEM_NODULO,/media/angualberto/423ff97c-bf80-4bc9-9621-cf3ec081fd25/rsna_breast_cancer_detection/train_images/42045/1484464732.dcm,1484464732.dcm,42045,1484464732,1041,1388,42045,1484464732,L,CC,0,/media/angualberto/423ff97c-bf80-4bc9-9621-cf3ec081fd25/rsna_breast_cancer_detection/train_images/42045/1484464732.dcm,test
SEM_NODULO,/media/angualberto/423ff97c-bf80-4bc9-9621-cf3ec081fd25/rsna_breast_cancer_detection/train_images/42045/1653482313.dcm,1653482313.dcm,42045,1653482313,1041,1388,42045,1653482313,L,MLO,0,/media/angualberto/423ff97c-bf80-4bc9-9621-cf3ec081fd25/rsna_breast_cancer_detection/train_images/42045/1653482313.dcm,test
SEM_NODULO,/media/angualberto/423ff97c-bf80-4bc9-9621-cf3ec081fd25/rsna_breast_cancer_detection/train_images/42045/998022018.dcm,998022018.dcm,42045,998022018,1041,1388,42045,998022018,R,CC,0,/media/angualberto/423ff97c-bf80-4bc9-9621-cf3ec081fd25/rsna_breast_cancer_detection/train_images/42045/998022018.dcm,test
SEM_NODULO,/media/angualberto/423ff97c-bf80-4bc9-9621-cf3ec081fd25/rsna_breast_cancer_detection/train_images/42160/1437390581.dcm,1437390581.dcm,42160,1437390581,1664,2048,42160,1437390581,L,CC,0,/media/angualberto/423ff97c-bf80-4bc9-9621-cf3ec081fd25/rsna_breast_cancer_detection/train_images/42160/1437390581.dcm,test
NODULO,/media/angualberto/423ff97c-bf80-4bc9-9621-cf3ec081fd25/rsna_breast_cancer_detection/train_images/42160/1496104302.dcm,1496104302.dcm,42160,1496104302,1664,2048,42160,1496104302,R,CC,1,/media/angualberto/423ff97c-bf80-4bc9-9621-cf3ec081fd25/rsna_breast_cancer_detection/train_images/42160/1496104302.dcm,test
SEM_NODULO,/media/angualberto/423ff97c-bf80-4bc9-9621-cf3ec081fd25/rsna_breast_cancer_detection/train_images/42160/1836216328.dcm,1836216328.dcm,42160,1836216328,1664,2048,42160,1836216328,L,MLO,0,/media/angualberto/423ff97c-bf80-4bc9-9621-cf3ec081fd25/rsna_breast_cancer_detection/train_images/42160/1836216328.dcm,test
NODULO,/media/angualberto/423ff97c-bf80-4bc9-9621-cf3ec081fd25/rsna_breast_cancer_detection/train_images/42160/684267184.dcm,684267184.dcm,42160,684267184,1664,2048,42160,684267184,R,MLO,1,/media/angualberto/423ff97c-bf80-4bc9-9621-cf3ec081fd25/rsna_breast_cancer_detection/train_images/42160/684267184.dcm,test
SEM_NODULO,/media/angualberto/423ff97c-bf80-4bc9-9621-cf3ec081fd25/rsna_breast_cancer_detection/train_images/42414/142689690.dcm,142689690.dcm,42414,142689690,1664,2048,42414,142689690,R,CC,0,/media/angualberto/423ff97c-bf80-4bc9-9621-cf3ec081fd25/rsna_breast_cancer_detection/train_images/42414/142689690.dcm,train
NODULO,/media/angualberto/423ff97c-bf80-4bc9-9621-cf3ec081fd25/rsna_breast_cancer_detection/train_images/42414/806687925.dcm,806687925.dcm,42414,806687925,1664,2048,42414,806687925,L,MLO,1,/media/angualberto/423ff97c-bf80-4bc9-9621-cf3ec081fd25/rsna_breast_cancer_detection/train_images/42414/806687925.dcm,train
SEM_NODULO,/media/angualberto/423ff97c-bf80-4bc9-9621-cf3ec081fd25/rsna_breast_cancer_detection/train_images/42414/859617124.dcm,859617124.dcm,42414,859617124,1664,2048,42414,859617124,R,MLO,0,/media/angualberto/423ff97c-bf80-4bc9-9621-cf3ec081fd25/rsna_breast_cancer_detection/train_images/42414/859617124.dcm,train
NODULO,/media/angualberto/423ff97c-bf80-4bc9-9621-cf3ec081fd25/rsna_breast_cancer_detection/train_images/42414/99980764.dcm,99980764.dcm,42414,99980764,1664,2048,42414,99980764,L,CC,1,/media/angualberto/423ff97c-bf80-4bc9-9621-cf3ec081fd25/rsna_breast_cancer_detection/train_images/42414/99980764.dcm,train
NODULO,/media/angualberto/423ff97c-bf80-4bc9-9621-cf3ec081fd25/rsna_breast_cancer_detection/train_images/42581/1847331593.dcm,1847331593.dcm,42581,1847331593,1280,1664,42581,1847331593,L,MLO,1,/media/angualberto/423ff97c-bf80-4bc9-9621-cf3ec081fd25/rsna_breast_cancer_detection/train_images/42581/1847331593.dcm,train
SEM_NODULO,/media/angualberto/423ff97c-bf80-4bc9-9621-cf3ec081fd25/rsna_breast_cancer_detection/train_images/42581/290253762.dcm,290253762.dcm,42581,290253762,1280,1664,42581,290253762,R,CC,0,/media/angualberto/423ff97c-bf80-4bc9-9621-cf3ec081fd25/rsna_breast_cancer_detection/train_images/42581/290253762.dcm,train
SEM_NODULO,/media/angualberto/423ff97c-bf80-4bc9-9621-cf3ec081fd25/rsna_breast_cancer_detection/train_images/42581/351234639.dcm,351234639.dcm,42581,351234639,1280,1664,42581,351234639,R,MLO,0,/media/angualberto/423ff97c-bf80-4bc9-9621-cf3ec081fd25/rsna_breast_cancer_detection/train_images/42581/351234639.dcm,train
NODULO,/media/angualberto/423ff97c-bf80-4bc9-9621-cf3ec081fd25/rsna_breast_cancer_detection/train_images/42581/685597752.dcm,685597752.dcm,42581,685597752,1280,1664,42581,685597752,L,CC,1,/media/angualberto/423ff97c-bf80-4bc9-9621-cf3ec081fd25/rsna_breast_cancer_detection/train_images/42581/685597752.dcm,train
NODULO,/media/angualberto/423ff97c-bf80-4bc9-9621-cf3ec081fd25/rsna_breast_cancer_detection/train_images/42746/1401727204.dcm,1401727204.dcm,42746,1401727204,1041,1388,42746,1401727204,R,MLO,1,/media/angualberto/423ff97c-bf80-4bc9-9621-cf3ec081fd25/rsna_breast_cancer_detection/train_images/42746/1401727204.dcm,test
NODULO,/media/angualberto/423ff97c-bf80-4bc9-9621-cf3ec081fd25/rsna_breast_cancer_detection/train_images/42746/638253126.dcm,638253126.dcm,42746,638253126,1041,1388,42746,638253126,R,CC,1,/media/angualberto/423ff97c-bf80-4bc9-9621-cf3ec081fd25/rsna_breast_cancer_detection/train_images/42746/638253126.dcm,test
SEM_NODULO,/media/angualberto/423ff97c-bf80-4bc9-9621-cf3ec081fd25/rsna_breast_cancer_detection/train_images/42746/939722472.dcm,939722472.dcm,42746,939722472,1041,1388,42746,939722472,L,MLO,0,/media/angualberto/423ff97c-bf80-4bc9-9621-cf3ec081fd25/rsna_breast_cancer_detection/train_images/42746/939722472.dcm,test
SEM_NODULO,/media/angualberto/423ff97c-bf80-4bc9-9621-cf3ec081fd25/rsna_breast_cancer_detection/train_images/42746/983919619.dcm,983919619.dcm,42746,983919619,1041,1388,42746,983919619,L,CC,0,/media/angualberto/423ff97c-bf80-4bc9-9621-cf3ec081fd25/rsna_breast_cancer_detection/train_images/42746/983919619.dcm,test
SEM_NODULO,/media/angualberto/423ff97c-bf80-4bc9-9621-cf3ec081fd25/rsna_breast_cancer_detection/train_images/43170/1063254920.dcm,1063254920.dcm,43170,1063254920,1280,1664,43170,1063254920,R,CC,0,/media/angualberto/423ff97c-bf80-4bc9-9621-cf3ec081fd25/rsna_breast_cancer_detection/train_images/43170/1063254920.dcm,train
SEM_NODULO,/media/angualberto/423ff97c-bf80-4bc9-9621-cf3ec081fd25/rsna_breast_cancer_detection/train_images/43170/112998197.dcm,112998197.dcm,43170,112998197,1280,1664,43170,112998197,R,MLO,0,/media/angualberto/423ff97c-bf80-4bc9-9621-cf3ec081fd25/rsna_breast_cancer_detection/train_images/43170/112998197.dcm,train
SEM_NODULO,/media/angualberto/423ff97c-bf80-4bc9-9621-cf3ec081fd25/rsna_breast_cancer_detection/train_images/43170/1269637923.dcm,1269637923.dcm,43170,1269637923,1280,1664,43170,1269637923,L,MLO,0,/media/angualberto/423ff97c-bf80-4bc9-9621-cf3ec081fd25/rsna_breast_cancer_detection/train_images/43170/1269637923.dcm,train
SEM_NODULO,/media/angualberto/423ff97c-bf80-4bc9-9621-cf3ec081fd25/rsna_breast_cancer_detection/train_images/43170/1319944831.dcm,1319944831.dcm,43170,1319944831,1280,1664,43170,1319944831,R,CC,0,/media/angualberto/423ff97c-bf80-4bc9-9621-cf3ec081fd25/rsna_breast_cancer_detection/train_images/43170/1319944831.dcm,train
SEM_NODULO,/media/angualberto/423ff97c-bf80-4bc9-9621-cf3ec081fd25/rsna_breast_cancer_detection/train_images/43170/1341953327.dcm,1341953327.dcm,43170,1341953327,1280,1664,43170,1341953327,L,MLO,0,/media/angualberto/423ff97c-bf80-4bc9-9621-cf3ec081fd25/rsna_breast_cancer_detection/train_images/43170/1341953327.dcm,train
SEM_NODULO,/media/angualberto/423ff97c-bf80-4bc9-9621-cf3ec081fd25/rsna_breast_cancer_detection/train_images/43170/1521634939.dcm,1521634939.dcm,43170,1521634939,1280,1664,43170,1521634939,L,CC,0,/media/angualberto/423ff97c-bf80-4bc9-9621-cf3ec081fd25/rsna_breast_cancer_detection/train_images/43170/1521634939.dcm,train
SEM_NODULO,/media/angualberto/423ff97c-bf80-4bc9-9621-cf3ec081fd25/rsna_breast_cancer_detection/train_images/43170/427473806.dcm,427473806.dcm,43170,427473806,1280,1664,43170,427473806,L,CC,0,/media/angualberto/423ff97c-bf80-4bc9-9621-cf3ec081fd25/rsna_breast_cancer_detection/train_images/43170/427473806.dcm,train
SEM_NODULO,/media/angualberto/423ff97c-bf80-4bc9-9621-cf3ec081fd25/rsna_breast_cancer_detection/train_images/43170/965102461.dcm,965102461.dcm,43170,965102461,1280,1664,43170,965102461,R,MLO,0,/media/angualberto/423ff97c-bf80-4bc9-9621-cf3ec081fd25/rsna_breast_cancer_detection/train_images/43170/965102461.dcm,train
NODULO,/media/angualberto/423ff97c-bf80-4bc9-9621-cf3ec081fd25/rsna_breast_cancer_detection/train_images/4340/1757286067.dcm,1757286067.dcm,4340,1757286067,1664,2048,4340,1757286067,R,CC,1,/media/angualberto/423ff97c-bf80-4bc9-9621-cf3ec081fd25/rsna_breast_cancer_detection/train_images/4340/1757286067.dcm,train
NODULO,/media/angualberto/423ff97c-bf80-4bc9-9621-cf3ec081fd25/rsna_breast_cancer_detection/train_images/4340/2097599250.dcm,2097599250.dcm,4340,2097599250,1664,2048,4340,2097599250,R,MLO,1,/media/angualberto/423ff97c-bf80-4bc9-9621-cf3ec081fd25/rsna_breast_cancer_detection/train_images/4340/2097599250.dcm,train
SEM_NODULO,/media/angualberto/423ff97c-bf80-4bc9-9621-cf3ec081fd25/rsna_breast_cancer_detection/train_images/4340/318797448.dcm,318797448.dcm,4340,318797448,1664,2048,4340,318797448,L,MLO,0,/media/angualberto/423ff97c-bf80-4bc9-9621-cf3ec081fd25/rsna_breast_cancer_detection/train_images/4340/318797448.dcm,train
SEM_NODULO,/media/angualberto/423ff97c-bf80-4bc9-9621-cf3ec081fd25/rsna_breast_cancer_detection/train_images/4340/519271137.dcm,519271137.dcm,4340,519271137,1664,2048,4340,519271137,L,CC,0,/media/angualberto/423ff97c-bf80-4bc9-9621-cf3ec081fd25/rsna_breast_cancer_detection/train_images/4340/519271137.dcm,train
SEM_NODULO,/media/angualberto/423ff97c-bf80-4bc9-9621-cf3ec081fd25/rsna_breast_cancer_detection/train_images/43963/139113469.dcm,139113469.dcm,43963,139113469,1664,2048,43963,139113469,R,MLO,0,/media/angualberto/423ff97c-bf80-4bc9-9621-cf3ec081fd25/rsna_breast_cancer_detection/train_images/43963/139113469.dcm,train
SEM_NODULO,/media/angualberto/423ff97c-bf80-4bc9-9621-cf3ec081fd25/rsna_breast_cancer_detection/train_images/43963/1568697521.dcm,1568697521.dcm,43963,1568697521,1664,2048,43963,1568697521,R,CC,0,/media/angualberto/423ff97c-bf80-4bc9-9621-cf3ec081fd25/rsna_breast_cancer_detection/train_images/43963/1568697521.dcm,train
SEM_NODULO,/media/angualberto/423ff97c-bf80-4bc9-9621-cf3ec081fd25/rsna_breast_cancer_detection/train_images/43963/732115853.dcm,732115853.dcm,43963,732115853,1664,2048,43963,732115853,L,CC,0,/media/angualberto/423ff97c-bf80-4bc9-9621-cf3ec081fd25/rsna_breast_cancer_detection/train_images/43963/732115853.dcm,train
SEM_NODULO,/media/angualberto/423ff97c-bf80-4bc9-9621-cf3ec081fd25/rsna_breast_cancer_detection/train_images/43963/950795741.dcm,950795741.dcm,43963,950795741,1664,2048,43963,950795741,L,MLO,0,/media/angualberto/423ff97c-bf80-4bc9-9621-cf3ec081fd25/rsna_breast_cancer_detection/train_images/43963/950795741.dcm,train
SEM_NODULO,/media/angualberto/423ff97c-bf80-4bc9-9621-cf3ec081fd25/rsna_breast_cancer_detection/train_images/44676/1198467680.dcm,1198467680.dcm,44676,1198467680,1280,1664,44676,1198467680,R,CC,0,/media/angualberto/423ff97c-bf80-4bc9-9621-cf3ec081fd25/rsna_breast_cancer_detection/train_images/44676/1198467680.dcm,test
NODULO,/media/angualberto/423ff97c-bf80-4bc9-9621-cf3ec081fd25/rsna_breast_cancer_detection/train_images/44676/1346493294.dcm,1346493294.dcm,44676,1346493294,1280,1664,44676,1346493294,L,MLO,1,/media/angualberto/423ff97c-bf80-4bc9-9621-cf3ec081fd25/rsna_breast_cancer_detection/train_images/44676/1346493294.dcm,test
NODULO,/media/angualberto/423ff97c-bf80-4bc9-9621-cf3ec081fd25/rsna_breast_cancer_detection/train_images/44676/630962.dcm,630962.dcm,44676,630962,1280,1664,44676,630962,L,CC,1,/media/angualberto/423ff97c-bf80-4bc9-9621-cf3ec081fd25/rsna_breast_cancer_detection/train_images/44676/630962.dcm,test
SEM_NODULO,/media/angualberto/423ff97c-bf80-4bc9-9621-cf3ec081fd25/rsna_breast_cancer_detection/train_images/44676/886077516.dcm,886077516.dcm,44676,886077516,1280,1664,44676,886077516,R,MLO,0,/media/angualberto/423ff97c-bf80-4bc9-9621-cf3ec081fd25/rsna_breast_cancer_detection/train_images/44676/886077516.dcm,test
SEM_NODULO,/media/angualberto/423ff97c-bf80-4bc9-9621-cf3ec081fd25/rsna_breast_cancer_detection/train_images/44780/1887963002.dcm,1887963002.dcm,44780,1887963002,2457,2677,44780,1887963002,L,CC,0,/media/angualberto/423ff97c-bf80-4bc9-9621-cf3ec081fd25/rsna_breast_cancer_detection/train_images/44780/1887963002.dcm,test
NODULO,/media/angualberto/423ff97c-bf80-4bc9-9621-cf3ec081fd25/rsna_breast_cancer_detection/train_images/44780/1918822736.dcm,1918822736.dcm,44780,1918822736,2457,2677,44780,1918822736,R,MLO,1,/media/angualberto/423ff97c-bf80-4bc9-9621-cf3ec081fd25/rsna_breast_cancer_detection/train_images/44780/1918822736.dcm,test
SEM_NODULO,/media/angualberto/423ff97c-bf80-4bc9-9621-cf3ec081fd25/rsna_breast_cancer_detection/train_images/44780/1919766038.dcm,1919766038.dcm,44780,1919766038,2457,2677,44780,1919766038,L,MLO,0,/media/angualberto/423ff97c-bf80-4bc9-9621-cf3ec081fd25/rsna_breast_cancer_detection/train_images/44780/1919766038.dcm,test
NODULO,/media/angualberto/423ff97c-bf80-4bc9-9621-cf3ec081fd25/rsna_breast_cancer_detection/train_images/44780/244481933.dcm,244481933.dcm,44780,244481933,2457,2677,44780,244481933,R,CC,1,/media/angualberto/423ff97c-bf80-4bc9-9621-cf3ec081fd25/rsna_breast_cancer_detection/train_images/44780/244481933.dcm,test
NODULO,/media/angualberto/423ff97c-bf80-4bc9-9621-cf3ec081fd25/rsna_breast_cancer_detection/train_images/44780/629017818.dcm,629017818.dcm,44780,629017818,2457,2677,44780,629017818,R,CC,1,/media/angualberto/423ff97c-bf80-4bc9-9621-cf3ec081fd25/rsna_breast_cancer_detection/train_images/44780/629017818.dcm,test
SEM_NODULO,/media/angualberto/423ff97c-bf80-4bc9-9621-cf3ec081fd25/rsna_breast_cancer_detection/train_images/44990/148008637.dcm,148008637.dcm,44990,148008637,1280,1664,44990,148008637,R,MLO,0,/media/angualberto/423ff97c-bf80-4bc9-9621-cf3ec081fd25/rsna_breast_cancer_detection/train_images/44990/148008637.dcm,train
SEM_NODULO,/media/angualberto/423ff97c-bf80-4bc9-9621-cf3ec081fd25/rsna_breast_cancer_detection/train_images/44990/1717649307.dcm,1717649307.dcm,44990,1717649307,1280,1664,44990,1717649307,R,CC,0,/media/angualberto/423ff97c-bf80-4bc9-9621-cf3ec081fd25/rsna_breast_cancer_detection/train_images/44990/1717649307.dcm,train
SEM_NODULO,/media/angualberto/423ff97c-bf80-4bc9-9621-cf3ec081fd25/rsna_breast_cancer_detection/train_images/44990/2107974254.dcm,2107974254.dcm,44990,2107974254,1280,1664,44990,2107974254,L,MLO,0,/media/angualberto/423ff97c-bf80-4bc9-9621-cf3ec081fd25/rsna_breast_cancer_detection/train_images/44990/2107974254.dcm,train
SEM_NODULO,/media/angualberto/423ff97c-bf80-4bc9-9621-cf3ec081fd25/rsna_breast_cancer_detection/train_images/44990/2129444064.dcm,2129444064.dcm,44990,2129444064,1280,1664,44990,2129444064,L,CC,0,/media/angualberto/423ff97c-bf80-4bc9-9621-cf3ec081fd25/rsna_breast_cancer_detection/train_images/44990/2129444064.dcm,train
SEM_NODULO,/media/angualberto/423ff97c-bf80-4bc9-9621-cf3ec081fd25/rsna_breast_cancer_detection/train_images/45607/1144535395.dcm,1144535395.dcm,45607,1144535395,1280,1664,45607,1144535395,L,CC,0,/media/angualberto/423ff97c-bf80-4bc9-9621-cf3ec081fd25/rsna_breast_cancer_detection/train_images/45607/1144535395.dcm,test
SEM_NODULO,/media/angualberto/423ff97c-bf80-4bc9-9621-cf3ec081fd25/rsna_breast_cancer_detection/train_images/45607/125913520.dcm,125913520.dcm,45607,125913520,1280,1664,45607,125913520,L,MLO,0,/media/angualberto/423ff97c-bf80-4bc9-9621-cf3ec081fd25/rsna_breast_cancer_detection/train_images/45607/125913520.dcm,test
SEM_NODULO,/media/angualberto/423ff97c-bf80-4bc9-9621-cf3ec081fd25/rsna_breast_cancer_detection/train_images/45607/1982362979.dcm,1982362979.dcm,45607,1982362979,1280,1664,45607,1982362979,R,CC,0,/media/angualberto/423ff97c-bf80-4bc9-9621-cf3ec081fd25/rsna_breast_cancer_detection/train_images/45607/1982362979.dcm,test
SEM_NODULO,/media/angualberto/423ff97c-bf80-4bc9-9621-cf3ec081fd25/rsna_breast_cancer_detection/train_images/45607/418294464.dcm,418294464.dcm,45607,418294464,1280,1664,45607,418294464,R,MLO,0,/media/angualberto/423ff97c-bf80-4bc9-9621-cf3ec081fd25/rsna_breast_cancer_detection/train_images/45607/418294464.dcm,test
NODULO,/media/angualberto/423ff97c-bf80-4bc9-9621-cf3ec081fd25/rsna_breast_cancer_detection/train_images/45666/1447050904.dcm,1447050904.dcm,45666,1447050904,1664,2048,45666,1447050904,R,CC,1,/media/angualberto/423ff97c-bf80-4bc9-9621-cf3ec081fd25/rsna_breast_cancer_detection/train_images/45666/1447050904.dcm,test
SEM_NODULO,/media/angualberto/423ff97c-bf80-4bc9-9621-cf3ec081fd25/rsna_breast_cancer_detection/train_images/45666/1815936610.dcm,1815936610.dcm,45666,1815936610,1664,2048,45666,1815936610,L,CC,0,/media/angualberto/423ff97c-bf80-4bc9-9621-cf3ec081fd25/rsna_breast_cancer_detection/train_images/45666/1815936610.dcm,test
NODULO,/media/angualberto/423ff97c-bf80-4bc9-9621-cf3ec081fd25/rsna_breast_cancer_detection/train_images/45666/1879230222.dcm,1879230222.dcm,45666,1879230222,1664,2048,45666,1879230222,R,MLO,1,/media/angualberto/423ff97c-bf80-4bc9-9621-cf3ec081fd25/rsna_breast_cancer_detection/train_images/45666/1879230222.dcm,test
NODULO,/media/angualberto/423ff97c-bf80-4bc9-9621-cf3ec081fd25/rsna_breast_cancer_detection/train_images/45666/952276083.dcm,952276083.dcm,45666,952276083,1664,2048,45666,952276083,R,MLO,1,/media/angualberto/423ff97c-bf80-4bc9-9621-cf3ec081fd25/rsna_breast_cancer_detection/train_images/45666/952276083.dcm,test
SEM_NODULO,/media/angualberto/423ff97c-bf80-4bc9-9621-cf3ec081fd25/rsna_breast_cancer_detection/train_images/45666/968413374.dcm,968413374.dcm,45666,968413374,1664,2048,45666,968413374,L,MLO,0,/media/angualberto/423ff97c-bf80-4bc9-9621-cf3ec081fd25/rsna_breast_cancer_detection/train_images/45666/968413374.dcm,test
NODULO,/media/angualberto/423ff97c-bf80-4bc9-9621-cf3ec081fd25/rsna_breast_cancer_detection/train_images/46014/1205666736.dcm,1205666736.dcm,46014,1205666736,1664,2048,46014,1205666736,R,MLO,1,/media/angualberto/423ff97c-bf80-4bc9-9621-cf3ec081fd25/rsna_breast_cancer_detection/train_images/46014/1205666736.dcm,train
SEM_NODULO,/media/angualberto/423ff97c-bf80-4bc9-9621-cf3ec081fd25/rsna_breast_cancer_detection/train_images/46014/1628163199.dcm,1628163199.dcm,46014,1628163199,1664,2048,46014,1628163199,L,CC,0,/media/angualberto/423ff97c-bf80-4bc9-9621-cf3ec081fd25/rsna_breast_cancer_detection/train_images/46014/1628163199.dcm,train
SEM_NODULO,/media/angualberto/423ff97c-bf80-4bc9-9621-cf3ec081fd25/rsna_breast_cancer_detection/train_images/46014/1703783867.dcm,1703783867.dcm,46014,1703783867,1664,2048,46014,1703783867,L,MLO,0,/media/angualberto/423ff97c-bf80-4bc9-9621-cf3ec081fd25/rsna_breast_cancer_detection/train_images/46014/1703783867.dcm,train
NODULO,/media/angualberto/423ff97c-bf80-4bc9-9621-cf3ec081fd25/rsna_breast_cancer_detection/train_images/46014/2030881308.dcm,2030881308.dcm,46014,2030881308,1664,2048,46014,2030881308,R,CC,1,/media/angualberto/423ff97c-bf80-4bc9-9621-cf3ec081fd25/rsna_breast_cancer_detection/train_images/46014/2030881308.dcm,train
SEM_NODULO,/media/angualberto/423ff97c-bf80-4bc9-9621-cf3ec081fd25/rsna_breast_cancer_detection/train_images/46090/1051908535.dcm,1051908535.dcm,46090,1051908535,1664,2048,46090,1051908535,R,CC,0,/media/angualberto/423ff97c-bf80-4bc9-9621-cf3ec081fd25/rsna_breast_cancer_detection/train_images/46090/1051908535.dcm,train
SEM_NODULO,/media/angualberto/423ff97c-bf80-4bc9-9621-cf3ec081fd25/rsna_breast_cancer_detection/train_images/46090/1298210878.dcm,1298210878.dcm,46090,1298210878,1664,2048,46090,1298210878,R,MLO,0,/media/angualberto/423ff97c-bf80-4bc9-9621-cf3ec081fd25/rsna_breast_cancer_detection/train_images/46090/1298210878.dcm,train
NODULO,/media/angualberto/423ff97c-bf80-4bc9-9621-cf3ec081fd25/rsna_breast_cancer_detection/train_images/46090/1469951993.dcm,1469951993.dcm,46090,1469951993,1664,2048,46090,1469951993,L,CC,1,/media/angualberto/423ff97c-bf80-4bc9-9621-cf3ec081fd25/rsna_breast_cancer_detection/train_images/46090/1469951993.dcm,train
NODULO,/media/angualberto/423ff97c-bf80-4bc9-9621-cf3ec081fd25/rsna_breast_cancer_detection/train_images/46090/1915891363.dcm,1915891363.dcm,46090,1915891363,1664,2048,46090,1915891363,L,MLO,1,/media/angualberto/423ff97c-bf80-4bc9-9621-cf3ec081fd25/rsna_breast_cancer_detection/train_images/46090/1915891363.dcm,train
SEM_NODULO,/media/angualberto/423ff97c-bf80-4bc9-9621-cf3ec081fd25/rsna_breast_cancer_detection/train_images/46136/1042332351.dcm,1042332351.dcm,46136,1042332351,1041,1388,46136,1042332351,L,MLO,0,/media/angualberto/423ff97c-bf80-4bc9-9621-cf3ec081fd25/rsna_breast_cancer_detection/train_images/46136/1042332351.dcm,train
SEM_NODULO,/media/angualberto/423ff97c-bf80-4bc9-9621-cf3ec081fd25/rsna_breast_cancer_detection/train_images/46136/1358756338.dcm,1358756338.dcm,46136,1358756338,1041,1388,46136,1358756338,R,CC,0,/media/angualberto/423ff97c-bf80-4bc9-9621-cf3ec081fd25/rsna_breast_cancer_detection/train_images/46136/1358756338.dcm,train
SEM_NODULO,/media/angualberto/423ff97c-bf80-4bc9-9621-cf3ec081fd25/rsna_breast_cancer_detection/train_images/46136/1747652522.dcm,1747652522.dcm,46136,1747652522,1041,1388,46136,1747652522,L,CC,0,/media/angualberto/423ff97c-bf80-4bc9-9621-cf3ec081fd25/rsna_breast_cancer_detection/train_images/46136/1747652522.dcm,train
SEM_NODULO,/media/angualberto/423ff97c-bf80-4bc9-9621-cf3ec081fd25/rsna_breast_cancer_detection/train_images/46136/831635365.dcm,831635365.dcm,46136,831635365,1041,1388,46136,831635365,R,MLO,0,/media/angualberto/423ff97c-bf80-4bc9-9621-cf3ec081fd25/rsna_breast_cancer_detection/train_images/46136/831635365.dcm,train
SEM_NODULO,/media/angualberto/423ff97c-bf80-4bc9-9621-cf3ec081fd25/rsna_breast_cancer_detection/train_images/46905/1161686084.dcm,1161686084.dcm,46905,1161686084,2457,2677,46905,1161686084,R,MLO,0,/media/angualberto/423ff97c-bf80-4bc9-9621-cf3ec081fd25/rsna_breast_cancer_detection/train_images/46905/1161686084.dcm,train
NODULO,/media/angualberto/423ff97c-bf80-4bc9-9621-cf3ec081fd25/rsna_breast_cancer_detection/train_images/46905/1176040529.dcm,1176040529.dcm,46905,1176040529,2457,2677,46905,1176040529,L,MLO,1,/media/angualberto/423ff97c-bf80-4bc9-9621-cf3ec081fd25/rsna_breast_cancer_detection/train_images/46905/1176040529.dcm,train
NODULO,/media/angualberto/423ff97c-bf80-4bc9-9621-cf3ec081fd25/rsna_breast_cancer_detection/train_images/46905/1342667639.dcm,1342667639.dcm,46905,1342667639,2457,2677,46905,1342667639,L,CC,1,/media/angualberto/423ff97c-bf80-4bc9-9621-cf3ec081fd25/rsna_breast_cancer_detection/train_images/46905/1342667639.dcm,train
SEM_NODULO,/media/angualberto/423ff97c-bf80-4bc9-9621-cf3ec081fd25/rsna_breast_cancer_detection/train_images/46905/190744301.dcm,190744301.dcm,46905,190744301,2457,2677,46905,190744301,R,CC,0,/media/angualberto/423ff97c-bf80-4bc9-9621-cf3ec081fd25/rsna_breast_cancer_detection/train_images/46905/190744301.dcm,train
SEM_NODULO,/media/angualberto/423ff97c-bf80-4bc9-9621-cf3ec081fd25/rsna_breast_cancer_detection/train_images/4692/1419001582.dcm,1419001582.dcm,4692,1419001582,1664,2048,4692,1419001582,R,CC,0,/media/angualberto/423ff97c-bf80-4bc9-9621-cf3ec081fd25/rsna_breast_cancer_detection/train_images/4692/1419001582.dcm,train
SEM_NODULO,/media/angualberto/423ff97c-bf80-4bc9-9621-cf3ec081fd25/rsna_breast_cancer_detection/train_images/4692/17580735.dcm,17580735.dcm,4692,17580735,1664,2048,4692,17580735,L,MLO,0,/media/angualberto/423ff97c-bf80-4bc9-9621-cf3ec081fd25/rsna_breast_cancer_detection/train_images/4692/17580735.dcm,train
SEM_NODULO,/media/angualberto/423ff97c-bf80-4bc9-9621-cf3ec081fd25/rsna_breast_cancer_detection/train_images/4692/391232173.dcm,391232173.dcm,4692,391232173,1664,2048,4692,391232173,R,MLO,0,/media/angualberto/423ff97c-bf80-4bc9-9621-cf3ec081fd25/rsna_breast_cancer_detection/train_images/4692/391232173.dcm,train
SEM_NODULO,/media/angualberto/423ff97c-bf80-4bc9-9621-cf3ec081fd25/rsna_breast_cancer_detection/train_images/4692/665366572.dcm,665366572.dcm,4692,665366572,1664,2048,4692,665366572,L,CC,0,/media/angualberto/423ff97c-bf80-4bc9-9621-cf3ec081fd25/rsna_breast_cancer_detection/train_images/4692/665366572.dcm,train
SEM_NODULO,/media/angualberto/423ff97c-bf80-4bc9-9621-cf3ec081fd25/rsna_breast_cancer_detection/train_images/4696/107705388.dcm,107705388.dcm,4696,107705388,1664,2048,4696,107705388,R,CC,0,/media/angualberto/423ff97c-bf80-4bc9-9621-cf3ec081fd25/rsna_breast_cancer_detection/train_images/4696/107705388.dcm,train
NODULO,/media/angualberto/423ff97c-bf80-4bc9-9621-cf3ec081fd25/rsna_breast_cancer_detection/train_images/4696/1846316095.dcm,1846316095.dcm,4696,1846316095,1664,2048,4696,1846316095,L,CC,1,/media/angualberto/423ff97c-bf80-4bc9-9621-cf3ec081fd25/rsna_breast_cancer_detection/train_images/4696/1846316095.dcm,train
NODULO,/media/angualberto/423ff97c-bf80-4bc9-9621-cf3ec081fd25/rsna_breast_cancer_detection/train_images/4696/2042369465.dcm,2042369465.dcm,4696,2042369465,1664,2048,4696,2042369465,L,MLO,1,/media/angualberto/423ff97c-bf80-4bc9-9621-cf3ec081fd25/rsna_breast_cancer_detection/train_images/4696/2042369465.dcm,train
SEM_NODULO,/media/angualberto/423ff97c-bf80-4bc9-9621-cf3ec081fd25/rsna_breast_cancer_detection/train_images/4696/305667949.dcm,305667949.dcm,4696,305667949,1664,2048,4696,305667949,R,MLO,0,/media/angualberto/423ff97c-bf80-4bc9-9621-cf3ec081fd25/rsna_breast_cancer_detection/train_images/4696/305667949.dcm,train
NODULO,/media/angualberto/423ff97c-bf80-4bc9-9621-cf3ec081fd25/rsna_breast_cancer_detection/train_images/47055/102668587.dcm,102668587.dcm,47055,102668587,1280,1664,47055,102668587,L,CC,1,/media/angualberto/423ff97c-bf80-4bc9-9621-cf3ec081fd25/rsna_breast_cancer_detection/train_images/47055/102668587.dcm,train
SEM_NODULO,/media/angualberto/423ff97c-bf80-4bc9-9621-cf3ec081fd25/rsna_breast_cancer_detection/train_images/47055/1134832378.dcm,1134832378.dcm,47055,1134832378,1280,1664,47055,1134832378,R,MLO,0,/media/angualberto/423ff97c-bf80-4bc9-9621-cf3ec081fd25/rsna_breast_cancer_detection/train_images/47055/1134832378.dcm,train
NODULO,/media/angualberto/423ff97c-bf80-4bc9-9621-cf3ec081fd25/rsna_breast_cancer_detection/train_images/47055/11944138.dcm,11944138.dcm,47055,11944138,1280,1664,47055,11944138,L,CC,1,/media/angualberto/423ff97c-bf80-4bc9-9621-cf3ec081fd25/rsna_breast_cancer_detection/train_images/47055/11944138.dcm,train
NODULO,/media/angualberto/423ff97c-bf80-4bc9-9621-cf3ec081fd25/rsna_breast_cancer_detection/train_images/47055/1319601220.dcm,1319601220.dcm,47055,1319601220,1280,1664,47055,1319601220,L,MLO,1,/media/angualberto/423ff97c-bf80-4bc9-9621-cf3ec081fd25/rsna_breast_cancer_detection/train_images/47055/1319601220.dcm,train
SEM_NODULO,/media/angualberto/423ff97c-bf80-4bc9-9621-cf3ec081fd25/rsna_breast_cancer_detection/train_images/47055/450312147.dcm,450312147.dcm,47055,450312147,1280,1664,47055,450312147,R,CC,0,/media/angualberto/423ff97c-bf80-4bc9-9621-cf3ec081fd25/rsna_breast_cancer_detection/train_images/47055/450312147.dcm,train
NODULO,/media/angualberto/423ff97c-bf80-4bc9-9621-cf3ec081fd25/rsna_breast_cancer_detection/train_images/47055/998306444.dcm,998306444.dcm,47055,998306444,1280,1664,47055,998306444,L,CC,1,/media/angualberto/423ff97c-bf80-4bc9-9621-cf3ec081fd25/rsna_breast_cancer_detection/train_images/47055/998306444.dcm,train
SEM_NODULO,/media/angualberto/423ff97c-bf80-4bc9-9621-cf3ec081fd25/rsna_breast_cancer_detection/train_images/47128/1692741515.dcm,1692741515.dcm,47128,1692741515,2457,2677,47128,1692741515,L,MLO,0,/media/angualberto/423ff97c-bf80-4bc9-9621-cf3ec081fd25/rsna_breast_cancer_detection/train_images/47128/1692741515.dcm,train
SEM_NODULO,/media/angualberto/423ff97c-bf80-4bc9-9621-cf3ec081fd25/rsna_breast_cancer_detection/train_images/47128/1694532776.dcm,1694532776.dcm,47128,1694532776,2457,2677,47128,1694532776,L,CC,0,/media/angualberto/423ff97c-bf80-4bc9-9621-cf3ec081fd25/rsna_breast_cancer_detection/train_images/47128/1694532776.dcm,train
NODULO,/media/angualberto/423ff97c-bf80-4bc9-9621-cf3ec081fd25/rsna_breast_cancer_detection/train_images/47128/1726612128.dcm,1726612128.dcm,47128,1726612128,2457,2677,47128,1726612128,R,MLO,1,/media/angualberto/423ff97c-bf80-4bc9-9621-cf3ec081fd25/rsna_breast_cancer_detection/train_images/47128/1726612128.dcm,train
NODULO,/media/angualberto/423ff97c-bf80-4bc9-9621-cf3ec081fd25/rsna_breast_cancer_detection/train_images/47128/270089098.dcm,270089098.dcm,47128,270089098,2457,2677,47128,270089098,R,CC,1,/media/angualberto/423ff97c-bf80-4bc9-9621-cf3ec081fd25/rsna_breast_cancer_detection/train_images/47128/270089098.dcm,train
SEM_NODULO,/media/angualberto/423ff97c-bf80-4bc9-9621-cf3ec081fd25/rsna_breast_cancer_detection/train_images/47171/1387915257.dcm,1387915257.dcm,47171,1387915257,2457,2677,47171,1387915257,L,MLO,0,/media/angualberto/423ff97c-bf80-4bc9-9621-cf3ec081fd25/rsna_breast_cancer_detection/train_images/47171/1387915257.dcm,train
NODULO,/media/angualberto/423ff97c-bf80-4bc9-9621-cf3ec081fd25/rsna_breast_cancer_detection/train_images/47171/1482125963.dcm,1482125963.dcm,47171,1482125963,2457,2677,47171,1482125963,R,MLO,1,/media/angualberto/423ff97c-bf80-4bc9-9621-cf3ec081fd25/rsna_breast_cancer_detection/train_images/47171/1482125963.dcm,train
SEM_NODULO,/media/angualberto/423ff97c-bf80-4bc9-9621-cf3ec081fd25/rsna_breast_cancer_detection/train_images/47171/177161185.dcm,177161185.dcm,47171,177161185,2457,2677,47171,177161185,L,CC,0,/media/angualberto/423ff97c-bf80-4bc9-9621-cf3ec081fd25/rsna_breast_cancer_detection/train_images/47171/177161185.dcm,train
NODULO,/media/angualberto/423ff97c-bf80-4bc9-9621-cf3ec081fd25/rsna_breast_cancer_detection/train_images/47171/1934472220.dcm,1934472220.dcm,47171,1934472220,2457,2677,47171,1934472220,R,CC,1,/media/angualberto/423ff97c-bf80-4bc9-9621-cf3ec081fd25/rsna_breast_cancer_detection/train_images/47171/1934472220.dcm,train
NODULO,/media/angualberto/423ff97c-bf80-4bc9-9621-cf3ec081fd25/rsna_breast_cancer_detection/train_images/47212/1191410967.dcm,1191410967.dcm,47212,1191410967,1664,2048,47212,1191410967,R,MLO,1,/media/angualberto/423ff97c-bf80-4bc9-9621-cf3ec081fd25/rsna_breast_cancer_detection/train_images/47212/1191410967.dcm,train
SEM_NODULO,/media/angualberto/423ff97c-bf80-4bc9-9621-cf3ec081fd25/rsna_breast_cancer_detection/train_images/47212/1906060907.dcm,1906060907.dcm,47212,1906060907,1664,2048,47212,1906060907,L,MLO,0,/media/angualberto/423ff97c-bf80-4bc9-9621-cf3ec081fd25/rsna_breast_cancer_detection/train_images/47212/1906060907.dcm,train
NODULO,/media/angualberto/423ff97c-bf80-4bc9-9621-cf3ec081fd25/rsna_breast_cancer_detection/train_images/47212/424911657.dcm,424911657.dcm,47212,424911657,1664,2048,47212,424911657,R,CC,1,/media/angualberto/423ff97c-bf80-4bc9-9621-cf3ec081fd25/rsna_breast_cancer_detection/train_images/47212/424911657.dcm,train
SEM_NODULO,/media/angualberto/423ff97c-bf80-4bc9-9621-cf3ec081fd25/rsna_breast_cancer_detection/train_images/47212/528218108.dcm,528218108.dcm,47212,528218108,1664,2048,47212,528218108,L,CC,0,/media/angualberto/423ff97c-bf80-4bc9-9621-cf3ec081fd25/rsna_breast_cancer_detection/train_images/47212/528218108.dcm,train
NODULO,/media/angualberto/423ff97c-bf80-4bc9-9621-cf3ec081fd25/rsna_breast_cancer_detection/train_images/47280/1058632970.dcm,1058632970.dcm,47280,1058632970,1280,1664,47280,1058632970,L,CC,1,/media/angualberto/423ff97c-bf80-4bc9-9621-cf3ec081fd25/rsna_breast_cancer_detection/train_images/47280/1058632970.dcm,train
SEM_NODULO,/media/angualberto/423ff97c-bf80-4bc9-9621-cf3ec081fd25/rsna_breast_cancer_detection/train_images/47280/1260129733.dcm,1260129733.dcm,47280,1260129733,1280,1664,47280,1260129733,R,MLO,0,/media/angualberto/423ff97c-bf80-4bc9-9621-cf3ec081fd25/rsna_breast_cancer_detection/train_images/47280/1260129733.dcm,train
NODULO,/media/angualberto/423ff97c-bf80-4bc9-9621-cf3ec081fd25/rsna_breast_cancer_detection/train_images/47280/1577937072.dcm,1577937072.dcm,47280,1577937072,1280,1664,47280,1577937072,L,MLO,1,/media/angualberto/423ff97c-bf80-4bc9-9621-cf3ec081fd25/rsna_breast_cancer_detection/train_images/47280/1577937072.dcm,train
SEM_NODULO,/media/angualberto/423ff97c-bf80-4bc9-9621-cf3ec081fd25/rsna_breast_cancer_detection/train_images/47280/1640470906.dcm,1640470906.dcm,47280,1640470906,1280,1664,47280,1640470906,R,CC,0,/media/angualberto/423ff97c-bf80-4bc9-9621-cf3ec081fd25/rsna_breast_cancer_detection/train_images/47280/1640470906.dcm,train
SEM_NODULO,/media/angualberto/423ff97c-bf80-4bc9-9621-cf3ec081fd25/rsna_breast_cancer_detection/train_images/48171/1812635345.dcm,1812635345.dcm,48171,1812635345,1664,2048,48171,1812635345,R,MLO,0,/media/angualberto/423ff97c-bf80-4bc9-9621-cf3ec081fd25/rsna_breast_cancer_detection/train_images/48171/1812635345.dcm,train
SEM_NODULO,/media/angualberto/423ff97c-bf80-4bc9-9621-cf3ec081fd25/rsna_breast_cancer_detection/train_images/48171/2064701941.dcm,2064701941.dcm,48171,2064701941,1664,2048,48171,2064701941,R,CC,0,/media/angualberto/423ff97c-bf80-4bc9-9621-cf3ec081fd25/rsna_breast_cancer_detection/train_images/48171/2064701941.dcm,train
NODULO,/media/angualberto/423ff97c-bf80-4bc9-9621-cf3ec081fd25/rsna_breast_cancer_detection/train_images/48171/310453629.dcm,310453629.dcm,48171,310453629,1664,2048,48171,310453629,L,CC,1,/media/angualberto/423ff97c-bf80-4bc9-9621-cf3ec081fd25/rsna_breast_cancer_detection/train_images/48171/310453629.dcm,train
NODULO,/media/angualberto/423ff97c-bf80-4bc9-9621-cf3ec081fd25/rsna_breast_cancer_detection/train_images/48171/373646784.dcm,373646784.dcm,48171,373646784,1664,2048,48171,373646784,L,MLO,1,/media/angualberto/423ff97c-bf80-4bc9-9621-cf3ec081fd25/rsna_breast_cancer_detection/train_images/48171/373646784.dcm,train
SEM_NODULO,/media/angualberto/423ff97c-bf80-4bc9-9621-cf3ec081fd25/rsna_breast_cancer_detection/train_images/48260/1258434852.dcm,1258434852.dcm,48260,1258434852,1041,1388,48260,1258434852,R,MLO,0,/media/angualberto/423ff97c-bf80-4bc9-9621-cf3ec081fd25/rsna_breast_cancer_detection/train_images/48260/1258434852.dcm,train
SEM_NODULO,/media/angualberto/423ff97c-bf80-4bc9-9621-cf3ec081fd25/rsna_breast_cancer_detection/train_images/48260/1897749837.dcm,1897749837.dcm,48260,1897749837,1041,1388,48260,1897749837,L,CC,0,/media/angualberto/423ff97c-bf80-4bc9-9621-cf3ec081fd25/rsna_breast_cancer_detection/train_images/48260/1897749837.dcm,train
SEM_NODULO,/media/angualberto/423ff97c-bf80-4bc9-9621-cf3ec081fd25/rsna_breast_cancer_detection/train_images/48260/2097716894.dcm,2097716894.dcm,48260,2097716894,1041,1388,48260,2097716894,R,CC,0,/media/angualberto/423ff97c-bf80-4bc9-9621-cf3ec081fd25/rsna_breast_cancer_detection/train_images/48260/2097716894.dcm,train
SEM_NODULO,/media/angualberto/423ff97c-bf80-4bc9-9621-cf3ec081fd25/rsna_breast_cancer_detection/train_images/48260/993534079.dcm,993534079.dcm,48260,993534079,1041,1388,48260,993534079,L,MLO,0,/media/angualberto/423ff97c-bf80-4bc9-9621-cf3ec081fd25/rsna_breast_cancer_detection/train_images/48260/993534079.dcm,train
NODULO,/media/angualberto/423ff97c-bf80-4bc9-9621-cf3ec081fd25/rsna_breast_cancer_detection/train_images/48350/1102444861.dcm,1102444861.dcm,48350,1102444861,1041,1388,48350,1102444861,R,MLO,1,/media/angualberto/423ff97c-bf80-4bc9-9621-cf3ec081fd25/rsna_breast_cancer_detection/train_images/48350/1102444861.dcm,train
SEM_NODULO,/media/angualberto/423ff97c-bf80-4bc9-9621-cf3ec081fd25/rsna_breast_cancer_detection/train_images/48350/1772137089.dcm,1772137089.dcm,48350,1772137089,1041,1388,48350,1772137089,L,MLO,0,/media/angualberto/423ff97c-bf80-4bc9-9621-cf3ec081fd25/rsna_breast_cancer_detection/train_images/48350/1772137089.dcm,train
SEM_NODULO,/media/angualberto/423ff97c-bf80-4bc9-9621-cf3ec081fd25/rsna_breast_cancer_detection/train_images/48350/2013494728.dcm,2013494728.dcm,48350,2013494728,1041,1388,48350,2013494728,L,CC,0,/media/angualberto/423ff97c-bf80-4bc9-9621-cf3ec081fd25/rsna_breast_cancer_detection/train_images/48350/2013494728.dcm,train
NODULO,/media/angualberto/423ff97c-bf80-4bc9-9621-cf3ec081fd25/rsna_breast_cancer_detection/train_images/48350/253719295.dcm,253719295.dcm,48350,253719295,1041,1388,48350,253719295,R,CC,1,/media/angualberto/423ff97c-bf80-4bc9-9621-cf3ec081fd25/rsna_breast_cancer_detection/train_images/48350/253719295.dcm,train
SEM_NODULO,/media/angualberto/423ff97c-bf80-4bc9-9621-cf3ec081fd25/rsna_breast_cancer_detection/train_images/48596/163975340.dcm,163975340.dcm,48596,163975340,1664,2048,48596,163975340,R,CC,0,/media/angualberto/423ff97c-bf80-4bc9-9621-cf3ec081fd25/rsna_breast_cancer_detection/train_images/48596/163975340.dcm,test
SEM_NODULO,/media/angualberto/423ff97c-bf80-4bc9-9621-cf3ec081fd25/rsna_breast_cancer_detection/train_images/48596/1683210912.dcm,1683210912.dcm,48596,1683210912,1664,2048,48596,1683210912,R,CC,0,/media/angualberto/423ff97c-bf80-4bc9-9621-cf3ec081fd25/rsna_breast_cancer_detection/train_images/48596/1683210912.dcm,test
SEM_NODULO,/media/angualberto/423ff97c-bf80-4bc9-9621-cf3ec081fd25/rsna_breast_cancer_detection/train_images/48596/197548465.dcm,197548465.dcm,48596,197548465,1664,2048,48596,197548465,R,MLO,0,/media/angualberto/423ff97c-bf80-4bc9-9621-cf3ec081fd25/rsna_breast_cancer_detection/train_images/48596/197548465.dcm,test
SEM_NODULO,/media/angualberto/423ff97c-bf80-4bc9-9621-cf3ec081fd25/rsna_breast_cancer_detection/train_images/48596/317527744.dcm,317527744.dcm,48596,317527744,1664,2048,48596,317527744,L,CC,0,/media/angualberto/423ff97c-bf80-4bc9-9621-cf3ec081fd25/rsna_breast_cancer_detection/train_images/48596/317527744.dcm,test
SEM_NODULO,/media/angualberto/423ff97c-bf80-4bc9-9621-cf3ec081fd25/rsna_breast_cancer_detection/train_images/48596/844917725.dcm,844917725.dcm,48596,844917725,1664,2048,48596,844917725,L,MLO,0,/media/angualberto/423ff97c-bf80-4bc9-9621-cf3ec081fd25/rsna_breast_cancer_detection/train_images/48596/844917725.dcm,test
SEM_NODULO,/media/angualberto/423ff97c-bf80-4bc9-9621-cf3ec081fd25/rsna_breast_cancer_detection/train_images/4865/1580087550.dcm,1580087550.dcm,4865,1580087550,1664,2048,4865,1580087550,L,MLO,0,/media/angualberto/423ff97c-bf80-4bc9-9621-cf3ec081fd25/rsna_breast_cancer_detection/train_images/4865/1580087550.dcm,train
SEM_NODULO,/media/angualberto/423ff97c-bf80-4bc9-9621-cf3ec081fd25/rsna_breast_cancer_detection/train_images/4865/1668840015.dcm,1668840015.dcm,4865,1668840015,1664,2048,4865,1668840015,L,CC,0,/media/angualberto/423ff97c-bf80-4bc9-9621-cf3ec081fd25/rsna_breast_cancer_detection/train_images/4865/1668840015.dcm,train
SEM_NODULO,/media/angualberto/423ff97c-bf80-4bc9-9621-cf3ec081fd25/rsna_breast_cancer_detection/train_images/4865/1808060892.dcm,1808060892.dcm,4865,1808060892,1664,2048,4865,1808060892,R,MLO,0,/media/angualberto/423ff97c-bf80-4bc9-9621-cf3ec081fd25/rsna_breast_cancer_detection/train_images/4865/1808060892.dcm,train
SEM_NODULO,/media/angualberto/423ff97c-bf80-4bc9-9621-cf3ec081fd25/rsna_breast_cancer_detection/train_images/4865/331420620.dcm,331420620.dcm,4865,331420620,1664,2048,4865,331420620,R,CC,0,/media/angualberto/423ff97c-bf80-4bc9-9621-cf3ec081fd25/rsna_breast_cancer_detection/train_images/4865/331420620.dcm,train
NODULO,/media/angualberto/423ff97c-bf80-4bc9-9621-cf3ec081fd25/rsna_breast_cancer_detection/train_images/4888/1456539286.dcm,1456539286.dcm,4888,1456539286,1664,2048,4888,1456539286,L,CC,1,/media/angualberto/423ff97c-bf80-4bc9-9621-cf3ec081fd25/rsna_breast_cancer_detection/train_images/4888/1456539286.dcm,train
SEM_NODULO,/media/angualberto/423ff97c-bf80-4bc9-9621-cf3ec081fd25/rsna_breast_cancer_detection/train_images/4888/1631274941.dcm,1631274941.dcm,4888,1631274941,1664,2048,4888,1631274941,R,CC,0,/media/angualberto/423ff97c-bf80-4bc9-9621-cf3ec081fd25/rsna_breast_cancer_detection/train_images/4888/1631274941.dcm,train
NODULO,/media/angualberto/423ff97c-bf80-4bc9-9621-cf3ec081fd25/rsna_breast_cancer_detection/train_images/4888/1705616801.dcm,1705616801.dcm,4888,1705616801,1664,2048,4888,1705616801,L,MLO,1,/media/angualberto/423ff97c-bf80-4bc9-9621-cf3ec081fd25/rsna_breast_cancer_detection/train_images/4888/1705616801.dcm,train
SEM_NODULO,/media/angualberto/423ff97c-bf80-4bc9-9621-cf3ec081fd25/rsna_breast_cancer_detection/train_images/4888/1860974089.dcm,1860974089.dcm,4888,1860974089,1664,2048,4888,1860974089,R,MLO,0,/media/angualberto/423ff97c-bf80-4bc9-9621-cf3ec081fd25/rsna_breast_cancer_detection/train_images/4888/1860974089.dcm,train
NODULO,/media/angualberto/423ff97c-bf80-4bc9-9621-cf3ec081fd25/rsna_breast_cancer_detection/train_images/4888/759765009.dcm,759765009.dcm,4888,759765009,1664,2048,4888,759765009,L,MLO,1,/media/angualberto/423ff97c-bf80-4bc9-9621-cf3ec081fd25/rsna_breast_cancer_detection/train_images/4888/759765009.dcm,train
SEM_NODULO,/media/angualberto/423ff97c-bf80-4bc9-9621-cf3ec081fd25/rsna_breast_cancer_detection/train_images/48921/144558807.dcm,144558807.dcm,48921,144558807,1664,2048,48921,144558807,R,CC,0,/media/angualberto/423ff97c-bf80-4bc9-9621-cf3ec081fd25/rsna_breast_cancer_detection/train_images/48921/144558807.dcm,train
SEM_NODULO,/media/angualberto/423ff97c-bf80-4bc9-9621-cf3ec081fd25/rsna_breast_cancer_detection/train_images/48921/1920949802.dcm,1920949802.dcm,48921,1920949802,1664,2048,48921,1920949802,R,MLO,0,/media/angualberto/423ff97c-bf80-4bc9-9621-cf3ec081fd25/rsna_breast_cancer_detection/train_images/48921/1920949802.dcm,train
SEM_NODULO,/media/angualberto/423ff97c-bf80-4bc9-9621-cf3ec081fd25/rsna_breast_cancer_detection/train_images/48921/1962845453.dcm,1962845453.dcm,48921,1962845453,1664,2048,48921,1962845453,L,CC,0,/media/angualberto/423ff97c-bf80-4bc9-9621-cf3ec081fd25/rsna_breast_cancer_detection/train_images/48921/1962845453.dcm,train
SEM_NODULO,/media/angualberto/423ff97c-bf80-4bc9-9621-cf3ec081fd25/rsna_breast_cancer_detection/train_images/48921/603918348.dcm,603918348.dcm,48921,603918348,1664,2048,48921,603918348,L,MLO,0,/media/angualberto/423ff97c-bf80-4bc9-9621-cf3ec081fd25/rsna_breast_cancer_detection/train_images/48921/603918348.dcm,train
SEM_NODULO,/media/angualberto/423ff97c-bf80-4bc9-9621-cf3ec081fd25/rsna_breast_cancer_detection/train_images/49/1074487659.dcm,1074487659.dcm,49,1074487659,1664,2048,49,1074487659,R,MLO,0,/media/angualberto/423ff97c-bf80-4bc9-9621-cf3ec081fd25/rsna_breast_cancer_detection/train_images/49/1074487659.dcm,train
SEM_NODULO,/media/angualberto/423ff97c-bf80-4bc9-9621-cf3ec081fd25/rsna_breast_cancer_detection/train_images/49/1504346730.dcm,1504346730.dcm,49,1504346730,1664,2048,49,1504346730,L,MLO,0,/media/angualberto/423ff97c-bf80-4bc9-9621-cf3ec081fd25/rsna_breast_cancer_detection/train_images/49/1504346730.dcm,train
SEM_NODULO,/media/angualberto/423ff97c-bf80-4bc9-9621-cf3ec081fd25/rsna_breast_cancer_detection/train_images/49/323049527.dcm,323049527.dcm,49,323049527,1664,2048,49,323049527,R,CC,0,/media/angualberto/423ff97c-bf80-4bc9-9621-cf3ec081fd25/rsna_breast_cancer_detection/train_images/49/323049527.dcm,train
SEM_NODULO,/media/angualberto/423ff97c-bf80-4bc9-9621-cf3ec081fd25/rsna_breast_cancer_detection/train_images/49/373605482.dcm,373605482.dcm,49,373605482,1664,2048,49,373605482,L,CC,0,/media/angualberto/423ff97c-bf80-4bc9-9621-cf3ec081fd25/rsna_breast_cancer_detection/train_images/49/373605482.dcm,train
SEM_NODULO,/media/angualberto/423ff97c-bf80-4bc9-9621-cf3ec081fd25/rsna_breast_cancer_detection/train_images/49/872677361.dcm,872677361.dcm,49,872677361,1664,2048,49,872677361,R,MLO,0,/media/angualberto/423ff97c-bf80-4bc9-9621-cf3ec081fd25/rsna_breast_cancer_detection/train_images/49/872677361.dcm,train
SEM_NODULO,/media/angualberto/423ff97c-bf80-4bc9-9621-cf3ec081fd25/rsna_breast_cancer_detection/train_images/49461/1927062843.dcm,1927062843.dcm,49461,1927062843,1664,2048,49461,1927062843,L,MLO,0,/media/angualberto/423ff97c-bf80-4bc9-9621-cf3ec081fd25/rsna_breast_cancer_detection/train_images/49461/1927062843.dcm,train
NODULO,/media/angualberto/423ff97c-bf80-4bc9-9621-cf3ec081fd25/rsna_breast_cancer_detection/train_images/49461/2132016159.dcm,2132016159.dcm,49461,2132016159,1664,2048,49461,2132016159,R,CC,1,/media/angualberto/423ff97c-bf80-4bc9-9621-cf3ec081fd25/rsna_breast_cancer_detection/train_images/49461/2132016159.dcm,train
SEM_NODULO,/media/angualberto/423ff97c-bf80-4bc9-9621-cf3ec081fd25/rsna_breast_cancer_detection/train_images/49461/517112479.dcm,517112479.dcm,49461,517112479,1664,2048,49461,517112479,L,CC,0,/media/angualberto/423ff97c-bf80-4bc9-9621-cf3ec081fd25/rsna_breast_cancer_detection/train_images/49461/517112479.dcm,train
NODULO,/media/angualberto/423ff97c-bf80-4bc9-9621-cf3ec081fd25/rsna_breast_cancer_detection/train_images/49461/602369659.dcm,602369659.dcm,49461,602369659,1664,2048,49461,602369659,R,MLO,1,/media/angualberto/423ff97c-bf80-4bc9-9621-cf3ec081fd25/rsna_breast_cancer_detection/train_images/49461/602369659.dcm,train
SEM_NODULO,/media/angualberto/423ff97c-bf80-4bc9-9621-cf3ec081fd25/rsna_breast_cancer_detection/train_images/49461/960063973.dcm,960063973.dcm,49461,960063973,1664,2048,49461,960063973,L,MLO,0,/media/angualberto/423ff97c-bf80-4bc9-9621-cf3ec081fd25/rsna_breast_cancer_detection/train_images/49461/960063973.dcm,train
NODULO,/media/angualberto/423ff97c-bf80-4bc9-9621-cf3ec081fd25/rsna_breast_cancer_detection/train_images/49523/109361654.dcm,109361654.dcm,49523,109361654,2457,2677,49523,109361654,L,CC,1,/media/angualberto/423ff97c-bf80-4bc9-9621-cf3ec081fd25/rsna_breast_cancer_detection/train_images/49523/109361654.dcm,train
NODULO,/media/angualberto/423ff97c-bf80-4bc9-9621-cf3ec081fd25/rsna_breast_cancer_detection/train_images/49523/1187667771.dcm,1187667771.dcm,49523,1187667771,2457,2677,49523,1187667771,L,MLO,1,/media/angualberto/423ff97c-bf80-4bc9-9621-cf3ec081fd25/rsna_breast_cancer_detection/train_images/49523/1187667771.dcm,train
SEM_NODULO,/media/angualberto/423ff97c-bf80-4bc9-9621-cf3ec081fd25/rsna_breast_cancer_detection/train_images/49523/1240259774.dcm,1240259774.dcm,49523,1240259774,2457,2677,49523,1240259774,R,CC,0,/media/angualberto/423ff97c-bf80-4bc9-9621-cf3ec081fd25/rsna_breast_cancer_detection/train_images/49523/1240259774.dcm,train
SEM_NODULO,/media/angualberto/423ff97c-bf80-4bc9-9621-cf3ec081fd25/rsna_breast_cancer_detection/train_images/49523/800947156.dcm,800947156.dcm,49523,800947156,2457,2677,49523,800947156,R,MLO,0,/media/angualberto/423ff97c-bf80-4bc9-9621-cf3ec081fd25/rsna_breast_cancer_detection/train_images/49523/800947156.dcm,train
SEM_NODULO,/media/angualberto/423ff97c-bf80-4bc9-9621-cf3ec081fd25/rsna_breast_cancer_detection/train_images/49656/1240710814.dcm,1240710814.dcm,49656,1240710814,2457,2677,49656,1240710814,L,MLO,0,/media/angualberto/423ff97c-bf80-4bc9-9621-cf3ec081fd25/rsna_breast_cancer_detection/train_images/49656/1240710814.dcm,test
SEM_NODULO,/media/angualberto/423ff97c-bf80-4bc9-9621-cf3ec081fd25/rsna_breast_cancer_detection/train_images/49656/156751730.dcm,156751730.dcm,49656,156751730,2457,2677,49656,156751730,R,CC,0,/media/angualberto/423ff97c-bf80-4bc9-9621-cf3ec081fd25/rsna_breast_cancer_detection/train_images/49656/156751730.dcm,test
SEM_NODULO,/media/angualberto/423ff97c-bf80-4bc9-9621-cf3ec081fd25/rsna_breast_cancer_detection/train_images/49656/1785280335.dcm,1785280335.dcm,49656,1785280335,2457,2677,49656,1785280335,L,CC,0,/media/angualberto/423ff97c-bf80-4bc9-9621-cf3ec081fd25/rsna_breast_cancer_detection/train_images/49656/1785280335.dcm,test
SEM_NODULO,/media/angualberto/423ff97c-bf80-4bc9-9621-cf3ec081fd25/rsna_breast_cancer_detection/train_images/49656/438528509.dcm,438528509.dcm,49656,438528509,2457,2677,49656,438528509,R,MLO,0,/media/angualberto/423ff97c-bf80-4bc9-9621-cf3ec081fd25/rsna_breast_cancer_detection/train_images/49656/438528509.dcm,test
SEM_NODULO,/media/angualberto/423ff97c-bf80-4bc9-9621-cf3ec081fd25/rsna_breast_cancer_detection/train_images/49927/1344758129.dcm,1344758129.dcm,49927,1344758129,1664,2048,49927,1344758129,R,CC,0,/media/angualberto/423ff97c-bf80-4bc9-9621-cf3ec081fd25/rsna_breast_cancer_detection/train_images/49927/1344758129.dcm,train
NODULO,/media/angualberto/423ff97c-bf80-4bc9-9621-cf3ec081fd25/rsna_breast_cancer_detection/train_images/49927/1464062737.dcm,1464062737.dcm,49927,1464062737,1664,2048,49927,1464062737,L,CC,1,/media/angualberto/423ff97c-bf80-4bc9-9621-cf3ec081fd25/rsna_breast_cancer_detection/train_images/49927/1464062737.dcm,train
SEM_NODULO,/media/angualberto/423ff97c-bf80-4bc9-9621-cf3ec081fd25/rsna_breast_cancer_detection/train_images/49927/1489949772.dcm,1489949772.dcm,49927,1489949772,1664,2048,49927,1489949772,R,MLO,0,/media/angualberto/423ff97c-bf80-4bc9-9621-cf3ec081fd25/rsna_breast_cancer_detection/train_images/49927/1489949772.dcm,train
NODULO,/media/angualberto/423ff97c-bf80-4bc9-9621-cf3ec081fd25/rsna_breast_cancer_detection/train_images/49927/582859757.dcm,582859757.dcm,49927,582859757,1664,2048,49927,582859757,L,MLO,1,/media/angualberto/423ff97c-bf80-4bc9-9621-cf3ec081fd25/rsna_breast_cancer_detection/train_images/49927/582859757.dcm,train
NODULO,/media/angualberto/423ff97c-bf80-4bc9-9621-cf3ec081fd25/rsna_breast_cancer_detection/train_images/50078/236729039.dcm,236729039.dcm,50078,236729039,1664,2048,50078,236729039,L,MLO,1,/media/angualberto/423ff97c-bf80-4bc9-9621-cf3ec081fd25/rsna_breast_cancer_detection/train_images/50078/236729039.dcm,train
SEM_NODULO,/media/angualberto/423ff97c-bf80-4bc9-9621-cf3ec081fd25/rsna_breast_cancer_detection/train_images/50078/373098822.dcm,373098822.dcm,50078,373098822,1664,2048,50078,373098822,R,MLO,0,/media/angualberto/423ff97c-bf80-4bc9-9621-cf3ec081fd25/rsna_breast_cancer_detection/train_images/50078/373098822.dcm,train
NODULO,/media/angualberto/423ff97c-bf80-4bc9-9621-cf3ec081fd25/rsna_breast_cancer_detection/train_images/50078/474211829.dcm,474211829.dcm,50078,474211829,1664,2048,50078,474211829,L,CC,1,/media/angualberto/423ff97c-bf80-4bc9-9621-cf3ec081fd25/rsna_breast_cancer_detection/train_images/50078/474211829.dcm,train
SEM_NODULO,/media/angualberto/423ff97c-bf80-4bc9-9621-cf3ec081fd25/rsna_breast_cancer_detection/train_images/50078/552384131.dcm,552384131.dcm,50078,552384131,1664,2048,50078,552384131,R,CC,0,/media/angualberto/423ff97c-bf80-4bc9-9621-cf3ec081fd25/rsna_breast_cancer_detection/train_images/50078/552384131.dcm,train
NODULO,/media/angualberto/423ff97c-bf80-4bc9-9621-cf3ec081fd25/rsna_breast_cancer_detection/train_images/50583/1497446939.dcm,1497446939.dcm,50583,1497446939,1041,1388,50583,1497446939,L,CC,1,/media/angualberto/423ff97c-bf80-4bc9-9621-cf3ec081fd25/rsna_breast_cancer_detection/train_images/50583/1497446939.dcm,train
SEM_NODULO,/media/angualberto/423ff97c-bf80-4bc9-9621-cf3ec081fd25/rsna_breast_cancer_detection/train_images/50583/1800513001.dcm,1800513001.dcm,50583,1800513001,1041,1388,50583,1800513001,R,CC,0,/media/angualberto/423ff97c-bf80-4bc9-9621-cf3ec081fd25/rsna_breast_cancer_detection/train_images/50583/1800513001.dcm,train
NODULO,/media/angualberto/423ff97c-bf80-4bc9-9621-cf3ec081fd25/rsna_breast_cancer_detection/train_images/50583/863276520.dcm,863276520.dcm,50583,863276520,1041,1388,50583,863276520,L,MLO,1,/media/angualberto/423ff97c-bf80-4bc9-9621-cf3ec081fd25/rsna_breast_cancer_detection/train_images/50583/863276520.dcm,train
SEM_NODULO,/media/angualberto/423ff97c-bf80-4bc9-9621-cf3ec081fd25/rsna_breast_cancer_detection/train_images/50583/935008591.dcm,935008591.dcm,50583,935008591,1041,1388,50583,935008591,R,MLO,0,/media/angualberto/423ff97c-bf80-4bc9-9621-cf3ec081fd25/rsna_breast_cancer_detection/train_images/50583/935008591.dcm,train
SEM_NODULO,/media/angualberto/423ff97c-bf80-4bc9-9621-cf3ec081fd25/rsna_breast_cancer_detection/train_images/50736/1236170609.dcm,1236170609.dcm,50736,1236170609,1664,2048,50736,1236170609,R,MLO,0,/media/angualberto/423ff97c-bf80-4bc9-9621-cf3ec081fd25/rsna_breast_cancer_detection/train_images/50736/1236170609.dcm,train
SEM_NODULO,/media/angualberto/423ff97c-bf80-4bc9-9621-cf3ec081fd25/rsna_breast_cancer_detection/train_images/50736/1513010732.dcm,1513010732.dcm,50736,1513010732,1664,2048,50736,1513010732,R,CC,0,/media/angualberto/423ff97c-bf80-4bc9-9621-cf3ec081fd25/rsna_breast_cancer_detection/train_images/50736/1513010732.dcm,train
SEM_NODULO,/media/angualberto/423ff97c-bf80-4bc9-9621-cf3ec081fd25/rsna_breast_cancer_detection/train_images/50736/1691143311.dcm,1691143311.dcm,50736,1691143311,1664,2048,50736,1691143311,L,CC,0,/media/angualberto/423ff97c-bf80-4bc9-9621-cf3ec081fd25/rsna_breast_cancer_detection/train_images/50736/1691143311.dcm,train
SEM_NODULO,/media/angualberto/423ff97c-bf80-4bc9-9621-cf3ec081fd25/rsna_breast_cancer_detection/train_images/50736/307120525.dcm,307120525.dcm,50736,307120525,1664,2048,50736,307120525,L,MLO,0,/media/angualberto/423ff97c-bf80-4bc9-9621-cf3ec081fd25/rsna_breast_cancer_detection/train_images/50736/307120525.dcm,train
SEM_NODULO,/media/angualberto/423ff97c-bf80-4bc9-9621-cf3ec081fd25/rsna_breast_cancer_detection/train_images/50736/335803365.dcm,335803365.dcm,50736,335803365,1664,2048,50736,335803365,L,CC,0,/media/angualberto/423ff97c-bf80-4bc9-9621-cf3ec081fd25/rsna_breast_cancer_detection/train_images/50736/335803365.dcm,train
SEM_NODULO,/media/angualberto/423ff97c-bf80-4bc9-9621-cf3ec081fd25/rsna_breast_cancer_detection/train_images/51276/132820368.dcm,132820368.dcm,51276,132820368,1041,1388,51276,132820368,R,CC,0,/media/angualberto/423ff97c-bf80-4bc9-9621-cf3ec081fd25/rsna_breast_cancer_detection/train_images/51276/132820368.dcm,train
NODULO,/media/angualberto/423ff97c-bf80-4bc9-9621-cf3ec081fd25/rsna_breast_cancer_detection/train_images/51276/1416534699.dcm,1416534699.dcm,51276,1416534699,1041,1388,51276,1416534699,L,CC,1,/media/angualberto/423ff97c-bf80-4bc9-9621-cf3ec081fd25/rsna_breast_cancer_detection/train_images/51276/1416534699.dcm,train
SEM_NODULO,/media/angualberto/423ff97c-bf80-4bc9-9621-cf3ec081fd25/rsna_breast_cancer_detection/train_images/51276/1529137775.dcm,1529137775.dcm,51276,1529137775,1041,1388,51276,1529137775,R,MLO,0,/media/angualberto/423ff97c-bf80-4bc9-9621-cf3ec081fd25/rsna_breast_cancer_detection/train_images/51276/1529137775.dcm,train
SEM_NODULO,/media/angualberto/423ff97c-bf80-4bc9-9621-cf3ec081fd25/rsna_breast_cancer_detection/train_images/51276/440436472.dcm,440436472.dcm,51276,440436472,1041,1388,51276,440436472,R,MLO,0,/media/angualberto/423ff97c-bf80-4bc9-9621-cf3ec081fd25/rsna_breast_cancer_detection/train_images/51276/440436472.dcm,train
NODULO,/media/angualberto/423ff97c-bf80-4bc9-9621-cf3ec081fd25/rsna_breast_cancer_detection/train_images/51276/711908647.dcm,711908647.dcm,51276,711908647,1041,1388,51276,711908647,L,MLO,1,/media/angualberto/423ff97c-bf80-4bc9-9621-cf3ec081fd25/rsna_breast_cancer_detection/train_images/51276/711908647.dcm,train
SEM_NODULO,/media/angualberto/423ff97c-bf80-4bc9-9621-cf3ec081fd25/rsna_breast_cancer_detection/train_images/51697/1232552081.dcm,1232552081.dcm,51697,1232552081,1280,1664,51697,1232552081,L,MLO,0,/media/angualberto/423ff97c-bf80-4bc9-9621-cf3ec081fd25/rsna_breast_cancer_detection/train_images/51697/1232552081.dcm,train
NODULO,/media/angualberto/423ff97c-bf80-4bc9-9621-cf3ec081fd25/rsna_breast_cancer_detection/train_images/51697/1244710301.dcm,1244710301.dcm,51697,1244710301,1280,1664,51697,1244710301,R,MLO,1,/media/angualberto/423ff97c-bf80-4bc9-9621-cf3ec081fd25/rsna_breast_cancer_detection/train_images/51697/1244710301.dcm,train
NODULO,/media/angualberto/423ff97c-bf80-4bc9-9621-cf3ec081fd25/rsna_breast_cancer_detection/train_images/51697/1361957686.dcm,1361957686.dcm,51697,1361957686,1280,1664,51697,1361957686,R,MLO,1,/media/angualberto/423ff97c-bf80-4bc9-9621-cf3ec081fd25/rsna_breast_cancer_detection/train_images/51697/1361957686.dcm,train
SEM_NODULO,/media/angualberto/423ff97c-bf80-4bc9-9621-cf3ec081fd25/rsna_breast_cancer_detection/train_images/51697/1459816163.dcm,1459816163.dcm,51697,1459816163,1280,1664,51697,1459816163,L,MLO,0,/media/angualberto/423ff97c-bf80-4bc9-9621-cf3ec081fd25/rsna_breast_cancer_detection/train_images/51697/1459816163.dcm,train
SEM_NODULO,/media/angualberto/423ff97c-bf80-4bc9-9621-cf3ec081fd25/rsna_breast_cancer_detection/train_images/51697/2023765897.dcm,2023765897.dcm,51697,2023765897,1280,1664,51697,2023765897,L,CC,0,/media/angualberto/423ff97c-bf80-4bc9-9621-cf3ec081fd25/rsna_breast_cancer_detection/train_images/51697/2023765897.dcm,train
NODULO,/media/angualberto/423ff97c-bf80-4bc9-9621-cf3ec081fd25/rsna_breast_cancer_detection/train_images/51697/614234167.dcm,614234167.dcm,51697,614234167,1280,1664,51697,614234167,R,CC,1,/media/angualberto/423ff97c-bf80-4bc9-9621-cf3ec081fd25/rsna_breast_cancer_detection/train_images/51697/614234167.dcm,train
SEM_NODULO,/media/angualberto/423ff97c-bf80-4bc9-9621-cf3ec081fd25/rsna_breast_cancer_detection/train_images/52132/1148611213.dcm,1148611213.dcm,52132,1148611213,2457,2677,52132,1148611213,L,MLO,0,/media/angualberto/423ff97c-bf80-4bc9-9621-cf3ec081fd25/rsna_breast_cancer_detection/train_images/52132/1148611213.dcm,train
SEM_NODULO,/media/angualberto/423ff97c-bf80-4bc9-9621-cf3ec081fd25/rsna_breast_cancer_detection/train_images/52132/1426946192.dcm,1426946192.dcm,52132,1426946192,2457,2677,52132,1426946192,R,MLO,0,/media/angualberto/423ff97c-bf80-4bc9-9621-cf3ec081fd25/rsna_breast_cancer_detection/train_images/52132/1426946192.dcm,train
SEM_NODULO,/media/angualberto/423ff97c-bf80-4bc9-9621-cf3ec081fd25/rsna_breast_cancer_detection/train_images/52132/1981197827.dcm,1981197827.dcm,52132,1981197827,2457,2677,52132,1981197827,L,CC,0,/media/angualberto/423ff97c-bf80-4bc9-9621-cf3ec081fd25/rsna_breast_cancer_detection/train_images/52132/1981197827.dcm,train
SEM_NODULO,/media/angualberto/423ff97c-bf80-4bc9-9621-cf3ec081fd25/rsna_breast_cancer_detection/train_images/52132/820087917.dcm,820087917.dcm,52132,820087917,2457,2677,52132,820087917,R,CC,0,/media/angualberto/423ff97c-bf80-4bc9-9621-cf3ec081fd25/rsna_breast_cancer_detection/train_images/52132/820087917.dcm,train
SEM_NODULO,/media/angualberto/423ff97c-bf80-4bc9-9621-cf3ec081fd25/rsna_breast_cancer_detection/train_images/52181/1056105432.dcm,1056105432.dcm,52181,1056105432,1041,1388,52181,1056105432,R,MLO,0,/media/angualberto/423ff97c-bf80-4bc9-9621-cf3ec081fd25/rsna_breast_cancer_detection/train_images/52181/1056105432.dcm,train
NODULO,/media/angualberto/423ff97c-bf80-4bc9-9621-cf3ec081fd25/rsna_breast_cancer_detection/train_images/52181/1349529516.dcm,1349529516.dcm,52181,1349529516,1041,1388,52181,1349529516,L,CC,1,/media/angualberto/423ff97c-bf80-4bc9-9621-cf3ec081fd25/rsna_breast_cancer_detection/train_images/52181/1349529516.dcm,train
NODULO,/media/angualberto/423ff97c-bf80-4bc9-9621-cf3ec081fd25/rsna_breast_cancer_detection/train_images/52181/1884342055.dcm,1884342055.dcm,52181,1884342055,1041,1388,52181,1884342055,L,MLO,1,/media/angualberto/423ff97c-bf80-4bc9-9621-cf3ec081fd25/rsna_breast_cancer_detection/train_images/52181/1884342055.dcm,train
SEM_NODULO,/media/angualberto/423ff97c-bf80-4bc9-9621-cf3ec081fd25/rsna_breast_cancer_detection/train_images/52181/1913711302.dcm,1913711302.dcm,52181,1913711302,1041,1388,52181,1913711302,R,CC,0,/media/angualberto/423ff97c-bf80-4bc9-9621-cf3ec081fd25/rsna_breast_cancer_detection/train_images/52181/1913711302.dcm,train
NODULO,/media/angualberto/423ff97c-bf80-4bc9-9621-cf3ec081fd25/rsna_breast_cancer_detection/train_images/52199/1031337660.dcm,1031337660.dcm,52199,1031337660,2457,2677,52199,1031337660,L,MLO,1,/media/angualberto/423ff97c-bf80-4bc9-9621-cf3ec081fd25/rsna_breast_cancer_detection/train_images/52199/1031337660.dcm,test
SEM_NODULO,/media/angualberto/423ff97c-bf80-4bc9-9621-cf3ec081fd25/rsna_breast_cancer_detection/train_images/52199/113246554.dcm,113246554.dcm,52199,113246554,2457,2677,52199,113246554,R,MLO,0,/media/angualberto/423ff97c-bf80-4bc9-9621-cf3ec081fd25/rsna_breast_cancer_detection/train_images/52199/113246554.dcm,test
SEM_NODULO,/media/angualberto/423ff97c-bf80-4bc9-9621-cf3ec081fd25/rsna_breast_cancer_detection/train_images/52199/194339073.dcm,194339073.dcm,52199,194339073,2457,2677,52199,194339073,R,CC,0,/media/angualberto/423ff97c-bf80-4bc9-9621-cf3ec081fd25/rsna_breast_cancer_detection/train_images/52199/194339073.dcm,test
NODULO,/media/angualberto/423ff97c-bf80-4bc9-9621-cf3ec081fd25/rsna_breast_cancer_detection/train_images/52199/231365700.dcm,231365700.dcm,52199,231365700,2457,2677,52199,231365700,L,CC,1,/media/angualberto/423ff97c-bf80-4bc9-9621-cf3ec081fd25/rsna_breast_cancer_detection/train_images/52199/231365700.dcm,test
SEM_NODULO,/media/angualberto/423ff97c-bf80-4bc9-9621-cf3ec081fd25/rsna_breast_cancer_detection/train_images/52288/2095246122.dcm,2095246122.dcm,52288,2095246122,2457,2677,52288,2095246122,L,MLO,0,/media/angualberto/423ff97c-bf80-4bc9-9621-cf3ec081fd25/rsna_breast_cancer_detection/train_images/52288/2095246122.dcm,train
SEM_NODULO,/media/angualberto/423ff97c-bf80-4bc9-9621-cf3ec081fd25/rsna_breast_cancer_detection/train_images/52288/540495643.dcm,540495643.dcm,52288,540495643,2457,2677,52288,540495643,L,CC,0,/media/angualberto/423ff97c-bf80-4bc9-9621-cf3ec081fd25/rsna_breast_cancer_detection/train_images/52288/540495643.dcm,train
SEM_NODULO,/media/angualberto/423ff97c-bf80-4bc9-9621-cf3ec081fd25/rsna_breast_cancer_detection/train_images/52288/643166102.dcm,643166102.dcm,52288,643166102,2457,2677,52288,643166102,R,CC,0,/media/angualberto/423ff97c-bf80-4bc9-9621-cf3ec081fd25/rsna_breast_cancer_detection/train_images/52288/643166102.dcm,train
SEM_NODULO,/media/angualberto/423ff97c-bf80-4bc9-9621-cf3ec081fd25/rsna_breast_cancer_detection/train_images/52288/654266683.dcm,654266683.dcm,52288,654266683,2457,2677,52288,654266683,R,MLO,0,/media/angualberto/423ff97c-bf80-4bc9-9621-cf3ec081fd25/rsna_breast_cancer_detection/train_images/52288/654266683.dcm,train
SEM_NODULO,/media/angualberto/423ff97c-bf80-4bc9-9621-cf3ec081fd25/rsna_breast_cancer_detection/train_images/52424/1175787173.dcm,1175787173.dcm,52424,1175787173,1041,1388,52424,1175787173,R,MLO,0,/media/angualberto/423ff97c-bf80-4bc9-9621-cf3ec081fd25/rsna_breast_cancer_detection/train_images/52424/1175787173.dcm,train
SEM_NODULO,/media/angualberto/423ff97c-bf80-4bc9-9621-cf3ec081fd25/rsna_breast_cancer_detection/train_images/52424/1950947686.dcm,1950947686.dcm,52424,1950947686,1041,1388,52424,1950947686,R,CC,0,/media/angualberto/423ff97c-bf80-4bc9-9621-cf3ec081fd25/rsna_breast_cancer_detection/train_images/52424/1950947686.dcm,train
SEM_NODULO,/media/angualberto/423ff97c-bf80-4bc9-9621-cf3ec081fd25/rsna_breast_cancer_detection/train_images/52424/696061944.dcm,696061944.dcm,52424,696061944,1041,1388,52424,696061944,L,MLO,0,/media/angualberto/423ff97c-bf80-4bc9-9621-cf3ec081fd25/rsna_breast_cancer_detection/train_images/52424/696061944.dcm,train
SEM_NODULO,/media/angualberto/423ff97c-bf80-4bc9-9621-cf3ec081fd25/rsna_breast_cancer_detection/train_images/52424/773532279.dcm,773532279.dcm,52424,773532279,1041,1388,52424,773532279,L,CC,0,/media/angualberto/423ff97c-bf80-4bc9-9621-cf3ec081fd25/rsna_breast_cancer_detection/train_images/52424/773532279.dcm,train
SEM_NODULO,/media/angualberto/423ff97c-bf80-4bc9-9621-cf3ec081fd25/rsna_breast_cancer_detection/train_images/52642/1056336404.dcm,1056336404.dcm,52642,1056336404,1280,1664,52642,1056336404,R,CC,0,/media/angualberto/423ff97c-bf80-4bc9-9621-cf3ec081fd25/rsna_breast_cancer_detection/train_images/52642/1056336404.dcm,train
SEM_NODULO,/media/angualberto/423ff97c-bf80-4bc9-9621-cf3ec081fd25/rsna_breast_cancer_detection/train_images/52642/1470899004.dcm,1470899004.dcm,52642,1470899004,1280,1664,52642,1470899004,R,CC,0,/media/angualberto/423ff97c-bf80-4bc9-9621-cf3ec081fd25/rsna_breast_cancer_detection/train_images/52642/1470899004.dcm,train
SEM_NODULO,/media/angualberto/423ff97c-bf80-4bc9-9621-cf3ec081fd25/rsna_breast_cancer_detection/train_images/52642/1587938758.dcm,1587938758.dcm,52642,1587938758,1280,1664,52642,1587938758,L,CC,0,/media/angualberto/423ff97c-bf80-4bc9-9621-cf3ec081fd25/rsna_breast_cancer_detection/train_images/52642/1587938758.dcm,train
SEM_NODULO,/media/angualberto/423ff97c-bf80-4bc9-9621-cf3ec081fd25/rsna_breast_cancer_detection/train_images/52642/216801990.dcm,216801990.dcm,52642,216801990,1280,1664,52642,216801990,L,MLO,0,/media/angualberto/423ff97c-bf80-4bc9-9621-cf3ec081fd25/rsna_breast_cancer_detection/train_images/52642/216801990.dcm,train
SEM_NODULO,/media/angualberto/423ff97c-bf80-4bc9-9621-cf3ec081fd25/rsna_breast_cancer_detection/train_images/52642/216953268.dcm,216953268.dcm,52642,216953268,1280,1664,52642,216953268,R,MLO,0,/media/angualberto/423ff97c-bf80-4bc9-9621-cf3ec081fd25/rsna_breast_cancer_detection/train_images/52642/216953268.dcm,train
SEM_NODULO,/media/angualberto/423ff97c-bf80-4bc9-9621-cf3ec081fd25/rsna_breast_cancer_detection/train_images/52642/30969336.dcm,30969336.dcm,52642,30969336,1280,1664,52642,30969336,R,MLO,0,/media/angualberto/423ff97c-bf80-4bc9-9621-cf3ec081fd25/rsna_breast_cancer_detection/train_images/52642/30969336.dcm,train
SEM_NODULO,/media/angualberto/423ff97c-bf80-4bc9-9621-cf3ec081fd25/rsna_breast_cancer_detection/train_images/52642/363995409.dcm,363995409.dcm,52642,363995409,1280,1664,52642,363995409,L,CC,0,/media/angualberto/423ff97c-bf80-4bc9-9621-cf3ec081fd25/rsna_breast_cancer_detection/train_images/52642/363995409.dcm,train
SEM_NODULO,/media/angualberto/423ff97c-bf80-4bc9-9621-cf3ec081fd25/rsna_breast_cancer_detection/train_images/52642/692687213.dcm,692687213.dcm,52642,692687213,1280,1664,52642,692687213,L,MLO,0,/media/angualberto/423ff97c-bf80-4bc9-9621-cf3ec081fd25/rsna_breast_cancer_detection/train_images/52642/692687213.dcm,train
SEM_NODULO,/media/angualberto/423ff97c-bf80-4bc9-9621-cf3ec081fd25/rsna_breast_cancer_detection/train_images/53115/1471445488.dcm,1471445488.dcm,53115,1471445488,1664,2048,53115,1471445488,R,MLO,0,/media/angualberto/423ff97c-bf80-4bc9-9621-cf3ec081fd25/rsna_breast_cancer_detection/train_images/53115/1471445488.dcm,train
NODULO,/media/angualberto/423ff97c-bf80-4bc9-9621-cf3ec081fd25/rsna_breast_cancer_detection/train_images/53115/147232633.dcm,147232633.dcm,53115,147232633,1664,2048,53115,147232633,L,MLO,1,/media/angualberto/423ff97c-bf80-4bc9-9621-cf3ec081fd25/rsna_breast_cancer_detection/train_images/53115/147232633.dcm,train
NODULO,/media/angualberto/423ff97c-bf80-4bc9-9621-cf3ec081fd25/rsna_breast_cancer_detection/train_images/53115/1903183388.dcm,1903183388.dcm,53115,1903183388,1664,2048,53115,1903183388,L,MLO,1,/media/angualberto/423ff97c-bf80-4bc9-9621-cf3ec081fd25/rsna_breast_cancer_detection/train_images/53115/1903183388.dcm,train
SEM_NODULO,/media/angualberto/423ff97c-bf80-4bc9-9621-cf3ec081fd25/rsna_breast_cancer_detection/train_images/53115/252882987.dcm,252882987.dcm,53115,252882987,1664,2048,53115,252882987,R,CC,0,/media/angualberto/423ff97c-bf80-4bc9-9621-cf3ec081fd25/rsna_breast_cancer_detection/train_images/53115/252882987.dcm,train
NODULO,/media/angualberto/423ff97c-bf80-4bc9-9621-cf3ec081fd25/rsna_breast_cancer_detection/train_images/53115/892587620.dcm,892587620.dcm,53115,892587620,1664,2048,53115,892587620,L,CC,1,/media/angualberto/423ff97c-bf80-4bc9-9621-cf3ec081fd25/rsna_breast_cancer_detection/train_images/53115/892587620.dcm,train
SEM_NODULO,/media/angualberto/423ff97c-bf80-4bc9-9621-cf3ec081fd25/rsna_breast_cancer_detection/train_images/53266/1101347268.dcm,1101347268.dcm,53266,1101347268,1280,1664,53266,1101347268,L,CC,0,/media/angualberto/423ff97c-bf80-4bc9-9621-cf3ec081fd25/rsna_breast_cancer_detection/train_images/53266/1101347268.dcm,train
SEM_NODULO,/media/angualberto/423ff97c-bf80-4bc9-9621-cf3ec081fd25/rsna_breast_cancer_detection/train_images/53266/1137700439.dcm,1137700439.dcm,53266,1137700439,1280,1664,53266,1137700439,R,MLO,0,/media/angualberto/423ff97c-bf80-4bc9-9621-cf3ec081fd25/rsna_breast_cancer_detection/train_images/53266/1137700439.dcm,train
SEM_NODULO,/media/angualberto/423ff97c-bf80-4bc9-9621-cf3ec081fd25/rsna_breast_cancer_detection/train_images/53266/1195512923.dcm,1195512923.dcm,53266,1195512923,1280,1664,53266,1195512923,R,CC,0,/media/angualberto/423ff97c-bf80-4bc9-9621-cf3ec081fd25/rsna_breast_cancer_detection/train_images/53266/1195512923.dcm,train
SEM_NODULO,/media/angualberto/423ff97c-bf80-4bc9-9621-cf3ec081fd25/rsna_breast_cancer_detection/train_images/53266/1392675814.dcm,1392675814.dcm,53266,1392675814,1280,1664,53266,1392675814,L,MLO,0,/media/angualberto/423ff97c-bf80-4bc9-9621-cf3ec081fd25/rsna_breast_cancer_detection/train_images/53266/1392675814.dcm,train
SEM_NODULO,/media/angualberto/423ff97c-bf80-4bc9-9621-cf3ec081fd25/rsna_breast_cancer_detection/train_images/53266/532216865.dcm,532216865.dcm,53266,532216865,1280,1664,53266,532216865,L,MLO,0,/media/angualberto/423ff97c-bf80-4bc9-9621-cf3ec081fd25/rsna_breast_cancer_detection/train_images/53266/532216865.dcm,train
NODULO,/media/angualberto/423ff97c-bf80-4bc9-9621-cf3ec081fd25/rsna_breast_cancer_detection/train_images/53272/1874310597.dcm,1874310597.dcm,53272,1874310597,1664,2048,53272,1874310597,L,CC,1,/media/angualberto/423ff97c-bf80-4bc9-9621-cf3ec081fd25/rsna_breast_cancer_detection/train_images/53272/1874310597.dcm,train
SEM_NODULO,/media/angualberto/423ff97c-bf80-4bc9-9621-cf3ec081fd25/rsna_breast_cancer_detection/train_images/53272/2115031399.dcm,2115031399.dcm,53272,2115031399,1664,2048,53272,2115031399,R,CC,0,/media/angualberto/423ff97c-bf80-4bc9-9621-cf3ec081fd25/rsna_breast_cancer_detection/train_images/53272/2115031399.dcm,train
NODULO,/media/angualberto/423ff97c-bf80-4bc9-9621-cf3ec081fd25/rsna_breast_cancer_detection/train_images/53272/362089845.dcm,362089845.dcm,53272,362089845,1664,2048,53272,362089845,L,MLO,1,/media/angualberto/423ff97c-bf80-4bc9-9621-cf3ec081fd25/rsna_breast_cancer_detection/train_images/53272/362089845.dcm,train
SEM_NODULO,/media/angualberto/423ff97c-bf80-4bc9-9621-cf3ec081fd25/rsna_breast_cancer_detection/train_images/53272/875801940.dcm,875801940.dcm,53272,875801940,1664,2048,53272,875801940,R,MLO,0,/media/angualberto/423ff97c-bf80-4bc9-9621-cf3ec081fd25/rsna_breast_cancer_detection/train_images/53272/875801940.dcm,train
NODULO,/media/angualberto/423ff97c-bf80-4bc9-9621-cf3ec081fd25/rsna_breast_cancer_detection/train_images/53358/1137564107.dcm,1137564107.dcm,53358,1137564107,1041,1388,53358,1137564107,L,CC,1,/media/angualberto/423ff97c-bf80-4bc9-9621-cf3ec081fd25/rsna_breast_cancer_detection/train_images/53358/1137564107.dcm,train
SEM_NODULO,/media/angualberto/423ff97c-bf80-4bc9-9621-cf3ec081fd25/rsna_breast_cancer_detection/train_images/53358/1241141186.dcm,1241141186.dcm,53358,1241141186,1041,1388,53358,1241141186,R,CC,0,/media/angualberto/423ff97c-bf80-4bc9-9621-cf3ec081fd25/rsna_breast_cancer_detection/train_images/53358/1241141186.dcm,train
NODULO,/media/angualberto/423ff97c-bf80-4bc9-9621-cf3ec081fd25/rsna_breast_cancer_detection/train_images/53358/2022548083.dcm,2022548083.dcm,53358,2022548083,1041,1388,53358,2022548083,L,MLO,1,/media/angualberto/423ff97c-bf80-4bc9-9621-cf3ec081fd25/rsna_breast_cancer_detection/train_images/53358/2022548083.dcm,train
SEM_NODULO,/media/angualberto/423ff97c-bf80-4bc9-9621-cf3ec081fd25/rsna_breast_cancer_detection/train_images/53358/960862234.dcm,960862234.dcm,53358,960862234,1041,1388,53358,960862234,R,MLO,0,/media/angualberto/423ff97c-bf80-4bc9-9621-cf3ec081fd25/rsna_breast_cancer_detection/train_images/53358/960862234.dcm,train
SEM_NODULO,/media/angualberto/423ff97c-bf80-4bc9-9621-cf3ec081fd25/rsna_breast_cancer_detection/train_images/53394/1372594766.dcm,1372594766.dcm,53394,1372594766,2457,2677,53394,1372594766,R,MLO,0,/media/angualberto/423ff97c-bf80-4bc9-9621-cf3ec081fd25/rsna_breast_cancer_detection/train_images/53394/1372594766.dcm,test
SEM_NODULO,/media/angualberto/423ff97c-bf80-4bc9-9621-cf3ec081fd25/rsna_breast_cancer_detection/train_images/53394/1422994708.dcm,1422994708.dcm,53394,1422994708,2457,2677,53394,1422994708,R,CC,0,/media/angualberto/423ff97c-bf80-4bc9-9621-cf3ec081fd25/rsna_breast_cancer_detection/train_images/53394/1422994708.dcm,test
NODULO,/media/angualberto/423ff97c-bf80-4bc9-9621-cf3ec081fd25/rsna_breast_cancer_detection/train_images/53394/1936644171.dcm,1936644171.dcm,53394,1936644171,2457,2677,53394,1936644171,L,CC,1,/media/angualberto/423ff97c-bf80-4bc9-9621-cf3ec081fd25/rsna_breast_cancer_detection/train_images/53394/1936644171.dcm,test
NODULO,/media/angualberto/423ff97c-bf80-4bc9-9621-cf3ec081fd25/rsna_breast_cancer_detection/train_images/53394/900242900.dcm,900242900.dcm,53394,900242900,2457,2677,53394,900242900,L,MLO,1,/media/angualberto/423ff97c-bf80-4bc9-9621-cf3ec081fd25/rsna_breast_cancer_detection/train_images/53394/900242900.dcm,test
NODULO,/media/angualberto/423ff97c-bf80-4bc9-9621-cf3ec081fd25/rsna_breast_cancer_detection/train_images/53636/1322837831.dcm,1322837831.dcm,53636,1322837831,1664,2048,53636,1322837831,L,CC,1,/media/angualberto/423ff97c-bf80-4bc9-9621-cf3ec081fd25/rsna_breast_cancer_detection/train_images/53636/1322837831.dcm,train
SEM_NODULO,/media/angualberto/423ff97c-bf80-4bc9-9621-cf3ec081fd25/rsna_breast_cancer_detection/train_images/53636/1354000057.dcm,1354000057.dcm,53636,1354000057,1664,2048,53636,1354000057,R,MLO,0,/media/angualberto/423ff97c-bf80-4bc9-9621-cf3ec081fd25/rsna_breast_cancer_detection/train_images/53636/1354000057.dcm,train
NODULO,/media/angualberto/423ff97c-bf80-4bc9-9621-cf3ec081fd25/rsna_breast_cancer_detection/train_images/53636/2044242754.dcm,2044242754.dcm,53636,2044242754,1664,2048,53636,2044242754,L,MLO,1,/media/angualberto/423ff97c-bf80-4bc9-9621-cf3ec081fd25/rsna_breast_cancer_detection/train_images/53636/2044242754.dcm,train
NODULO,/media/angualberto/423ff97c-bf80-4bc9-9621-cf3ec081fd25/rsna_breast_cancer_detection/train_images/53636/238197258.dcm,238197258.dcm,53636,238197258,1664,2048,53636,238197258,L,MLO,1,/media/angualberto/423ff97c-bf80-4bc9-9621-cf3ec081fd25/rsna_breast_cancer_detection/train_images/53636/238197258.dcm,train
SEM_NODULO,/media/angualberto/423ff97c-bf80-4bc9-9621-cf3ec081fd25/rsna_breast_cancer_detection/train_images/53636/581051649.dcm,581051649.dcm,53636,581051649,1664,2048,53636,581051649,R,CC,0,/media/angualberto/423ff97c-bf80-4bc9-9621-cf3ec081fd25/rsna_breast_cancer_detection/train_images/53636/581051649.dcm,train
NODULO,/media/angualberto/423ff97c-bf80-4bc9-9621-cf3ec081fd25/rsna_breast_cancer_detection/train_images/53636/660579794.dcm,660579794.dcm,53636,660579794,1664,2048,53636,660579794,L,CC,1,/media/angualberto/423ff97c-bf80-4bc9-9621-cf3ec081fd25/rsna_breast_cancer_detection/train_images/53636/660579794.dcm,train
SEM_NODULO,/media/angualberto/423ff97c-bf80-4bc9-9621-cf3ec081fd25/rsna_breast_cancer_detection/train_images/53636/686272152.dcm,686272152.dcm,53636,686272152,1664,2048,53636,686272152,R,MLO,0,/media/angualberto/423ff97c-bf80-4bc9-9621-cf3ec081fd25/rsna_breast_cancer_detection/train_images/53636/686272152.dcm,train
SEM_NODULO,/media/angualberto/423ff97c-bf80-4bc9-9621-cf3ec081fd25/rsna_breast_cancer_detection/train_images/53637/1082541836.dcm,1082541836.dcm,53637,1082541836,1664,2048,53637,1082541836,R,MLO,0,/media/angualberto/423ff97c-bf80-4bc9-9621-cf3ec081fd25/rsna_breast_cancer_detection/train_images/53637/1082541836.dcm,train
SEM_NODULO,/media/angualberto/423ff97c-bf80-4bc9-9621-cf3ec081fd25/rsna_breast_cancer_detection/train_images/53637/1460592747.dcm,1460592747.dcm,53637,1460592747,1664,2048,53637,1460592747,R,CC,0,/media/angualberto/423ff97c-bf80-4bc9-9621-cf3ec081fd25/rsna_breast_cancer_detection/train_images/53637/1460592747.dcm,train
SEM_NODULO,/media/angualberto/423ff97c-bf80-4bc9-9621-cf3ec081fd25/rsna_breast_cancer_detection/train_images/53637/1490055018.dcm,1490055018.dcm,53637,1490055018,1664,2048,53637,1490055018,L,CC,0,/media/angualberto/423ff97c-bf80-4bc9-9621-cf3ec081fd25/rsna_breast_cancer_detection/train_images/53637/1490055018.dcm,train
SEM_NODULO,/media/angualberto/423ff97c-bf80-4bc9-9621-cf3ec081fd25/rsna_breast_cancer_detection/train_images/53637/1839555984.dcm,1839555984.dcm,53637,1839555984,1664,2048,53637,1839555984,L,MLO,0,/media/angualberto/423ff97c-bf80-4bc9-9621-cf3ec081fd25/rsna_breast_cancer_detection/train_images/53637/1839555984.dcm,train
SEM_NODULO,/media/angualberto/423ff97c-bf80-4bc9-9621-cf3ec081fd25/rsna_breast_cancer_detection/train_images/53911/1165156945.dcm,1165156945.dcm,53911,1165156945,1041,1388,53911,1165156945,L,MLO,0,/media/angualberto/423ff97c-bf80-4bc9-9621-cf3ec081fd25/rsna_breast_cancer_detection/train_images/53911/1165156945.dcm,train
SEM_NODULO,/media/angualberto/423ff97c-bf80-4bc9-9621-cf3ec081fd25/rsna_breast_cancer_detection/train_images/53911/117718293.dcm,117718293.dcm,53911,117718293,1041,1388,53911,117718293,L,CC,0,/media/angualberto/423ff97c-bf80-4bc9-9621-cf3ec081fd25/rsna_breast_cancer_detection/train_images/53911/117718293.dcm,train
SEM_NODULO,/media/angualberto/423ff97c-bf80-4bc9-9621-cf3ec081fd25/rsna_breast_cancer_detection/train_images/53911/1572547621.dcm,1572547621.dcm,53911,1572547621,1041,1388,53911,1572547621,R,MLO,0,/media/angualberto/423ff97c-bf80-4bc9-9621-cf3ec081fd25/rsna_breast_cancer_detection/train_images/53911/1572547621.dcm,train
SEM_NODULO,/media/angualberto/423ff97c-bf80-4bc9-9621-cf3ec081fd25/rsna_breast_cancer_detection/train_images/53911/1666283247.dcm,1666283247.dcm,53911,1666283247,1041,1388,53911,1666283247,R,CC,0,/media/angualberto/423ff97c-bf80-4bc9-9621-cf3ec081fd25/rsna_breast_cancer_detection/train_images/53911/1666283247.dcm,train
SEM_NODULO,/media/angualberto/423ff97c-bf80-4bc9-9621-cf3ec081fd25/rsna_breast_cancer_detection/train_images/53934/135777450.dcm,135777450.dcm,53934,135777450,1664,2048,53934,135777450,R,MLO,0,/media/angualberto/423ff97c-bf80-4bc9-9621-cf3ec081fd25/rsna_breast_cancer_detection/train_images/53934/135777450.dcm,train
SEM_NODULO,/media/angualberto/423ff97c-bf80-4bc9-9621-cf3ec081fd25/rsna_breast_cancer_detection/train_images/53934/1523929373.dcm,1523929373.dcm,53934,1523929373,1664,2048,53934,1523929373,L,CC,0,/media/angualberto/423ff97c-bf80-4bc9-9621-cf3ec081fd25/rsna_breast_cancer_detection/train_images/53934/1523929373.dcm,train
SEM_NODULO,/media/angualberto/423ff97c-bf80-4bc9-9621-cf3ec081fd25/rsna_breast_cancer_detection/train_images/53934/312448772.dcm,312448772.dcm,53934,312448772,1664,2048,53934,312448772,L,MLO,0,/media/angualberto/423ff97c-bf80-4bc9-9621-cf3ec081fd25/rsna_breast_cancer_detection/train_images/53934/312448772.dcm,train
SEM_NODULO,/media/angualberto/423ff97c-bf80-4bc9-9621-cf3ec081fd25/rsna_breast_cancer_detection/train_images/53934/325901623.dcm,325901623.dcm,53934,325901623,1664,2048,53934,325901623,R,CC,0,/media/angualberto/423ff97c-bf80-4bc9-9621-cf3ec081fd25/rsna_breast_cancer_detection/train_images/53934/325901623.dcm,train
SEM_NODULO,/media/angualberto/423ff97c-bf80-4bc9-9621-cf3ec081fd25/rsna_breast_cancer_detection/train_images/53959/1055578759.dcm,1055578759.dcm,53959,1055578759,1664,2048,53959,1055578759,R,CC,0,/media/angualberto/423ff97c-bf80-4bc9-9621-cf3ec081fd25/rsna_breast_cancer_detection/train_images/53959/1055578759.dcm,train
SEM_NODULO,/media/angualberto/423ff97c-bf80-4bc9-9621-cf3ec081fd25/rsna_breast_cancer_detection/train_images/53959/152021209.dcm,152021209.dcm,53959,152021209,1664,2048,53959,152021209,R,MLO,0,/media/angualberto/423ff97c-bf80-4bc9-9621-cf3ec081fd25/rsna_breast_cancer_detection/train_images/53959/152021209.dcm,train
SEM_NODULO,/media/angualberto/423ff97c-bf80-4bc9-9621-cf3ec081fd25/rsna_breast_cancer_detection/train_images/53959/1682965297.dcm,1682965297.dcm,53959,1682965297,1664,2048,53959,1682965297,R,MLO,0,/media/angualberto/423ff97c-bf80-4bc9-9621-cf3ec081fd25/rsna_breast_cancer_detection/train_images/53959/1682965297.dcm,train
SEM_NODULO,/media/angualberto/423ff97c-bf80-4bc9-9621-cf3ec081fd25/rsna_breast_cancer_detection/train_images/53959/355229196.dcm,355229196.dcm,53959,355229196,1664,2048,53959,355229196,L,CC,0,/media/angualberto/423ff97c-bf80-4bc9-9621-cf3ec081fd25/rsna_breast_cancer_detection/train_images/53959/355229196.dcm,train
SEM_NODULO,/media/angualberto/423ff97c-bf80-4bc9-9621-cf3ec081fd25/rsna_breast_cancer_detection/train_images/53959/560882351.dcm,560882351.dcm,53959,560882351,1664,2048,53959,560882351,L,CC,0,/media/angualberto/423ff97c-bf80-4bc9-9621-cf3ec081fd25/rsna_breast_cancer_detection/train_images/53959/560882351.dcm,train
SEM_NODULO,/media/angualberto/423ff97c-bf80-4bc9-9621-cf3ec081fd25/rsna_breast_cancer_detection/train_images/53959/780645007.dcm,780645007.dcm,53959,780645007,1664,2048,53959,780645007,L,MLO,0,/media/angualberto/423ff97c-bf80-4bc9-9621-cf3ec081fd25/rsna_breast_cancer_detection/train_images/53959/780645007.dcm,train
SEM_NODULO,/media/angualberto/423ff97c-bf80-4bc9-9621-cf3ec081fd25/rsna_breast_cancer_detection/train_images/53959/89573569.dcm,89573569.dcm,53959,89573569,1664,2048,53959,89573569,R,CC,0,/media/angualberto/423ff97c-bf80-4bc9-9621-cf3ec081fd25/rsna_breast_cancer_detection/train_images/53959/89573569.dcm,train
NODULO,/media/angualberto/423ff97c-bf80-4bc9-9621-cf3ec081fd25/rsna_breast_cancer_detection/train_images/5444/1092783603.dcm,1092783603.dcm,5444,1092783603,1664,2048,5444,1092783603,L,MLO,1,/media/angualberto/423ff97c-bf80-4bc9-9621-cf3ec081fd25/rsna_breast_cancer_detection/train_images/5444/1092783603.dcm,train
SEM_NODULO,/media/angualberto/423ff97c-bf80-4bc9-9621-cf3ec081fd25/rsna_breast_cancer_detection/train_images/5444/162794105.dcm,162794105.dcm,5444,162794105,1664,2048,5444,162794105,R,CC,0,/media/angualberto/423ff97c-bf80-4bc9-9621-cf3ec081fd25/rsna_breast_cancer_detection/train_images/5444/162794105.dcm,train
SEM_NODULO,/media/angualberto/423ff97c-bf80-4bc9-9621-cf3ec081fd25/rsna_breast_cancer_detection/train_images/5444/2041025701.dcm,2041025701.dcm,5444,2041025701,1664,2048,5444,2041025701,R,MLO,0,/media/angualberto/423ff97c-bf80-4bc9-9621-cf3ec081fd25/rsna_breast_cancer_detection/train_images/5444/2041025701.dcm,train
NODULO,/media/angualberto/423ff97c-bf80-4bc9-9621-cf3ec081fd25/rsna_breast_cancer_detection/train_images/5444/29665687.dcm,29665687.dcm,5444,29665687,1664,2048,5444,29665687,L,CC,1,/media/angualberto/423ff97c-bf80-4bc9-9621-cf3ec081fd25/rsna_breast_cancer_detection/train_images/5444/29665687.dcm,train
NODULO,/media/angualberto/423ff97c-bf80-4bc9-9621-cf3ec081fd25/rsna_breast_cancer_detection/train_images/54492/114933025.dcm,114933025.dcm,54492,114933025,2457,2677,54492,114933025,R,CC,1,/media/angualberto/423ff97c-bf80-4bc9-9621-cf3ec081fd25/rsna_breast_cancer_detection/train_images/54492/114933025.dcm,train
SEM_NODULO,/media/angualberto/423ff97c-bf80-4bc9-9621-cf3ec081fd25/rsna_breast_cancer_detection/train_images/54492/1181136600.dcm,1181136600.dcm,54492,1181136600,2457,2677,54492,1181136600,L,CC,0,/media/angualberto/423ff97c-bf80-4bc9-9621-cf3ec081fd25/rsna_breast_cancer_detection/train_images/54492/1181136600.dcm,train
NODULO,/media/angualberto/423ff97c-bf80-4bc9-9621-cf3ec081fd25/rsna_breast_cancer_detection/train_images/54492/531725191.dcm,531725191.dcm,54492,531725191,2457,2677,54492,531725191,R,MLO,1,/media/angualberto/423ff97c-bf80-4bc9-9621-cf3ec081fd25/rsna_breast_cancer_detection/train_images/54492/531725191.dcm,train
SEM_NODULO,/media/angualberto/423ff97c-bf80-4bc9-9621-cf3ec081fd25/rsna_breast_cancer_detection/train_images/54492/572699349.dcm,572699349.dcm,54492,572699349,2457,2677,54492,572699349,L,MLO,0,/media/angualberto/423ff97c-bf80-4bc9-9621-cf3ec081fd25/rsna_breast_cancer_detection/train_images/54492/572699349.dcm,train
NODULO,/media/angualberto/423ff97c-bf80-4bc9-9621-cf3ec081fd25/rsna_breast_cancer_detection/train_images/54671/1214090918.dcm,1214090918.dcm,54671,1214090918,2457,2677,54671,1214090918,L,CC,1,/media/angualberto/423ff97c-bf80-4bc9-9621-cf3ec081fd25/rsna_breast_cancer_detection/train_images/54671/1214090918.dcm,train
SEM_NODULO,/media/angualberto/423ff97c-bf80-4bc9-9621-cf3ec081fd25/rsna_breast_cancer_detection/train_images/54671/189439140.dcm,189439140.dcm,54671,189439140,2457,2677,54671,189439140,R,MLO,0,/media/angualberto/423ff97c-bf80-4bc9-9621-cf3ec081fd25/rsna_breast_cancer_detection/train_images/54671/189439140.dcm,train
SEM_NODULO,/media/angualberto/423ff97c-bf80-4bc9-9621-cf3ec081fd25/rsna_breast_cancer_detection/train_images/54671/813219191.dcm,813219191.dcm,54671,813219191,2457,2677,54671,813219191,R,CC,0,/media/angualberto/423ff97c-bf80-4bc9-9621-cf3ec081fd25/rsna_breast_cancer_detection/train_images/54671/813219191.dcm,train
NODULO,/media/angualberto/423ff97c-bf80-4bc9-9621-cf3ec081fd25/rsna_breast_cancer_detection/train_images/54671/941185309.dcm,941185309.dcm,54671,941185309,2457,2677,54671,941185309,L,MLO,1,/media/angualberto/423ff97c-bf80-4bc9-9621-cf3ec081fd25/rsna_breast_cancer_detection/train_images/54671/941185309.dcm,train
SEM_NODULO,/media/angualberto/423ff97c-bf80-4bc9-9621-cf3ec081fd25/rsna_breast_cancer_detection/train_images/54898/1174283248.dcm,1174283248.dcm,54898,1174283248,1197,1531,54898,1174283248,L,MLO,0,/media/angualberto/423ff97c-bf80-4bc9-9621-cf3ec081fd25/rsna_breast_cancer_detection/train_images/54898/1174283248.dcm,train
SEM_NODULO,/media/angualberto/423ff97c-bf80-4bc9-9621-cf3ec081fd25/rsna_breast_cancer_detection/train_images/54898/1916135217.dcm,1916135217.dcm,54898,1916135217,1197,1531,54898,1916135217,R,MLO,0,/media/angualberto/423ff97c-bf80-4bc9-9621-cf3ec081fd25/rsna_breast_cancer_detection/train_images/54898/1916135217.dcm,train
SEM_NODULO,/media/angualberto/423ff97c-bf80-4bc9-9621-cf3ec081fd25/rsna_breast_cancer_detection/train_images/54898/2030907103.dcm,2030907103.dcm,54898,2030907103,1197,1531,54898,2030907103,R,MLO,0,/media/angualberto/423ff97c-bf80-4bc9-9621-cf3ec081fd25/rsna_breast_cancer_detection/train_images/54898/2030907103.dcm,train
SEM_NODULO,/media/angualberto/423ff97c-bf80-4bc9-9621-cf3ec081fd25/rsna_breast_cancer_detection/train_images/54898/310752319.dcm,310752319.dcm,54898,310752319,1197,1531,54898,310752319,L,CC,0,/media/angualberto/423ff97c-bf80-4bc9-9621-cf3ec081fd25/rsna_breast_cancer_detection/train_images/54898/310752319.dcm,train
SEM_NODULO,/media/angualberto/423ff97c-bf80-4bc9-9621-cf3ec081fd25/rsna_breast_cancer_detection/train_images/54898/980308729.dcm,980308729.dcm,54898,980308729,1197,1531,54898,980308729,R,CC,0,/media/angualberto/423ff97c-bf80-4bc9-9621-cf3ec081fd25/rsna_breast_cancer_detection/train_images/54898/980308729.dcm,train
SEM_NODULO,/media/angualberto/423ff97c-bf80-4bc9-9621-cf3ec081fd25/rsna_breast_cancer_detection/train_images/55095/183138372.dcm,183138372.dcm,55095,183138372,1041,1388,55095,183138372,L,CC,0,/media/angualberto/423ff97c-bf80-4bc9-9621-cf3ec081fd25/rsna_breast_cancer_detection/train_images/55095/183138372.dcm,train
SEM_NODULO,/media/angualberto/423ff97c-bf80-4bc9-9621-cf3ec081fd25/rsna_breast_cancer_detection/train_images/55095/1962908314.dcm,1962908314.dcm,55095,1962908314,1041,1388,55095,1962908314,L,MLO,0,/media/angualberto/423ff97c-bf80-4bc9-9621-cf3ec081fd25/rsna_breast_cancer_detection/train_images/55095/1962908314.dcm,train
NODULO,/media/angualberto/423ff97c-bf80-4bc9-9621-cf3ec081fd25/rsna_breast_cancer_detection/train_images/55095/462557364.dcm,462557364.dcm,55095,462557364,1041,1388,55095,462557364,R,MLO,1,/media/angualberto/423ff97c-bf80-4bc9-9621-cf3ec081fd25/rsna_breast_cancer_detection/train_images/55095/462557364.dcm,train
NODULO,/media/angualberto/423ff97c-bf80-4bc9-9621-cf3ec081fd25/rsna_breast_cancer_detection/train_images/55095/864613243.dcm,864613243.dcm,55095,864613243,1041,1388,55095,864613243,R,CC,1,/media/angualberto/423ff97c-bf80-4bc9-9621-cf3ec081fd25/rsna_breast_cancer_detection/train_images/55095/864613243.dcm,train
SEM_NODULO,/media/angualberto/423ff97c-bf80-4bc9-9621-cf3ec081fd25/rsna_breast_cancer_detection/train_images/55156/1238458251.dcm,1238458251.dcm,55156,1238458251,1041,1388,55156,1238458251,L,MLO,0,/media/angualberto/423ff97c-bf80-4bc9-9621-cf3ec081fd25/rsna_breast_cancer_detection/train_images/55156/1238458251.dcm,test
SEM_NODULO,/media/angualberto/423ff97c-bf80-4bc9-9621-cf3ec081fd25/rsna_breast_cancer_detection/train_images/55156/2077442875.dcm,2077442875.dcm,55156,2077442875,1041,1388,55156,2077442875,L,CC,0,/media/angualberto/423ff97c-bf80-4bc9-9621-cf3ec081fd25/rsna_breast_cancer_detection/train_images/55156/2077442875.dcm,test
SEM_NODULO,/media/angualberto/423ff97c-bf80-4bc9-9621-cf3ec081fd25/rsna_breast_cancer_detection/train_images/55156/259318839.dcm,259318839.dcm,55156,259318839,1041,1388,55156,259318839,R,CC,0,/media/angualberto/423ff97c-bf80-4bc9-9621-cf3ec081fd25/rsna_breast_cancer_detection/train_images/55156/259318839.dcm,test
SEM_NODULO,/media/angualberto/423ff97c-bf80-4bc9-9621-cf3ec081fd25/rsna_breast_cancer_detection/train_images/55156/641518209.dcm,641518209.dcm,55156,641518209,1041,1388,55156,641518209,R,MLO,0,/media/angualberto/423ff97c-bf80-4bc9-9621-cf3ec081fd25/rsna_breast_cancer_detection/train_images/55156/641518209.dcm,test
SEM_NODULO,/media/angualberto/423ff97c-bf80-4bc9-9621-cf3ec081fd25/rsna_breast_cancer_detection/train_images/55281/1591165517.dcm,1591165517.dcm,55281,1591165517,1664,2048,55281,1591165517,R,MLO,0,/media/angualberto/423ff97c-bf80-4bc9-9621-cf3ec081fd25/rsna_breast_cancer_detection/train_images/55281/1591165517.dcm,train
SEM_NODULO,/media/angualberto/423ff97c-bf80-4bc9-9621-cf3ec081fd25/rsna_breast_cancer_detection/train_images/55281/1603766807.dcm,1603766807.dcm,55281,1603766807,1664,2048,55281,1603766807,R,CC,0,/media/angualberto/423ff97c-bf80-4bc9-9621-cf3ec081fd25/rsna_breast_cancer_detection/train_images/55281/1603766807.dcm,train
SEM_NODULO,/media/angualberto/423ff97c-bf80-4bc9-9621-cf3ec081fd25/rsna_breast_cancer_detection/train_images/55281/1621591454.dcm,1621591454.dcm,55281,1621591454,1664,2048,55281,1621591454,L,MLO,0,/media/angualberto/423ff97c-bf80-4bc9-9621-cf3ec081fd25/rsna_breast_cancer_detection/train_images/55281/1621591454.dcm,train
SEM_NODULO,/media/angualberto/423ff97c-bf80-4bc9-9621-cf3ec081fd25/rsna_breast_cancer_detection/train_images/55281/395854967.dcm,395854967.dcm,55281,395854967,1664,2048,55281,395854967,L,CC,0,/media/angualberto/423ff97c-bf80-4bc9-9621-cf3ec081fd25/rsna_breast_cancer_detection/train_images/55281/395854967.dcm,train
NODULO,/media/angualberto/423ff97c-bf80-4bc9-9621-cf3ec081fd25/rsna_breast_cancer_detection/train_images/55483/1886865907.dcm,1886865907.dcm,55483,1886865907,1664,2048,55483,1886865907,L,MLO,1,/media/angualberto/423ff97c-bf80-4bc9-9621-cf3ec081fd25/rsna_breast_cancer_detection/train_images/55483/1886865907.dcm,test
SEM_NODULO,/media/angualberto/423ff97c-bf80-4bc9-9621-cf3ec081fd25/rsna_breast_cancer_detection/train_images/55483/308764311.dcm,308764311.dcm,55483,308764311,1664,2048,55483,308764311,R,MLO,0,/media/angualberto/423ff97c-bf80-4bc9-9621-cf3ec081fd25/rsna_breast_cancer_detection/train_images/55483/308764311.dcm,test
NODULO,/media/angualberto/423ff97c-bf80-4bc9-9621-cf3ec081fd25/rsna_breast_cancer_detection/train_images/55483/457072769.dcm,457072769.dcm,55483,457072769,1664,2048,55483,457072769,L,CC,1,/media/angualberto/423ff97c-bf80-4bc9-9621-cf3ec081fd25/rsna_breast_cancer_detection/train_images/55483/457072769.dcm,test
SEM_NODULO,/media/angualberto/423ff97c-bf80-4bc9-9621-cf3ec081fd25/rsna_breast_cancer_detection/train_images/55483/840077175.dcm,840077175.dcm,55483,840077175,1664,2048,55483,840077175,R,CC,0,/media/angualberto/423ff97c-bf80-4bc9-9621-cf3ec081fd25/rsna_breast_cancer_detection/train_images/55483/840077175.dcm,test
SEM_NODULO,/media/angualberto/423ff97c-bf80-4bc9-9621-cf3ec081fd25/rsna_breast_cancer_detection/train_images/55665/1380015813.dcm,1380015813.dcm,55665,1380015813,2457,2677,55665,1380015813,L,MLO,0,/media/angualberto/423ff97c-bf80-4bc9-9621-cf3ec081fd25/rsna_breast_cancer_detection/train_images/55665/1380015813.dcm,train
SEM_NODULO,/media/angualberto/423ff97c-bf80-4bc9-9621-cf3ec081fd25/rsna_breast_cancer_detection/train_images/55665/1443998037.dcm,1443998037.dcm,55665,1443998037,2457,2677,55665,1443998037,R,CC,0,/media/angualberto/423ff97c-bf80-4bc9-9621-cf3ec081fd25/rsna_breast_cancer_detection/train_images/55665/1443998037.dcm,train
SEM_NODULO,/media/angualberto/423ff97c-bf80-4bc9-9621-cf3ec081fd25/rsna_breast_cancer_detection/train_images/55665/580581100.dcm,580581100.dcm,55665,580581100,2457,2677,55665,580581100,L,CC,0,/media/angualberto/423ff97c-bf80-4bc9-9621-cf3ec081fd25/rsna_breast_cancer_detection/train_images/55665/580581100.dcm,train
SEM_NODULO,/media/angualberto/423ff97c-bf80-4bc9-9621-cf3ec081fd25/rsna_breast_cancer_detection/train_images/55665/635471081.dcm,635471081.dcm,55665,635471081,2457,2677,55665,635471081,R,MLO,0,/media/angualberto/423ff97c-bf80-4bc9-9621-cf3ec081fd25/rsna_breast_cancer_detection/train_images/55665/635471081.dcm,train
NODULO,/media/angualberto/423ff97c-bf80-4bc9-9621-cf3ec081fd25/rsna_breast_cancer_detection/train_images/5608/1085496456.dcm,1085496456.dcm,5608,1085496456,1664,2048,5608,1085496456,R,CC,1,/media/angualberto/423ff97c-bf80-4bc9-9621-cf3ec081fd25/rsna_breast_cancer_detection/train_images/5608/1085496456.dcm,train
SEM_NODULO,/media/angualberto/423ff97c-bf80-4bc9-9621-cf3ec081fd25/rsna_breast_cancer_detection/train_images/5608/1635549647.dcm,1635549647.dcm,5608,1635549647,1664,2048,5608,1635549647,L,MLO,0,/media/angualberto/423ff97c-bf80-4bc9-9621-cf3ec081fd25/rsna_breast_cancer_detection/train_images/5608/1635549647.dcm,train
SEM_NODULO,/media/angualberto/423ff97c-bf80-4bc9-9621-cf3ec081fd25/rsna_breast_cancer_detection/train_images/5608/598586220.dcm,598586220.dcm,5608,598586220,1664,2048,5608,598586220,L,MLO,0,/media/angualberto/423ff97c-bf80-4bc9-9621-cf3ec081fd25/rsna_breast_cancer_detection/train_images/5608/598586220.dcm,train
SEM_NODULO,/media/angualberto/423ff97c-bf80-4bc9-9621-cf3ec081fd25/rsna_breast_cancer_detection/train_images/5608/731678502.dcm,731678502.dcm,5608,731678502,1664,2048,5608,731678502,L,CC,0,/media/angualberto/423ff97c-bf80-4bc9-9621-cf3ec081fd25/rsna_breast_cancer_detection/train_images/5608/731678502.dcm,train
NODULO,/media/angualberto/423ff97c-bf80-4bc9-9621-cf3ec081fd25/rsna_breast_cancer_detection/train_images/5608/908319767.dcm,908319767.dcm,5608,908319767,1664,2048,5608,908319767,R,MLO,1,/media/angualberto/423ff97c-bf80-4bc9-9621-cf3ec081fd25/rsna_breast_cancer_detection/train_images/5608/908319767.dcm,train
SEM_NODULO,/media/angualberto/423ff97c-bf80-4bc9-9621-cf3ec081fd25/rsna_breast_cancer_detection/train_images/57126/1637427188.dcm,1637427188.dcm,57126,1637427188,2457,2677,57126,1637427188,R,CC,0,/media/angualberto/423ff97c-bf80-4bc9-9621-cf3ec081fd25/rsna_breast_cancer_detection/train_images/57126/1637427188.dcm,test
SEM_NODULO,/media/angualberto/423ff97c-bf80-4bc9-9621-cf3ec081fd25/rsna_breast_cancer_detection/train_images/57126/1645012596.dcm,1645012596.dcm,57126,1645012596,2457,2677,57126,1645012596,L,CC,0,/media/angualberto/423ff97c-bf80-4bc9-9621-cf3ec081fd25/rsna_breast_cancer_detection/train_images/57126/1645012596.dcm,test
SEM_NODULO,/media/angualberto/423ff97c-bf80-4bc9-9621-cf3ec081fd25/rsna_breast_cancer_detection/train_images/57126/893050404.dcm,893050404.dcm,57126,893050404,2457,2677,57126,893050404,R,MLO,0,/media/angualberto/423ff97c-bf80-4bc9-9621-cf3ec081fd25/rsna_breast_cancer_detection/train_images/57126/893050404.dcm,test
SEM_NODULO,/media/angualberto/423ff97c-bf80-4bc9-9621-cf3ec081fd25/rsna_breast_cancer_detection/train_images/57126/908710286.dcm,908710286.dcm,57126,908710286,2457,2677,57126,908710286,L,MLO,0,/media/angualberto/423ff97c-bf80-4bc9-9621-cf3ec081fd25/rsna_breast_cancer_detection/train_images/57126/908710286.dcm,test
SEM_NODULO,/media/angualberto/423ff97c-bf80-4bc9-9621-cf3ec081fd25/rsna_breast_cancer_detection/train_images/57326/1002511600.dcm,1002511600.dcm,57326,1002511600,1664,2048,57326,1002511600,R,MLO,0,/media/angualberto/423ff97c-bf80-4bc9-9621-cf3ec081fd25/rsna_breast_cancer_detection/train_images/57326/1002511600.dcm,train
SEM_NODULO,/media/angualberto/423ff97c-bf80-4bc9-9621-cf3ec081fd25/rsna_breast_cancer_detection/train_images/57326/1065722790.dcm,1065722790.dcm,57326,1065722790,1664,2048,57326,1065722790,L,MLO,0,/media/angualberto/423ff97c-bf80-4bc9-9621-cf3ec081fd25/rsna_breast_cancer_detection/train_images/57326/1065722790.dcm,train
SEM_NODULO,/media/angualberto/423ff97c-bf80-4bc9-9621-cf3ec081fd25/rsna_breast_cancer_detection/train_images/57326/199960672.dcm,199960672.dcm,57326,199960672,1664,2048,57326,199960672,R,CC,0,/media/angualberto/423ff97c-bf80-4bc9-9621-cf3ec081fd25/rsna_breast_cancer_detection/train_images/57326/199960672.dcm,train
SEM_NODULO,/media/angualberto/423ff97c-bf80-4bc9-9621-cf3ec081fd25/rsna_breast_cancer_detection/train_images/57326/943333793.dcm,943333793.dcm,57326,943333793,1664,2048,57326,943333793,L,CC,0,/media/angualberto/423ff97c-bf80-4bc9-9621-cf3ec081fd25/rsna_breast_cancer_detection/train_images/57326/943333793.dcm,train
SEM_NODULO,/media/angualberto/423ff97c-bf80-4bc9-9621-cf3ec081fd25/rsna_breast_cancer_detection/train_images/57623/1309061658.dcm,1309061658.dcm,57623,1309061658,2457,2677,57623,1309061658,L,MLO,0,/media/angualberto/423ff97c-bf80-4bc9-9621-cf3ec081fd25/rsna_breast_cancer_detection/train_images/57623/1309061658.dcm,train
NODULO,/media/angualberto/423ff97c-bf80-4bc9-9621-cf3ec081fd25/rsna_breast_cancer_detection/train_images/57623/1317268595.dcm,1317268595.dcm,57623,1317268595,2457,2677,57623,1317268595,R,MLO,1,/media/angualberto/423ff97c-bf80-4bc9-9621-cf3ec081fd25/rsna_breast_cancer_detection/train_images/57623/1317268595.dcm,train
NODULO,/media/angualberto/423ff97c-bf80-4bc9-9621-cf3ec081fd25/rsna_breast_cancer_detection/train_images/57623/2025283559.dcm,2025283559.dcm,57623,2025283559,2457,2677,57623,2025283559,R,CC,1,/media/angualberto/423ff97c-bf80-4bc9-9621-cf3ec081fd25/rsna_breast_cancer_detection/train_images/57623/2025283559.dcm,train
SEM_NODULO,/media/angualberto/423ff97c-bf80-4bc9-9621-cf3ec081fd25/rsna_breast_cancer_detection/train_images/57623/301205699.dcm,301205699.dcm,57623,301205699,2457,2677,57623,301205699,L,CC,0,/media/angualberto/423ff97c-bf80-4bc9-9621-cf3ec081fd25/rsna_breast_cancer_detection/train_images/57623/301205699.dcm,train
NODULO,/media/angualberto/423ff97c-bf80-4bc9-9621-cf3ec081fd25/rsna_breast_cancer_detection/train_images/57737/447151473.dcm,447151473.dcm,57737,447151473,1664,2048,57737,447151473,R,MLO,1,/media/angualberto/423ff97c-bf80-4bc9-9621-cf3ec081fd25/rsna_breast_cancer_detection/train_images/57737/447151473.dcm,test
SEM_NODULO,/media/angualberto/423ff97c-bf80-4bc9-9621-cf3ec081fd25/rsna_breast_cancer_detection/train_images/57737/462768322.dcm,462768322.dcm,57737,462768322,1664,2048,57737,462768322,L,CC,0,/media/angualberto/423ff97c-bf80-4bc9-9621-cf3ec081fd25/rsna_breast_cancer_detection/train_images/57737/462768322.dcm,test
NODULO,/media/angualberto/423ff97c-bf80-4bc9-9621-cf3ec081fd25/rsna_breast_cancer_detection/train_images/57737/509366020.dcm,509366020.dcm,57737,509366020,1664,2048,57737,509366020,R,CC,1,/media/angualberto/423ff97c-bf80-4bc9-9621-cf3ec081fd25/rsna_breast_cancer_detection/train_images/57737/509366020.dcm,test
SEM_NODULO,/media/angualberto/423ff97c-bf80-4bc9-9621-cf3ec081fd25/rsna_breast_cancer_detection/train_images/57737/949737516.dcm,949737516.dcm,57737,949737516,1664,2048,57737,949737516,L,MLO,0,/media/angualberto/423ff97c-bf80-4bc9-9621-cf3ec081fd25/rsna_breast_cancer_detection/train_images/57737/949737516.dcm,test
SEM_NODULO,/media/angualberto/423ff97c-bf80-4bc9-9621-cf3ec081fd25/rsna_breast_cancer_detection/train_images/58101/1096537038.dcm,1096537038.dcm,58101,1096537038,1664,2048,58101,1096537038,L,MLO,0,/media/angualberto/423ff97c-bf80-4bc9-9621-cf3ec081fd25/rsna_breast_cancer_detection/train_images/58101/1096537038.dcm,train
SEM_NODULO,/media/angualberto/423ff97c-bf80-4bc9-9621-cf3ec081fd25/rsna_breast_cancer_detection/train_images/58101/1921186041.dcm,1921186041.dcm,58101,1921186041,1664,2048,58101,1921186041,R,MLO,0,/media/angualberto/423ff97c-bf80-4bc9-9621-cf3ec081fd25/rsna_breast_cancer_detection/train_images/58101/1921186041.dcm,train
SEM_NODULO,/media/angualberto/423ff97c-bf80-4bc9-9621-cf3ec081fd25/rsna_breast_cancer_detection/train_images/58101/32061616.dcm,32061616.dcm,58101,32061616,1664,2048,58101,32061616,L,CC,0,/media/angualberto/423ff97c-bf80-4bc9-9621-cf3ec081fd25/rsna_breast_cancer_detection/train_images/58101/32061616.dcm,train
SEM_NODULO,/media/angualberto/423ff97c-bf80-4bc9-9621-cf3ec081fd25/rsna_breast_cancer_detection/train_images/58101/32689631.dcm,32689631.dcm,58101,32689631,1664,2048,58101,32689631,R,MLO,0,/media/angualberto/423ff97c-bf80-4bc9-9621-cf3ec081fd25/rsna_breast_cancer_detection/train_images/58101/32689631.dcm,train
SEM_NODULO,/media/angualberto/423ff97c-bf80-4bc9-9621-cf3ec081fd25/rsna_breast_cancer_detection/train_images/58101/562836722.dcm,562836722.dcm,58101,562836722,1664,2048,58101,562836722,L,MLO,0,/media/angualberto/423ff97c-bf80-4bc9-9621-cf3ec081fd25/rsna_breast_cancer_detection/train_images/58101/562836722.dcm,train
SEM_NODULO,/media/angualberto/423ff97c-bf80-4bc9-9621-cf3ec081fd25/rsna_breast_cancer_detection/train_images/58101/584896415.dcm,584896415.dcm,58101,584896415,1664,2048,58101,584896415,R,CC,0,/media/angualberto/423ff97c-bf80-4bc9-9621-cf3ec081fd25/rsna_breast_cancer_detection/train_images/58101/584896415.dcm,train
NODULO,/media/angualberto/423ff97c-bf80-4bc9-9621-cf3ec081fd25/rsna_breast_cancer_detection/train_images/5820/1101246759.dcm,1101246759.dcm,5820,1101246759,1664,2048,5820,1101246759,R,MLO,1,/media/angualberto/423ff97c-bf80-4bc9-9621-cf3ec081fd25/rsna_breast_cancer_detection/train_images/5820/1101246759.dcm,train
SEM_NODULO,/media/angualberto/423ff97c-bf80-4bc9-9621-cf3ec081fd25/rsna_breast_cancer_detection/train_images/5820/113352693.dcm,113352693.dcm,5820,113352693,1664,2048,5820,113352693,L,CC,0,/media/angualberto/423ff97c-bf80-4bc9-9621-cf3ec081fd25/rsna_breast_cancer_detection/train_images/5820/113352693.dcm,train
NODULO,/media/angualberto/423ff97c-bf80-4bc9-9621-cf3ec081fd25/rsna_breast_cancer_detection/train_images/5820/317530806.dcm,317530806.dcm,5820,317530806,1664,2048,5820,317530806,R,CC,1,/media/angualberto/423ff97c-bf80-4bc9-9621-cf3ec081fd25/rsna_breast_cancer_detection/train_images/5820/317530806.dcm,train
SEM_NODULO,/media/angualberto/423ff97c-bf80-4bc9-9621-cf3ec081fd25/rsna_breast_cancer_detection/train_images/5820/742892565.dcm,742892565.dcm,5820,742892565,1664,2048,5820,742892565,L,MLO,0,/media/angualberto/423ff97c-bf80-4bc9-9621-cf3ec081fd25/rsna_breast_cancer_detection/train_images/5820/742892565.dcm,train
SEM_NODULO,/media/angualberto/423ff97c-bf80-4bc9-9621-cf3ec081fd25/rsna_breast_cancer_detection/train_images/58430/1148164018.dcm,1148164018.dcm,58430,1148164018,2457,2677,58430,1148164018,L,MLO,0,/media/angualberto/423ff97c-bf80-4bc9-9621-cf3ec081fd25/rsna_breast_cancer_detection/train_images/58430/1148164018.dcm,train
SEM_NODULO,/media/angualberto/423ff97c-bf80-4bc9-9621-cf3ec081fd25/rsna_breast_cancer_detection/train_images/58430/1498575421.dcm,1498575421.dcm,58430,1498575421,2457,2677,58430,1498575421,R,CC,0,/media/angualberto/423ff97c-bf80-4bc9-9621-cf3ec081fd25/rsna_breast_cancer_detection/train_images/58430/1498575421.dcm,train
SEM_NODULO,/media/angualberto/423ff97c-bf80-4bc9-9621-cf3ec081fd25/rsna_breast_cancer_detection/train_images/58430/202858139.dcm,202858139.dcm,58430,202858139,2457,2677,58430,202858139,L,CC,0,/media/angualberto/423ff97c-bf80-4bc9-9621-cf3ec081fd25/rsna_breast_cancer_detection/train_images/58430/202858139.dcm,train
SEM_NODULO,/media/angualberto/423ff97c-bf80-4bc9-9621-cf3ec081fd25/rsna_breast_cancer_detection/train_images/58430/941684824.dcm,941684824.dcm,58430,941684824,2457,2677,58430,941684824,R,MLO,0,/media/angualberto/423ff97c-bf80-4bc9-9621-cf3ec081fd25/rsna_breast_cancer_detection/train_images/58430/941684824.dcm,train
NODULO,/media/angualberto/423ff97c-bf80-4bc9-9621-cf3ec081fd25/rsna_breast_cancer_detection/train_images/58564/1081841028.dcm,1081841028.dcm,58564,1081841028,1664,2048,58564,1081841028,R,CC,1,/media/angualberto/423ff97c-bf80-4bc9-9621-cf3ec081fd25/rsna_breast_cancer_detection/train_images/58564/1081841028.dcm,train
SEM_NODULO,/media/angualberto/423ff97c-bf80-4bc9-9621-cf3ec081fd25/rsna_breast_cancer_detection/train_images/58564/1156567883.dcm,1156567883.dcm,58564,1156567883,1664,2048,58564,1156567883,L,MLO,0,/media/angualberto/423ff97c-bf80-4bc9-9621-cf3ec081fd25/rsna_breast_cancer_detection/train_images/58564/1156567883.dcm,train
SEM_NODULO,/media/angualberto/423ff97c-bf80-4bc9-9621-cf3ec081fd25/rsna_breast_cancer_detection/train_images/58564/2016258828.dcm,2016258828.dcm,58564,2016258828,1664,2048,58564,2016258828,L,CC,0,/media/angualberto/423ff97c-bf80-4bc9-9621-cf3ec081fd25/rsna_breast_cancer_detection/train_images/58564/2016258828.dcm,train
NODULO,/media/angualberto/423ff97c-bf80-4bc9-9621-cf3ec081fd25/rsna_breast_cancer_detection/train_images/58564/22663013.dcm,22663013.dcm,58564,22663013,1280,1664,58564,22663013,R,CC,1,/media/angualberto/423ff97c-bf80-4bc9-9621-cf3ec081fd25/rsna_breast_cancer_detection/train_images/58564/22663013.dcm,train
NODULO,/media/angualberto/423ff97c-bf80-4bc9-9621-cf3ec081fd25/rsna_breast_cancer_detection/train_images/58564/249281436.dcm,249281436.dcm,58564,249281436,1664,2048,58564,249281436,R,MLO,1,/media/angualberto/423ff97c-bf80-4bc9-9621-cf3ec081fd25/rsna_breast_cancer_detection/train_images/58564/249281436.dcm,train
SEM_NODULO,/media/angualberto/423ff97c-bf80-4bc9-9621-cf3ec081fd25/rsna_breast_cancer_detection/train_images/58564/525529926.dcm,525529926.dcm,58564,525529926,1664,2048,58564,525529926,L,CC,0,/media/angualberto/423ff97c-bf80-4bc9-9621-cf3ec081fd25/rsna_breast_cancer_detection/train_images/58564/525529926.dcm,train
SEM_NODULO,/media/angualberto/423ff97c-bf80-4bc9-9621-cf3ec081fd25/rsna_breast_cancer_detection/train_images/5857/1179610880.dcm,1179610880.dcm,5857,1179610880,1664,2048,5857,1179610880,R,CC,0,/media/angualberto/423ff97c-bf80-4bc9-9621-cf3ec081fd25/rsna_breast_cancer_detection/train_images/5857/1179610880.dcm,train
SEM_NODULO,/media/angualberto/423ff97c-bf80-4bc9-9621-cf3ec081fd25/rsna_breast_cancer_detection/train_images/5857/1398351810.dcm,1398351810.dcm,5857,1398351810,1664,2048,5857,1398351810,R,MLO,0,/media/angualberto/423ff97c-bf80-4bc9-9621-cf3ec081fd25/rsna_breast_cancer_detection/train_images/5857/1398351810.dcm,train
SEM_NODULO,/media/angualberto/423ff97c-bf80-4bc9-9621-cf3ec081fd25/rsna_breast_cancer_detection/train_images/5857/1431908568.dcm,1431908568.dcm,5857,1431908568,1664,2048,5857,1431908568,R,CC,0,/media/angualberto/423ff97c-bf80-4bc9-9621-cf3ec081fd25/rsna_breast_cancer_detection/train_images/5857/1431908568.dcm,train
SEM_NODULO,/media/angualberto/423ff97c-bf80-4bc9-9621-cf3ec081fd25/rsna_breast_cancer_detection/train_images/5857/2116654499.dcm,2116654499.dcm,5857,2116654499,1664,2048,5857,2116654499,L,MLO,0,/media/angualberto/423ff97c-bf80-4bc9-9621-cf3ec081fd25/rsna_breast_cancer_detection/train_images/5857/2116654499.dcm,train
SEM_NODULO,/media/angualberto/423ff97c-bf80-4bc9-9621-cf3ec081fd25/rsna_breast_cancer_detection/train_images/5857/2143422031.dcm,2143422031.dcm,5857,2143422031,1664,2048,5857,2143422031,L,CC,0,/media/angualberto/423ff97c-bf80-4bc9-9621-cf3ec081fd25/rsna_breast_cancer_detection/train_images/5857/2143422031.dcm,train
SEM_NODULO,/media/angualberto/423ff97c-bf80-4bc9-9621-cf3ec081fd25/rsna_breast_cancer_detection/train_images/5857/717059882.dcm,717059882.dcm,5857,717059882,1664,2048,5857,717059882,L,CC,0,/media/angualberto/423ff97c-bf80-4bc9-9621-cf3ec081fd25/rsna_breast_cancer_detection/train_images/5857/717059882.dcm,train
SEM_NODULO,/media/angualberto/423ff97c-bf80-4bc9-9621-cf3ec081fd25/rsna_breast_cancer_detection/train_images/58656/1137230491.dcm,1137230491.dcm,58656,1137230491,1664,2048,58656,1137230491,L,MLO,0,/media/angualberto/423ff97c-bf80-4bc9-9621-cf3ec081fd25/rsna_breast_cancer_detection/train_images/58656/1137230491.dcm,test
SEM_NODULO,/media/angualberto/423ff97c-bf80-4bc9-9621-cf3ec081fd25/rsna_breast_cancer_detection/train_images/58656/170292501.dcm,170292501.dcm,58656,170292501,1664,2048,58656,170292501,R,MLO,0,/media/angualberto/423ff97c-bf80-4bc9-9621-cf3ec081fd25/rsna_breast_cancer_detection/train_images/58656/170292501.dcm,test
SEM_NODULO,/media/angualberto/423ff97c-bf80-4bc9-9621-cf3ec081fd25/rsna_breast_cancer_detection/train_images/58656/2083345164.dcm,2083345164.dcm,58656,2083345164,1664,2048,58656,2083345164,L,CC,0,/media/angualberto/423ff97c-bf80-4bc9-9621-cf3ec081fd25/rsna_breast_cancer_detection/train_images/58656/2083345164.dcm,test
SEM_NODULO,/media/angualberto/423ff97c-bf80-4bc9-9621-cf3ec081fd25/rsna_breast_cancer_detection/train_images/58656/578789102.dcm,578789102.dcm,58656,578789102,1664,2048,58656,578789102,R,CC,0,/media/angualberto/423ff97c-bf80-4bc9-9621-cf3ec081fd25/rsna_breast_cancer_detection/train_images/58656/578789102.dcm,test
NODULO,/media/angualberto/423ff97c-bf80-4bc9-9621-cf3ec081fd25/rsna_breast_cancer_detection/train_images/5911/1491483248.dcm,1491483248.dcm,5911,1491483248,1664,2048,5911,1491483248,R,MLO,1,/media/angualberto/423ff97c-bf80-4bc9-9621-cf3ec081fd25/rsna_breast_cancer_detection/train_images/5911/1491483248.dcm,train
NODULO,/media/angualberto/423ff97c-bf80-4bc9-9621-cf3ec081fd25/rsna_breast_cancer_detection/train_images/5911/1749421856.dcm,1749421856.dcm,5911,1749421856,1664,2048,5911,1749421856,R,CC,1,/media/angualberto/423ff97c-bf80-4bc9-9621-cf3ec081fd25/rsna_breast_cancer_detection/train_images/5911/1749421856.dcm,train
SEM_NODULO,/media/angualberto/423ff97c-bf80-4bc9-9621-cf3ec081fd25/rsna_breast_cancer_detection/train_images/5911/456769587.dcm,456769587.dcm,5911,456769587,1664,2048,5911,456769587,L,CC,0,/media/angualberto/423ff97c-bf80-4bc9-9621-cf3ec081fd25/rsna_breast_cancer_detection/train_images/5911/456769587.dcm,train
SEM_NODULO,/media/angualberto/423ff97c-bf80-4bc9-9621-cf3ec081fd25/rsna_breast_cancer_detection/train_images/5911/868334288.dcm,868334288.dcm,5911,868334288,1664,2048,5911,868334288,L,MLO,0,/media/angualberto/423ff97c-bf80-4bc9-9621-cf3ec081fd25/rsna_breast_cancer_detection/train_images/5911/868334288.dcm,train
SEM_NODULO,/media/angualberto/423ff97c-bf80-4bc9-9621-cf3ec081fd25/rsna_breast_cancer_detection/train_images/59344/1007082322.dcm,1007082322.dcm,59344,1007082322,1041,1388,59344,1007082322,L,CC,0,/media/angualberto/423ff97c-bf80-4bc9-9621-cf3ec081fd25/rsna_breast_cancer_detection/train_images/59344/1007082322.dcm,train
SEM_NODULO,/media/angualberto/423ff97c-bf80-4bc9-9621-cf3ec081fd25/rsna_breast_cancer_detection/train_images/59344/1734753271.dcm,1734753271.dcm,59344,1734753271,1041,1388,59344,1734753271,R,MLO,0,/media/angualberto/423ff97c-bf80-4bc9-9621-cf3ec081fd25/rsna_breast_cancer_detection/train_images/59344/1734753271.dcm,train
SEM_NODULO,/media/angualberto/423ff97c-bf80-4bc9-9621-cf3ec081fd25/rsna_breast_cancer_detection/train_images/59344/1843744843.dcm,1843744843.dcm,59344,1843744843,1041,1388,59344,1843744843,R,CC,0,/media/angualberto/423ff97c-bf80-4bc9-9621-cf3ec081fd25/rsna_breast_cancer_detection/train_images/59344/1843744843.dcm,train
SEM_NODULO,/media/angualberto/423ff97c-bf80-4bc9-9621-cf3ec081fd25/rsna_breast_cancer_detection/train_images/59344/912860535.dcm,912860535.dcm,59344,912860535,1041,1388,59344,912860535,L,MLO,0,/media/angualberto/423ff97c-bf80-4bc9-9621-cf3ec081fd25/rsna_breast_cancer_detection/train_images/59344/912860535.dcm,train
NODULO,/media/angualberto/423ff97c-bf80-4bc9-9621-cf3ec081fd25/rsna_breast_cancer_detection/train_images/59865/1213747044.dcm,1213747044.dcm,59865,1213747044,1664,2048,59865,1213747044,R,CC,1,/media/angualberto/423ff97c-bf80-4bc9-9621-cf3ec081fd25/rsna_breast_cancer_detection/train_images/59865/1213747044.dcm,train
SEM_NODULO,/media/angualberto/423ff97c-bf80-4bc9-9621-cf3ec081fd25/rsna_breast_cancer_detection/train_images/59865/1699482620.dcm,1699482620.dcm,59865,1699482620,1664,2048,59865,1699482620,L,CC,0,/media/angualberto/423ff97c-bf80-4bc9-9621-cf3ec081fd25/rsna_breast_cancer_detection/train_images/59865/1699482620.dcm,train
NODULO,/media/angualberto/423ff97c-bf80-4bc9-9621-cf3ec081fd25/rsna_breast_cancer_detection/train_images/59865/1780320322.dcm,1780320322.dcm,59865,1780320322,1664,2048,59865,1780320322,R,CC,1,/media/angualberto/423ff97c-bf80-4bc9-9621-cf3ec081fd25/rsna_breast_cancer_detection/train_images/59865/1780320322.dcm,train
SEM_NODULO,/media/angualberto/423ff97c-bf80-4bc9-9621-cf3ec081fd25/rsna_breast_cancer_detection/train_images/59865/246068648.dcm,246068648.dcm,59865,246068648,1664,2048,59865,246068648,L,CC,0,/media/angualberto/423ff97c-bf80-4bc9-9621-cf3ec081fd25/rsna_breast_cancer_detection/train_images/59865/246068648.dcm,train
SEM_NODULO,/media/angualberto/423ff97c-bf80-4bc9-9621-cf3ec081fd25/rsna_breast_cancer_detection/train_images/59865/381104759.dcm,381104759.dcm,59865,381104759,1664,2048,59865,381104759,L,MLO,0,/media/angualberto/423ff97c-bf80-4bc9-9621-cf3ec081fd25/rsna_breast_cancer_detection/train_images/59865/381104759.dcm,train
NODULO,/media/angualberto/423ff97c-bf80-4bc9-9621-cf3ec081fd25/rsna_breast_cancer_detection/train_images/59865/835658415.dcm,835658415.dcm,59865,835658415,1664,2048,59865,835658415,R,MLO,1,/media/angualberto/423ff97c-bf80-4bc9-9621-cf3ec081fd25/rsna_breast_cancer_detection/train_images/59865/835658415.dcm,train
SEM_NODULO,/media/angualberto/423ff97c-bf80-4bc9-9621-cf3ec081fd25/rsna_breast_cancer_detection/train_images/60001/1120835018.dcm,1120835018.dcm,60001,1120835018,1280,1664,60001,1120835018,R,MLO,0,/media/angualberto/423ff97c-bf80-4bc9-9621-cf3ec081fd25/rsna_breast_cancer_detection/train_images/60001/1120835018.dcm,train
NODULO,/media/angualberto/423ff97c-bf80-4bc9-9621-cf3ec081fd25/rsna_breast_cancer_detection/train_images/60001/1236280814.dcm,1236280814.dcm,60001,1236280814,1280,1664,60001,1236280814,L,CC,1,/media/angualberto/423ff97c-bf80-4bc9-9621-cf3ec081fd25/rsna_breast_cancer_detection/train_images/60001/1236280814.dcm,train
NODULO,/media/angualberto/423ff97c-bf80-4bc9-9621-cf3ec081fd25/rsna_breast_cancer_detection/train_images/60001/1890233822.dcm,1890233822.dcm,60001,1890233822,1280,1664,60001,1890233822,L,MLO,1,/media/angualberto/423ff97c-bf80-4bc9-9621-cf3ec081fd25/rsna_breast_cancer_detection/train_images/60001/1890233822.dcm,train
SEM_NODULO,/media/angualberto/423ff97c-bf80-4bc9-9621-cf3ec081fd25/rsna_breast_cancer_detection/train_images/60001/282738620.dcm,282738620.dcm,60001,282738620,1280,1664,60001,282738620,R,MLO,0,/media/angualberto/423ff97c-bf80-4bc9-9621-cf3ec081fd25/rsna_breast_cancer_detection/train_images/60001/282738620.dcm,train
SEM_NODULO,/media/angualberto/423ff97c-bf80-4bc9-9621-cf3ec081fd25/rsna_breast_cancer_detection/train_images/60001/746990846.dcm,746990846.dcm,60001,746990846,1280,1664,60001,746990846,R,CC,0,/media/angualberto/423ff97c-bf80-4bc9-9621-cf3ec081fd25/rsna_breast_cancer_detection/train_images/60001/746990846.dcm,train
NODULO,/media/angualberto/423ff97c-bf80-4bc9-9621-cf3ec081fd25/rsna_breast_cancer_detection/train_images/60519/1303753411.dcm,1303753411.dcm,60519,1303753411,1664,2048,60519,1303753411,L,MLO,1,/media/angualberto/423ff97c-bf80-4bc9-9621-cf3ec081fd25/rsna_breast_cancer_detection/train_images/60519/1303753411.dcm,train
SEM_NODULO,/media/angualberto/423ff97c-bf80-4bc9-9621-cf3ec081fd25/rsna_breast_cancer_detection/train_images/60519/1585669801.dcm,1585669801.dcm,60519,1585669801,1664,2048,60519,1585669801,R,MLO,0,/media/angualberto/423ff97c-bf80-4bc9-9621-cf3ec081fd25/rsna_breast_cancer_detection/train_images/60519/1585669801.dcm,train
NODULO,/media/angualberto/423ff97c-bf80-4bc9-9621-cf3ec081fd25/rsna_breast_cancer_detection/train_images/60519/1941196911.dcm,1941196911.dcm,60519,1941196911,1664,2048,60519,1941196911,L,CC,1,/media/angualberto/423ff97c-bf80-4bc9-9621-cf3ec081fd25/rsna_breast_cancer_detection/train_images/60519/1941196911.dcm,train
SEM_NODULO,/media/angualberto/423ff97c-bf80-4bc9-9621-cf3ec081fd25/rsna_breast_cancer_detection/train_images/60519/241516433.dcm,241516433.dcm,60519,241516433,1664,2048,60519,241516433,R,CC,0,/media/angualberto/423ff97c-bf80-4bc9-9621-cf3ec081fd25/rsna_breast_cancer_detection/train_images/60519/241516433.dcm,train
SEM_NODULO,/media/angualberto/423ff97c-bf80-4bc9-9621-cf3ec081fd25/rsna_breast_cancer_detection/train_images/60519/523743206.dcm,523743206.dcm,60519,523743206,1664,2048,60519,523743206,R,MLO,0,/media/angualberto/423ff97c-bf80-4bc9-9621-cf3ec081fd25/rsna_breast_cancer_detection/train_images/60519/523743206.dcm,train
NODULO,/media/angualberto/423ff97c-bf80-4bc9-9621-cf3ec081fd25/rsna_breast_cancer_detection/train_images/60617/1075848024.dcm,1075848024.dcm,60617,1075848024,1041,1388,60617,1075848024,L,MLO,1,/media/angualberto/423ff97c-bf80-4bc9-9621-cf3ec081fd25/rsna_breast_cancer_detection/train_images/60617/1075848024.dcm,train
NODULO,/media/angualberto/423ff97c-bf80-4bc9-9621-cf3ec081fd25/rsna_breast_cancer_detection/train_images/60617/2047450417.dcm,2047450417.dcm,60617,2047450417,1041,1388,60617,2047450417,L,CC,1,/media/angualberto/423ff97c-bf80-4bc9-9621-cf3ec081fd25/rsna_breast_cancer_detection/train_images/60617/2047450417.dcm,train
SEM_NODULO,/media/angualberto/423ff97c-bf80-4bc9-9621-cf3ec081fd25/rsna_breast_cancer_detection/train_images/60617/74937937.dcm,74937937.dcm,60617,74937937,1041,1388,60617,74937937,R,CC,0,/media/angualberto/423ff97c-bf80-4bc9-9621-cf3ec081fd25/rsna_breast_cancer_detection/train_images/60617/74937937.dcm,train
SEM_NODULO,/media/angualberto/423ff97c-bf80-4bc9-9621-cf3ec081fd25/rsna_breast_cancer_detection/train_images/60617/805183265.dcm,805183265.dcm,60617,805183265,1041,1388,60617,805183265,R,MLO,0,/media/angualberto/423ff97c-bf80-4bc9-9621-cf3ec081fd25/rsna_breast_cancer_detection/train_images/60617/805183265.dcm,train
SEM_NODULO,/media/angualberto/423ff97c-bf80-4bc9-9621-cf3ec081fd25/rsna_breast_cancer_detection/train_images/60716/1769227655.dcm,1769227655.dcm,60716,1769227655,1664,2048,60716,1769227655,L,MLO,0,/media/angualberto/423ff97c-bf80-4bc9-9621-cf3ec081fd25/rsna_breast_cancer_detection/train_images/60716/1769227655.dcm,test
SEM_NODULO,/media/angualberto/423ff97c-bf80-4bc9-9621-cf3ec081fd25/rsna_breast_cancer_detection/train_images/60716/1782804900.dcm,1782804900.dcm,60716,1782804900,1664,2048,60716,1782804900,R,CC,0,/media/angualberto/423ff97c-bf80-4bc9-9621-cf3ec081fd25/rsna_breast_cancer_detection/train_images/60716/1782804900.dcm,test
SEM_NODULO,/media/angualberto/423ff97c-bf80-4bc9-9621-cf3ec081fd25/rsna_breast_cancer_detection/train_images/60716/1996114707.dcm,1996114707.dcm,60716,1996114707,1664,2048,60716,1996114707,L,CC,0,/media/angualberto/423ff97c-bf80-4bc9-9621-cf3ec081fd25/rsna_breast_cancer_detection/train_images/60716/1996114707.dcm,test
SEM_NODULO,/media/angualberto/423ff97c-bf80-4bc9-9621-cf3ec081fd25/rsna_breast_cancer_detection/train_images/60716/759950413.dcm,759950413.dcm,60716,759950413,1664,2048,60716,759950413,R,MLO,0,/media/angualberto/423ff97c-bf80-4bc9-9621-cf3ec081fd25/rsna_breast_cancer_detection/train_images/60716/759950413.dcm,test
SEM_NODULO,/media/angualberto/423ff97c-bf80-4bc9-9621-cf3ec081fd25/rsna_breast_cancer_detection/train_images/6107/1137189340.dcm,1137189340.dcm,6107,1137189340,1280,1664,6107,1137189340,R,CC,0,/media/angualberto/423ff97c-bf80-4bc9-9621-cf3ec081fd25/rsna_breast_cancer_detection/train_images/6107/1137189340.dcm,train
NODULO,/media/angualberto/423ff97c-bf80-4bc9-9621-cf3ec081fd25/rsna_breast_cancer_detection/train_images/6107/1280344998.dcm,1280344998.dcm,6107,1280344998,1280,1664,6107,1280344998,L,MLO,1,/media/angualberto/423ff97c-bf80-4bc9-9621-cf3ec081fd25/rsna_breast_cancer_detection/train_images/6107/1280344998.dcm,train
SEM_NODULO,/media/angualberto/423ff97c-bf80-4bc9-9621-cf3ec081fd25/rsna_breast_cancer_detection/train_images/6107/1557292062.dcm,1557292062.dcm,6107,1557292062,1280,1664,6107,1557292062,R,CC,0,/media/angualberto/423ff97c-bf80-4bc9-9621-cf3ec081fd25/rsna_breast_cancer_detection/train_images/6107/1557292062.dcm,train
NODULO,/media/angualberto/423ff97c-bf80-4bc9-9621-cf3ec081fd25/rsna_breast_cancer_detection/train_images/6107/2145202604.dcm,2145202604.dcm,6107,2145202604,1280,1664,6107,2145202604,L,CC,1,/media/angualberto/423ff97c-bf80-4bc9-9621-cf3ec081fd25/rsna_breast_cancer_detection/train_images/6107/2145202604.dcm,train
SEM_NODULO,/media/angualberto/423ff97c-bf80-4bc9-9621-cf3ec081fd25/rsna_breast_cancer_detection/train_images/6107/506299577.dcm,506299577.dcm,6107,506299577,1280,1664,6107,506299577,R,MLO,0,/media/angualberto/423ff97c-bf80-4bc9-9621-cf3ec081fd25/rsna_breast_cancer_detection/train_images/6107/506299577.dcm,train
NODULO,/media/angualberto/423ff97c-bf80-4bc9-9621-cf3ec081fd25/rsna_breast_cancer_detection/train_images/6107/562044384.dcm,562044384.dcm,6107,562044384,1280,1664,6107,562044384,L,CC,1,/media/angualberto/423ff97c-bf80-4bc9-9621-cf3ec081fd25/rsna_breast_cancer_detection/train_images/6107/562044384.dcm,train
SEM_NODULO,/media/angualberto/423ff97c-bf80-4bc9-9621-cf3ec081fd25/rsna_breast_cancer_detection/train_images/61172/1737614496.dcm,1737614496.dcm,61172,1737614496,2457,2677,61172,1737614496,L,MLO,0,/media/angualberto/423ff97c-bf80-4bc9-9621-cf3ec081fd25/rsna_breast_cancer_detection/train_images/61172/1737614496.dcm,train
SEM_NODULO,/media/angualberto/423ff97c-bf80-4bc9-9621-cf3ec081fd25/rsna_breast_cancer_detection/train_images/61172/2130533814.dcm,2130533814.dcm,61172,2130533814,2457,2677,61172,2130533814,L,CC,0,/media/angualberto/423ff97c-bf80-4bc9-9621-cf3ec081fd25/rsna_breast_cancer_detection/train_images/61172/2130533814.dcm,train
SEM_NODULO,/media/angualberto/423ff97c-bf80-4bc9-9621-cf3ec081fd25/rsna_breast_cancer_detection/train_images/61172/493712577.dcm,493712577.dcm,61172,493712577,2457,2677,61172,493712577,R,CC,0,/media/angualberto/423ff97c-bf80-4bc9-9621-cf3ec081fd25/rsna_breast_cancer_detection/train_images/61172/493712577.dcm,train
SEM_NODULO,/media/angualberto/423ff97c-bf80-4bc9-9621-cf3ec081fd25/rsna_breast_cancer_detection/train_images/61172/662600231.dcm,662600231.dcm,61172,662600231,2457,2677,61172,662600231,L,MLO,0,/media/angualberto/423ff97c-bf80-4bc9-9621-cf3ec081fd25/rsna_breast_cancer_detection/train_images/61172/662600231.dcm,train
SEM_NODULO,/media/angualberto/423ff97c-bf80-4bc9-9621-cf3ec081fd25/rsna_breast_cancer_detection/train_images/61172/972779297.dcm,972779297.dcm,61172,972779297,2457,2677,61172,972779297,R,MLO,0,/media/angualberto/423ff97c-bf80-4bc9-9621-cf3ec081fd25/rsna_breast_cancer_detection/train_images/61172/972779297.dcm,train
SEM_NODULO,/media/angualberto/423ff97c-bf80-4bc9-9621-cf3ec081fd25/rsna_breast_cancer_detection/train_images/61560/1074956673.dcm,1074956673.dcm,61560,1074956673,1664,2048,61560,1074956673,L,CC,0,/media/angualberto/423ff97c-bf80-4bc9-9621-cf3ec081fd25/rsna_breast_cancer_detection/train_images/61560/1074956673.dcm,train
SEM_NODULO,/media/angualberto/423ff97c-bf80-4bc9-9621-cf3ec081fd25/rsna_breast_cancer_detection/train_images/61560/1387737364.dcm,1387737364.dcm,61560,1387737364,1664,2048,61560,1387737364,L,MLO,0,/media/angualberto/423ff97c-bf80-4bc9-9621-cf3ec081fd25/rsna_breast_cancer_detection/train_images/61560/1387737364.dcm,train
NODULO,/media/angualberto/423ff97c-bf80-4bc9-9621-cf3ec081fd25/rsna_breast_cancer_detection/train_images/61560/467349548.dcm,467349548.dcm,61560,467349548,1664,2048,61560,467349548,R,MLO,1,/media/angualberto/423ff97c-bf80-4bc9-9621-cf3ec081fd25/rsna_breast_cancer_detection/train_images/61560/467349548.dcm,train
NODULO,/media/angualberto/423ff97c-bf80-4bc9-9621-cf3ec081fd25/rsna_breast_cancer_detection/train_images/61560/592525150.dcm,592525150.dcm,61560,592525150,1664,2048,61560,592525150,R,CC,1,/media/angualberto/423ff97c-bf80-4bc9-9621-cf3ec081fd25/rsna_breast_cancer_detection/train_images/61560/592525150.dcm,train
SEM_NODULO,/media/angualberto/423ff97c-bf80-4bc9-9621-cf3ec081fd25/rsna_breast_cancer_detection/train_images/61560/822078905.dcm,822078905.dcm,61560,822078905,1664,2048,61560,822078905,L,CC,0,/media/angualberto/423ff97c-bf80-4bc9-9621-cf3ec081fd25/rsna_breast_cancer_detection/train_images/61560/822078905.dcm,train
SEM_NODULO,/media/angualberto/423ff97c-bf80-4bc9-9621-cf3ec081fd25/rsna_breast_cancer_detection/train_images/61803/1159493324.dcm,1159493324.dcm,61803,1159493324,2457,2677,61803,1159493324,R,CC,0,/media/angualberto/423ff97c-bf80-4bc9-9621-cf3ec081fd25/rsna_breast_cancer_detection/train_images/61803/1159493324.dcm,train
SEM_NODULO,/media/angualberto/423ff97c-bf80-4bc9-9621-cf3ec081fd25/rsna_breast_cancer_detection/train_images/61803/1214815907.dcm,1214815907.dcm,61803,1214815907,2457,2677,61803,1214815907,R,MLO,0,/media/angualberto/423ff97c-bf80-4bc9-9621-cf3ec081fd25/rsna_breast_cancer_detection/train_images/61803/1214815907.dcm,train
SEM_NODULO,/media/angualberto/423ff97c-bf80-4bc9-9621-cf3ec081fd25/rsna_breast_cancer_detection/train_images/61803/1606535242.dcm,1606535242.dcm,61803,1606535242,2457,2677,61803,1606535242,L,MLO,0,/media/angualberto/423ff97c-bf80-4bc9-9621-cf3ec081fd25/rsna_breast_cancer_detection/train_images/61803/1606535242.dcm,train
SEM_NODULO,/media/angualberto/423ff97c-bf80-4bc9-9621-cf3ec081fd25/rsna_breast_cancer_detection/train_images/61803/1957147847.dcm,1957147847.dcm,61803,1957147847,2457,2677,61803,1957147847,R,MLO,0,/media/angualberto/423ff97c-bf80-4bc9-9621-cf3ec081fd25/rsna_breast_cancer_detection/train_images/61803/1957147847.dcm,train
SEM_NODULO,/media/angualberto/423ff97c-bf80-4bc9-9621-cf3ec081fd25/rsna_breast_cancer_detection/train_images/61803/796365697.dcm,796365697.dcm,61803,796365697,2457,2677,61803,796365697,L,CC,0,/media/angualberto/423ff97c-bf80-4bc9-9621-cf3ec081fd25/rsna_breast_cancer_detection/train_images/61803/796365697.dcm,train
SEM_NODULO,/media/angualberto/423ff97c-bf80-4bc9-9621-cf3ec081fd25/rsna_breast_cancer_detection/train_images/61976/222246116.dcm,222246116.dcm,61976,222246116,1664,2048,61976,222246116,R,MLO,0,/media/angualberto/423ff97c-bf80-4bc9-9621-cf3ec081fd25/rsna_breast_cancer_detection/train_images/61976/222246116.dcm,test
SEM_NODULO,/media/angualberto/423ff97c-bf80-4bc9-9621-cf3ec081fd25/rsna_breast_cancer_detection/train_images/61976/453795235.dcm,453795235.dcm,61976,453795235,1664,2048,61976,453795235,L,CC,0,/media/angualberto/423ff97c-bf80-4bc9-9621-cf3ec081fd25/rsna_breast_cancer_detection/train_images/61976/453795235.dcm,test
SEM_NODULO,/media/angualberto/423ff97c-bf80-4bc9-9621-cf3ec081fd25/rsna_breast_cancer_detection/train_images/61976/457419005.dcm,457419005.dcm,61976,457419005,1664,2048,61976,457419005,R,CC,0,/media/angualberto/423ff97c-bf80-4bc9-9621-cf3ec081fd25/rsna_breast_cancer_detection/train_images/61976/457419005.dcm,test
SEM_NODULO,/media/angualberto/423ff97c-bf80-4bc9-9621-cf3ec081fd25/rsna_breast_cancer_detection/train_images/61976/614013945.dcm,614013945.dcm,61976,614013945,1664,2048,61976,614013945,L,MLO,0,/media/angualberto/423ff97c-bf80-4bc9-9621-cf3ec081fd25/rsna_breast_cancer_detection/train_images/61976/614013945.dcm,test
SEM_NODULO,/media/angualberto/423ff97c-bf80-4bc9-9621-cf3ec081fd25/rsna_breast_cancer_detection/train_images/61976/741428929.dcm,741428929.dcm,61976,741428929,1664,2048,61976,741428929,L,CC,0,/media/angualberto/423ff97c-bf80-4bc9-9621-cf3ec081fd25/rsna_breast_cancer_detection/train_images/61976/741428929.dcm,test
SEM_NODULO,/media/angualberto/423ff97c-bf80-4bc9-9621-cf3ec081fd25/rsna_breast_cancer_detection/train_images/62007/1038468009.dcm,1038468009.dcm,62007,1038468009,1664,2048,62007,1038468009,L,MLO,0,/media/angualberto/423ff97c-bf80-4bc9-9621-cf3ec081fd25/rsna_breast_cancer_detection/train_images/62007/1038468009.dcm,train
SEM_NODULO,/media/angualberto/423ff97c-bf80-4bc9-9621-cf3ec081fd25/rsna_breast_cancer_detection/train_images/62007/1567534278.dcm,1567534278.dcm,62007,1567534278,1664,2048,62007,1567534278,L,CC,0,/media/angualberto/423ff97c-bf80-4bc9-9621-cf3ec081fd25/rsna_breast_cancer_detection/train_images/62007/1567534278.dcm,train
SEM_NODULO,/media/angualberto/423ff97c-bf80-4bc9-9621-cf3ec081fd25/rsna_breast_cancer_detection/train_images/62007/2095320064.dcm,2095320064.dcm,62007,2095320064,1664,2048,62007,2095320064,R,MLO,0,/media/angualberto/423ff97c-bf80-4bc9-9621-cf3ec081fd25/rsna_breast_cancer_detection/train_images/62007/2095320064.dcm,train
SEM_NODULO,/media/angualberto/423ff97c-bf80-4bc9-9621-cf3ec081fd25/rsna_breast_cancer_detection/train_images/62007/2113382962.dcm,2113382962.dcm,62007,2113382962,1664,2048,62007,2113382962,L,MLO,0,/media/angualberto/423ff97c-bf80-4bc9-9621-cf3ec081fd25/rsna_breast_cancer_detection/train_images/62007/2113382962.dcm,train
SEM_NODULO,/media/angualberto/423ff97c-bf80-4bc9-9621-cf3ec081fd25/rsna_breast_cancer_detection/train_images/62007/237596795.dcm,237596795.dcm,62007,237596795,1664,2048,62007,237596795,R,MLO,0,/media/angualberto/423ff97c-bf80-4bc9-9621-cf3ec081fd25/rsna_breast_cancer_detection/train_images/62007/237596795.dcm,train
SEM_NODULO,/media/angualberto/423ff97c-bf80-4bc9-9621-cf3ec081fd25/rsna_breast_cancer_detection/train_images/62007/731501373.dcm,731501373.dcm,62007,731501373,1664,2048,62007,731501373,R,CC,0,/media/angualberto/423ff97c-bf80-4bc9-9621-cf3ec081fd25/rsna_breast_cancer_detection/train_images/62007/731501373.dcm,train
SEM_NODULO,/media/angualberto/423ff97c-bf80-4bc9-9621-cf3ec081fd25/rsna_breast_cancer_detection/train_images/62007/840166197.dcm,840166197.dcm,62007,840166197,1664,2048,62007,840166197,L,MLO,0,/media/angualberto/423ff97c-bf80-4bc9-9621-cf3ec081fd25/rsna_breast_cancer_detection/train_images/62007/840166197.dcm,train
SEM_NODULO,/media/angualberto/423ff97c-bf80-4bc9-9621-cf3ec081fd25/rsna_breast_cancer_detection/train_images/62019/1301346383.dcm,1301346383.dcm,62019,1301346383,1041,1388,62019,1301346383,L,MLO,0,/media/angualberto/423ff97c-bf80-4bc9-9621-cf3ec081fd25/rsna_breast_cancer_detection/train_images/62019/1301346383.dcm,train
SEM_NODULO,/media/angualberto/423ff97c-bf80-4bc9-9621-cf3ec081fd25/rsna_breast_cancer_detection/train_images/62019/1942877654.dcm,1942877654.dcm,62019,1942877654,1041,1388,62019,1942877654,L,CC,0,/media/angualberto/423ff97c-bf80-4bc9-9621-cf3ec081fd25/rsna_breast_cancer_detection/train_images/62019/1942877654.dcm,train
SEM_NODULO,/media/angualberto/423ff97c-bf80-4bc9-9621-cf3ec081fd25/rsna_breast_cancer_detection/train_images/62019/615041304.dcm,615041304.dcm,62019,615041304,1041,1388,62019,615041304,R,CC,0,/media/angualberto/423ff97c-bf80-4bc9-9621-cf3ec081fd25/rsna_breast_cancer_detection/train_images/62019/615041304.dcm,train
SEM_NODULO,/media/angualberto/423ff97c-bf80-4bc9-9621-cf3ec081fd25/rsna_breast_cancer_detection/train_images/62019/627438748.dcm,627438748.dcm,62019,627438748,1041,1388,62019,627438748,R,MLO,0,/media/angualberto/423ff97c-bf80-4bc9-9621-cf3ec081fd25/rsna_breast_cancer_detection/train_images/62019/627438748.dcm,train
SEM_NODULO,/media/angualberto/423ff97c-bf80-4bc9-9621-cf3ec081fd25/rsna_breast_cancer_detection/train_images/62210/1285920027.dcm,1285920027.dcm,62210,1285920027,1041,1388,62210,1285920027,R,MLO,0,/media/angualberto/423ff97c-bf80-4bc9-9621-cf3ec081fd25/rsna_breast_cancer_detection/train_images/62210/1285920027.dcm,test
SEM_NODULO,/media/angualberto/423ff97c-bf80-4bc9-9621-cf3ec081fd25/rsna_breast_cancer_detection/train_images/62210/1873089905.dcm,1873089905.dcm,62210,1873089905,1041,1388,62210,1873089905,L,MLO,0,/media/angualberto/423ff97c-bf80-4bc9-9621-cf3ec081fd25/rsna_breast_cancer_detection/train_images/62210/1873089905.dcm,test
SEM_NODULO,/media/angualberto/423ff97c-bf80-4bc9-9621-cf3ec081fd25/rsna_breast_cancer_detection/train_images/62210/312684625.dcm,312684625.dcm,62210,312684625,1041,1388,62210,312684625,L,CC,0,/media/angualberto/423ff97c-bf80-4bc9-9621-cf3ec081fd25/rsna_breast_cancer_detection/train_images/62210/312684625.dcm,test
SEM_NODULO,/media/angualberto/423ff97c-bf80-4bc9-9621-cf3ec081fd25/rsna_breast_cancer_detection/train_images/62210/816625304.dcm,816625304.dcm,62210,816625304,1041,1388,62210,816625304,R,CC,0,/media/angualberto/423ff97c-bf80-4bc9-9621-cf3ec081fd25/rsna_breast_cancer_detection/train_images/62210/816625304.dcm,test
SEM_NODULO,/media/angualberto/423ff97c-bf80-4bc9-9621-cf3ec081fd25/rsna_breast_cancer_detection/train_images/62236/1559190367.dcm,1559190367.dcm,62236,1559190367,1664,2048,62236,1559190367,R,MLO,0,/media/angualberto/423ff97c-bf80-4bc9-9621-cf3ec081fd25/rsna_breast_cancer_detection/train_images/62236/1559190367.dcm,test
SEM_NODULO,/media/angualberto/423ff97c-bf80-4bc9-9621-cf3ec081fd25/rsna_breast_cancer_detection/train_images/62236/1871207923.dcm,1871207923.dcm,62236,1871207923,1664,2048,62236,1871207923,L,MLO,0,/media/angualberto/423ff97c-bf80-4bc9-9621-cf3ec081fd25/rsna_breast_cancer_detection/train_images/62236/1871207923.dcm,test
SEM_NODULO,/media/angualberto/423ff97c-bf80-4bc9-9621-cf3ec081fd25/rsna_breast_cancer_detection/train_images/62236/2065566709.dcm,2065566709.dcm,62236,2065566709,1664,2048,62236,2065566709,R,CC,0,/media/angualberto/423ff97c-bf80-4bc9-9621-cf3ec081fd25/rsna_breast_cancer_detection/train_images/62236/2065566709.dcm,test
SEM_NODULO,/media/angualberto/423ff97c-bf80-4bc9-9621-cf3ec081fd25/rsna_breast_cancer_detection/train_images/62236/84223719.dcm,84223719.dcm,62236,84223719,1664,2048,62236,84223719,L,CC,0,/media/angualberto/423ff97c-bf80-4bc9-9621-cf3ec081fd25/rsna_breast_cancer_detection/train_images/62236/84223719.dcm,test
NODULO,/media/angualberto/423ff97c-bf80-4bc9-9621-cf3ec081fd25/rsna_breast_cancer_detection/train_images/62401/1606971612.dcm,1606971612.dcm,62401,1606971612,1664,2048,62401,1606971612,R,CC,1,/media/angualberto/423ff97c-bf80-4bc9-9621-cf3ec081fd25/rsna_breast_cancer_detection/train_images/62401/1606971612.dcm,train
SEM_NODULO,/media/angualberto/423ff97c-bf80-4bc9-9621-cf3ec081fd25/rsna_breast_cancer_detection/train_images/62401/2046091749.dcm,2046091749.dcm,62401,2046091749,1664,2048,62401,2046091749,L,CC,0,/media/angualberto/423ff97c-bf80-4bc9-9621-cf3ec081fd25/rsna_breast_cancer_detection/train_images/62401/2046091749.dcm,train
NODULO,/media/angualberto/423ff97c-bf80-4bc9-9621-cf3ec081fd25/rsna_breast_cancer_detection/train_images/62401/326844470.dcm,326844470.dcm,62401,326844470,1664,2048,62401,326844470,R,MLO,1,/media/angualberto/423ff97c-bf80-4bc9-9621-cf3ec081fd25/rsna_breast_cancer_detection/train_images/62401/326844470.dcm,train
SEM_NODULO,/media/angualberto/423ff97c-bf80-4bc9-9621-cf3ec081fd25/rsna_breast_cancer_detection/train_images/62401/779116257.dcm,779116257.dcm,62401,779116257,1664,2048,62401,779116257,L,MLO,0,/media/angualberto/423ff97c-bf80-4bc9-9621-cf3ec081fd25/rsna_breast_cancer_detection/train_images/62401/779116257.dcm,train
SEM_NODULO,/media/angualberto/423ff97c-bf80-4bc9-9621-cf3ec081fd25/rsna_breast_cancer_detection/train_images/62875/1121524026.dcm,1121524026.dcm,62875,1121524026,2457,2677,62875,1121524026,L,CC,0,/media/angualberto/423ff97c-bf80-4bc9-9621-cf3ec081fd25/rsna_breast_cancer_detection/train_images/62875/1121524026.dcm,train
SEM_NODULO,/media/angualberto/423ff97c-bf80-4bc9-9621-cf3ec081fd25/rsna_breast_cancer_detection/train_images/62875/1892471605.dcm,1892471605.dcm,62875,1892471605,2457,2677,62875,1892471605,R,CC,0,/media/angualberto/423ff97c-bf80-4bc9-9621-cf3ec081fd25/rsna_breast_cancer_detection/train_images/62875/1892471605.dcm,train
SEM_NODULO,/media/angualberto/423ff97c-bf80-4bc9-9621-cf3ec081fd25/rsna_breast_cancer_detection/train_images/62875/242096680.dcm,242096680.dcm,62875,242096680,2457,2677,62875,242096680,L,MLO,0,/media/angualberto/423ff97c-bf80-4bc9-9621-cf3ec081fd25/rsna_breast_cancer_detection/train_images/62875/242096680.dcm,train
SEM_NODULO,/media/angualberto/423ff97c-bf80-4bc9-9621-cf3ec081fd25/rsna_breast_cancer_detection/train_images/62875/651906520.dcm,651906520.dcm,62875,651906520,2457,2677,62875,651906520,R,MLO,0,/media/angualberto/423ff97c-bf80-4bc9-9621-cf3ec081fd25/rsna_breast_cancer_detection/train_images/62875/651906520.dcm,train
SEM_NODULO,/media/angualberto/423ff97c-bf80-4bc9-9621-cf3ec081fd25/rsna_breast_cancer_detection/train_images/63226/1002515874.dcm,1002515874.dcm,63226,1002515874,1197,1531,63226,1002515874,R,MLO,0,/media/angualberto/423ff97c-bf80-4bc9-9621-cf3ec081fd25/rsna_breast_cancer_detection/train_images/63226/1002515874.dcm,train
NODULO,/media/angualberto/423ff97c-bf80-4bc9-9621-cf3ec081fd25/rsna_breast_cancer_detection/train_images/63226/1084546948.dcm,1084546948.dcm,63226,1084546948,1197,1531,63226,1084546948,L,MLO,1,/media/angualberto/423ff97c-bf80-4bc9-9621-cf3ec081fd25/rsna_breast_cancer_detection/train_images/63226/1084546948.dcm,train
SEM_NODULO,/media/angualberto/423ff97c-bf80-4bc9-9621-cf3ec081fd25/rsna_breast_cancer_detection/train_images/63226/1807007851.dcm,1807007851.dcm,63226,1807007851,1197,1531,63226,1807007851,R,CC,0,/media/angualberto/423ff97c-bf80-4bc9-9621-cf3ec081fd25/rsna_breast_cancer_detection/train_images/63226/1807007851.dcm,train
NODULO,/media/angualberto/423ff97c-bf80-4bc9-9621-cf3ec081fd25/rsna_breast_cancer_detection/train_images/63226/32033063.dcm,32033063.dcm,63226,32033063,1197,1531,63226,32033063,L,CC,1,/media/angualberto/423ff97c-bf80-4bc9-9621-cf3ec081fd25/rsna_breast_cancer_detection/train_images/63226/32033063.dcm,train
SEM_NODULO,/media/angualberto/423ff97c-bf80-4bc9-9621-cf3ec081fd25/rsna_breast_cancer_detection/train_images/63226/35674735.dcm,35674735.dcm,63226,35674735,1197,1531,63226,35674735,R,MLO,0,/media/angualberto/423ff97c-bf80-4bc9-9621-cf3ec081fd25/rsna_breast_cancer_detection/train_images/63226/35674735.dcm,train
NODULO,/media/angualberto/423ff97c-bf80-4bc9-9621-cf3ec081fd25/rsna_breast_cancer_detection/train_images/63226/593509035.dcm,593509035.dcm,63226,593509035,1197,1531,63226,593509035,L,MLO,1,/media/angualberto/423ff97c-bf80-4bc9-9621-cf3ec081fd25/rsna_breast_cancer_detection/train_images/63226/593509035.dcm,train
SEM_NODULO,/media/angualberto/423ff97c-bf80-4bc9-9621-cf3ec081fd25/rsna_breast_cancer_detection/train_images/634/1174730201.dcm,1174730201.dcm,634,1174730201,1280,1664,634,1174730201,L,MLO,0,/media/angualberto/423ff97c-bf80-4bc9-9621-cf3ec081fd25/rsna_breast_cancer_detection/train_images/634/1174730201.dcm,train
SEM_NODULO,/media/angualberto/423ff97c-bf80-4bc9-9621-cf3ec081fd25/rsna_breast_cancer_detection/train_images/634/2058651627.dcm,2058651627.dcm,634,2058651627,1280,1664,634,2058651627,L,CC,0,/media/angualberto/423ff97c-bf80-4bc9-9621-cf3ec081fd25/rsna_breast_cancer_detection/train_images/634/2058651627.dcm,train
SEM_NODULO,/media/angualberto/423ff97c-bf80-4bc9-9621-cf3ec081fd25/rsna_breast_cancer_detection/train_images/634/349814093.dcm,349814093.dcm,634,349814093,1280,1664,634,349814093,R,CC,0,/media/angualberto/423ff97c-bf80-4bc9-9621-cf3ec081fd25/rsna_breast_cancer_detection/train_images/634/349814093.dcm,train
SEM_NODULO,/media/angualberto/423ff97c-bf80-4bc9-9621-cf3ec081fd25/rsna_breast_cancer_detection/train_images/634/783503417.dcm,783503417.dcm,634,783503417,1280,1664,634,783503417,R,MLO,0,/media/angualberto/423ff97c-bf80-4bc9-9621-cf3ec081fd25/rsna_breast_cancer_detection/train_images/634/783503417.dcm,train
NODULO,/media/angualberto/423ff97c-bf80-4bc9-9621-cf3ec081fd25/rsna_breast_cancer_detection/train_images/63706/1241091399.dcm,1241091399.dcm,63706,1241091399,1197,1531,63706,1241091399,R,MLO,1,/media/angualberto/423ff97c-bf80-4bc9-9621-cf3ec081fd25/rsna_breast_cancer_detection/train_images/63706/1241091399.dcm,test
SEM_NODULO,/media/angualberto/423ff97c-bf80-4bc9-9621-cf3ec081fd25/rsna_breast_cancer_detection/train_images/63706/31978797.dcm,31978797.dcm,63706,31978797,1197,1531,63706,31978797,L,CC,0,/media/angualberto/423ff97c-bf80-4bc9-9621-cf3ec081fd25/rsna_breast_cancer_detection/train_images/63706/31978797.dcm,test
SEM_NODULO,/media/angualberto/423ff97c-bf80-4bc9-9621-cf3ec081fd25/rsna_breast_cancer_detection/train_images/63706/647108299.dcm,647108299.dcm,63706,647108299,1197,1531,63706,647108299,L,MLO,0,/media/angualberto/423ff97c-bf80-4bc9-9621-cf3ec081fd25/rsna_breast_cancer_detection/train_images/63706/647108299.dcm,test
NODULO,/media/angualberto/423ff97c-bf80-4bc9-9621-cf3ec081fd25/rsna_breast_cancer_detection/train_images/63706/696679390.dcm,696679390.dcm,63706,696679390,1197,1531,63706,696679390,R,CC,1,/media/angualberto/423ff97c-bf80-4bc9-9621-cf3ec081fd25/rsna_breast_cancer_detection/train_images/63706/696679390.dcm,test
SEM_NODULO,/media/angualberto/423ff97c-bf80-4bc9-9621-cf3ec081fd25/rsna_breast_cancer_detection/train_images/64018/1644080433.dcm,1644080433.dcm,64018,1644080433,1664,2048,64018,1644080433,L,CC,0,/media/angualberto/423ff97c-bf80-4bc9-9621-cf3ec081fd25/rsna_breast_cancer_detection/train_images/64018/1644080433.dcm,train
SEM_NODULO,/media/angualberto/423ff97c-bf80-4bc9-9621-cf3ec081fd25/rsna_breast_cancer_detection/train_images/64018/1809918083.dcm,1809918083.dcm,64018,1809918083,1664,2048,64018,1809918083,L,CC,0,/media/angualberto/423ff97c-bf80-4bc9-9621-cf3ec081fd25/rsna_breast_cancer_detection/train_images/64018/1809918083.dcm,train
NODULO,/media/angualberto/423ff97c-bf80-4bc9-9621-cf3ec081fd25/rsna_breast_cancer_detection/train_images/64018/1923100903.dcm,1923100903.dcm,64018,1923100903,1664,2048,64018,1923100903,R,CC,1,/media/angualberto/423ff97c-bf80-4bc9-9621-cf3ec081fd25/rsna_breast_cancer_detection/train_images/64018/1923100903.dcm,train
SEM_NODULO,/media/angualberto/423ff97c-bf80-4bc9-9621-cf3ec081fd25/rsna_breast_cancer_detection/train_images/64018/2055116580.dcm,2055116580.dcm,64018,2055116580,1664,2048,64018,2055116580,L,MLO,0,/media/angualberto/423ff97c-bf80-4bc9-9621-cf3ec081fd25/rsna_breast_cancer_detection/train_images/64018/2055116580.dcm,train
NODULO,/media/angualberto/423ff97c-bf80-4bc9-9621-cf3ec081fd25/rsna_breast_cancer_detection/train_images/64018/259642159.dcm,259642159.dcm,64018,259642159,1664,2048,64018,259642159,R,MLO,1,/media/angualberto/423ff97c-bf80-4bc9-9621-cf3ec081fd25/rsna_breast_cancer_detection/train_images/64018/259642159.dcm,train
SEM_NODULO,/media/angualberto/423ff97c-bf80-4bc9-9621-cf3ec081fd25/rsna_breast_cancer_detection/train_images/64055/1544073861.dcm,1544073861.dcm,64055,1544073861,2457,2677,64055,1544073861,L,CC,0,/media/angualberto/423ff97c-bf80-4bc9-9621-cf3ec081fd25/rsna_breast_cancer_detection/train_images/64055/1544073861.dcm,train
NODULO,/media/angualberto/423ff97c-bf80-4bc9-9621-cf3ec081fd25/rsna_breast_cancer_detection/train_images/64055/2068570916.dcm,2068570916.dcm,64055,2068570916,2457,2677,64055,2068570916,R,CC,1,/media/angualberto/423ff97c-bf80-4bc9-9621-cf3ec081fd25/rsna_breast_cancer_detection/train_images/64055/2068570916.dcm,train
NODULO,/media/angualberto/423ff97c-bf80-4bc9-9621-cf3ec081fd25/rsna_breast_cancer_detection/train_images/64055/2097551542.dcm,2097551542.dcm,64055,2097551542,2457,2677,64055,2097551542,R,MLO,1,/media/angualberto/423ff97c-bf80-4bc9-9621-cf3ec081fd25/rsna_breast_cancer_detection/train_images/64055/2097551542.dcm,train
SEM_NODULO,/media/angualberto/423ff97c-bf80-4bc9-9621-cf3ec081fd25/rsna_breast_cancer_detection/train_images/64055/673118377.dcm,673118377.dcm,64055,673118377,2457,2677,64055,673118377,L,MLO,0,/media/angualberto/423ff97c-bf80-4bc9-9621-cf3ec081fd25/rsna_breast_cancer_detection/train_images/64055/673118377.dcm,train
NODULO,/media/angualberto/423ff97c-bf80-4bc9-9621-cf3ec081fd25/rsna_breast_cancer_detection/train_images/64385/1032681733.dcm,1032681733.dcm,64385,1032681733,1664,2048,64385,1032681733,L,MLO,1,/media/angualberto/423ff97c-bf80-4bc9-9621-cf3ec081fd25/rsna_breast_cancer_detection/train_images/64385/1032681733.dcm,test
NODULO,/media/angualberto/423ff97c-bf80-4bc9-9621-cf3ec081fd25/rsna_breast_cancer_detection/train_images/64385/138963357.dcm,138963357.dcm,64385,138963357,1664,2048,64385,138963357,L,CC,1,/media/angualberto/423ff97c-bf80-4bc9-9621-cf3ec081fd25/rsna_breast_cancer_detection/train_images/64385/138963357.dcm,test
SEM_NODULO,/media/angualberto/423ff97c-bf80-4bc9-9621-cf3ec081fd25/rsna_breast_cancer_detection/train_images/64385/1676343141.dcm,1676343141.dcm,64385,1676343141,1664,2048,64385,1676343141,R,CC,0,/media/angualberto/423ff97c-bf80-4bc9-9621-cf3ec081fd25/rsna_breast_cancer_detection/train_images/64385/1676343141.dcm,test
SEM_NODULO,/media/angualberto/423ff97c-bf80-4bc9-9621-cf3ec081fd25/rsna_breast_cancer_detection/train_images/64385/177569086.dcm,177569086.dcm,64385,177569086,1664,2048,64385,177569086,R,MLO,0,/media/angualberto/423ff97c-bf80-4bc9-9621-cf3ec081fd25/rsna_breast_cancer_detection/train_images/64385/177569086.dcm,test
SEM_NODULO,/media/angualberto/423ff97c-bf80-4bc9-9621-cf3ec081fd25/rsna_breast_cancer_detection/train_images/64385/234568025.dcm,234568025.dcm,64385,234568025,1664,2048,64385,234568025,R,MLO,0,/media/angualberto/423ff97c-bf80-4bc9-9621-cf3ec081fd25/rsna_breast_cancer_detection/train_images/64385/234568025.dcm,test
NODULO,/media/angualberto/423ff97c-bf80-4bc9-9621-cf3ec081fd25/rsna_breast_cancer_detection/train_images/64385/371176944.dcm,371176944.dcm,64385,371176944,1664,2048,64385,371176944,L,MLO,1,/media/angualberto/423ff97c-bf80-4bc9-9621-cf3ec081fd25/rsna_breast_cancer_detection/train_images/64385/371176944.dcm,test
SEM_NODULO,/media/angualberto/423ff97c-bf80-4bc9-9621-cf3ec081fd25/rsna_breast_cancer_detection/train_images/6454/1699471020.dcm,1699471020.dcm,6454,1699471020,1664,2048,6454,1699471020,R,CC,0,/media/angualberto/423ff97c-bf80-4bc9-9621-cf3ec081fd25/rsna_breast_cancer_detection/train_images/6454/1699471020.dcm,test
SEM_NODULO,/media/angualberto/423ff97c-bf80-4bc9-9621-cf3ec081fd25/rsna_breast_cancer_detection/train_images/6454/2060419889.dcm,2060419889.dcm,6454,2060419889,1664,2048,6454,2060419889,R,MLO,0,/media/angualberto/423ff97c-bf80-4bc9-9621-cf3ec081fd25/rsna_breast_cancer_detection/train_images/6454/2060419889.dcm,test
SEM_NODULO,/media/angualberto/423ff97c-bf80-4bc9-9621-cf3ec081fd25/rsna_breast_cancer_detection/train_images/6454/763212919.dcm,763212919.dcm,6454,763212919,1664,2048,6454,763212919,L,CC,0,/media/angualberto/423ff97c-bf80-4bc9-9621-cf3ec081fd25/rsna_breast_cancer_detection/train_images/6454/763212919.dcm,test
SEM_NODULO,/media/angualberto/423ff97c-bf80-4bc9-9621-cf3ec081fd25/rsna_breast_cancer_detection/train_images/6454/798784831.dcm,798784831.dcm,6454,798784831,1664,2048,6454,798784831,L,MLO,0,/media/angualberto/423ff97c-bf80-4bc9-9621-cf3ec081fd25/rsna_breast_cancer_detection/train_images/6454/798784831.dcm,test
SEM_NODULO,/media/angualberto/423ff97c-bf80-4bc9-9621-cf3ec081fd25/rsna_breast_cancer_detection/train_images/64581/145991994.dcm,145991994.dcm,64581,145991994,1664,2048,64581,145991994,R,CC,0,/media/angualberto/423ff97c-bf80-4bc9-9621-cf3ec081fd25/rsna_breast_cancer_detection/train_images/64581/145991994.dcm,train
SEM_NODULO,/media/angualberto/423ff97c-bf80-4bc9-9621-cf3ec081fd25/rsna_breast_cancer_detection/train_images/64581/1665759841.dcm,1665759841.dcm,64581,1665759841,1664,2048,64581,1665759841,R,MLO,0,/media/angualberto/423ff97c-bf80-4bc9-9621-cf3ec081fd25/rsna_breast_cancer_detection/train_images/64581/1665759841.dcm,train
SEM_NODULO,/media/angualberto/423ff97c-bf80-4bc9-9621-cf3ec081fd25/rsna_breast_cancer_detection/train_images/64581/1680441902.dcm,1680441902.dcm,64581,1680441902,1664,2048,64581,1680441902,L,CC,0,/media/angualberto/423ff97c-bf80-4bc9-9621-cf3ec081fd25/rsna_breast_cancer_detection/train_images/64581/1680441902.dcm,train
SEM_NODULO,/media/angualberto/423ff97c-bf80-4bc9-9621-cf3ec081fd25/rsna_breast_cancer_detection/train_images/64581/1721567225.dcm,1721567225.dcm,64581,1721567225,1664,2048,64581,1721567225,L,MLO,0,/media/angualberto/423ff97c-bf80-4bc9-9621-cf3ec081fd25/rsna_breast_cancer_detection/train_images/64581/1721567225.dcm,train
SEM_NODULO,/media/angualberto/423ff97c-bf80-4bc9-9621-cf3ec081fd25/rsna_breast_cancer_detection/train_images/64581/1977121421.dcm,1977121421.dcm,64581,1977121421,1664,2048,64581,1977121421,R,CC,0,/media/angualberto/423ff97c-bf80-4bc9-9621-cf3ec081fd25/rsna_breast_cancer_detection/train_images/64581/1977121421.dcm,train
SEM_NODULO,/media/angualberto/423ff97c-bf80-4bc9-9621-cf3ec081fd25/rsna_breast_cancer_detection/train_images/64581/671506661.dcm,671506661.dcm,64581,671506661,1664,2048,64581,671506661,L,CC,0,/media/angualberto/423ff97c-bf80-4bc9-9621-cf3ec081fd25/rsna_breast_cancer_detection/train_images/64581/671506661.dcm,train
SEM_NODULO,/media/angualberto/423ff97c-bf80-4bc9-9621-cf3ec081fd25/rsna_breast_cancer_detection/train_images/64673/1653618739.dcm,1653618739.dcm,64673,1653618739,1280,1664,64673,1653618739,R,CC,0,/media/angualberto/423ff97c-bf80-4bc9-9621-cf3ec081fd25/rsna_breast_cancer_detection/train_images/64673/1653618739.dcm,test
SEM_NODULO,/media/angualberto/423ff97c-bf80-4bc9-9621-cf3ec081fd25/rsna_breast_cancer_detection/train_images/64673/1729702327.dcm,1729702327.dcm,64673,1729702327,1280,1664,64673,1729702327,L,MLO,0,/media/angualberto/423ff97c-bf80-4bc9-9621-cf3ec081fd25/rsna_breast_cancer_detection/train_images/64673/1729702327.dcm,test
SEM_NODULO,/media/angualberto/423ff97c-bf80-4bc9-9621-cf3ec081fd25/rsna_breast_cancer_detection/train_images/64673/1807862036.dcm,1807862036.dcm,64673,1807862036,1280,1664,64673,1807862036,R,MLO,0,/media/angualberto/423ff97c-bf80-4bc9-9621-cf3ec081fd25/rsna_breast_cancer_detection/train_images/64673/1807862036.dcm,test
SEM_NODULO,/media/angualberto/423ff97c-bf80-4bc9-9621-cf3ec081fd25/rsna_breast_cancer_detection/train_images/64673/184161647.dcm,184161647.dcm,64673,184161647,1280,1664,64673,184161647,R,CC,0,/media/angualberto/423ff97c-bf80-4bc9-9621-cf3ec081fd25/rsna_breast_cancer_detection/train_images/64673/184161647.dcm,test
SEM_NODULO,/media/angualberto/423ff97c-bf80-4bc9-9621-cf3ec081fd25/rsna_breast_cancer_detection/train_images/64673/62012469.dcm,62012469.dcm,64673,62012469,1280,1664,64673,62012469,L,CC,0,/media/angualberto/423ff97c-bf80-4bc9-9621-cf3ec081fd25/rsna_breast_cancer_detection/train_images/64673/62012469.dcm,test
SEM_NODULO,/media/angualberto/423ff97c-bf80-4bc9-9621-cf3ec081fd25/rsna_breast_cancer_detection/train_images/64707/1208629554.dcm,1208629554.dcm,64707,1208629554,2457,2677,64707,1208629554,L,MLO,0,/media/angualberto/423ff97c-bf80-4bc9-9621-cf3ec081fd25/rsna_breast_cancer_detection/train_images/64707/1208629554.dcm,test
SEM_NODULO,/media/angualberto/423ff97c-bf80-4bc9-9621-cf3ec081fd25/rsna_breast_cancer_detection/train_images/64707/1376756140.dcm,1376756140.dcm,64707,1376756140,2457,2677,64707,1376756140,R,CC,0,/media/angualberto/423ff97c-bf80-4bc9-9621-cf3ec081fd25/rsna_breast_cancer_detection/train_images/64707/1376756140.dcm,test
SEM_NODULO,/media/angualberto/423ff97c-bf80-4bc9-9621-cf3ec081fd25/rsna_breast_cancer_detection/train_images/64707/1699402159.dcm,1699402159.dcm,64707,1699402159,2457,2677,64707,1699402159,R,MLO,0,/media/angualberto/423ff97c-bf80-4bc9-9621-cf3ec081fd25/rsna_breast_cancer_detection/train_images/64707/1699402159.dcm,test
SEM_NODULO,/media/angualberto/423ff97c-bf80-4bc9-9621-cf3ec081fd25/rsna_breast_cancer_detection/train_images/64707/881664142.dcm,881664142.dcm,64707,881664142,2457,2677,64707,881664142,L,CC,0,/media/angualberto/423ff97c-bf80-4bc9-9621-cf3ec081fd25/rsna_breast_cancer_detection/train_images/64707/881664142.dcm,test
SEM_NODULO,/media/angualberto/423ff97c-bf80-4bc9-9621-cf3ec081fd25/rsna_breast_cancer_detection/train_images/64851/1752279064.dcm,1752279064.dcm,64851,1752279064,957,1147,64851,1752279064,R,CC,0,/media/angualberto/423ff97c-bf80-4bc9-9621-cf3ec081fd25/rsna_breast_cancer_detection/train_images/64851/1752279064.dcm,test
SEM_NODULO,/media/angualberto/423ff97c-bf80-4bc9-9621-cf3ec081fd25/rsna_breast_cancer_detection/train_images/64851/1908738364.dcm,1908738364.dcm,64851,1908738364,957,1147,64851,1908738364,R,MLO,0,/media/angualberto/423ff97c-bf80-4bc9-9621-cf3ec081fd25/rsna_breast_cancer_detection/train_images/64851/1908738364.dcm,test
SEM_NODULO,/media/angualberto/423ff97c-bf80-4bc9-9621-cf3ec081fd25/rsna_breast_cancer_detection/train_images/64851/550173956.dcm,550173956.dcm,64851,550173956,957,1147,64851,550173956,L,CC,0,/media/angualberto/423ff97c-bf80-4bc9-9621-cf3ec081fd25/rsna_breast_cancer_detection/train_images/64851/550173956.dcm,test
SEM_NODULO,/media/angualberto/423ff97c-bf80-4bc9-9621-cf3ec081fd25/rsna_breast_cancer_detection/train_images/64851/62742011.dcm,62742011.dcm,64851,62742011,957,1147,64851,62742011,L,MLO,0,/media/angualberto/423ff97c-bf80-4bc9-9621-cf3ec081fd25/rsna_breast_cancer_detection/train_images/64851/62742011.dcm,test
SEM_NODULO,/media/angualberto/423ff97c-bf80-4bc9-9621-cf3ec081fd25/rsna_breast_cancer_detection/train_images/64862/1213165036.dcm,1213165036.dcm,64862,1213165036,2457,2677,64862,1213165036,R,CC,0,/media/angualberto/423ff97c-bf80-4bc9-9621-cf3ec081fd25/rsna_breast_cancer_detection/train_images/64862/1213165036.dcm,train
SEM_NODULO,/media/angualberto/423ff97c-bf80-4bc9-9621-cf3ec081fd25/rsna_breast_cancer_detection/train_images/64862/1225220211.dcm,1225220211.dcm,64862,1225220211,2457,2677,64862,1225220211,R,MLO,0,/media/angualberto/423ff97c-bf80-4bc9-9621-cf3ec081fd25/rsna_breast_cancer_detection/train_images/64862/1225220211.dcm,train
SEM_NODULO,/media/angualberto/423ff97c-bf80-4bc9-9621-cf3ec081fd25/rsna_breast_cancer_detection/train_images/64862/1577826833.dcm,1577826833.dcm,64862,1577826833,2457,2677,64862,1577826833,L,MLO,0,/media/angualberto/423ff97c-bf80-4bc9-9621-cf3ec081fd25/rsna_breast_cancer_detection/train_images/64862/1577826833.dcm,train
SEM_NODULO,/media/angualberto/423ff97c-bf80-4bc9-9621-cf3ec081fd25/rsna_breast_cancer_detection/train_images/64862/676104854.dcm,676104854.dcm,64862,676104854,2457,2677,64862,676104854,L,CC,0,/media/angualberto/423ff97c-bf80-4bc9-9621-cf3ec081fd25/rsna_breast_cancer_detection/train_images/64862/676104854.dcm,train
SEM_NODULO,/media/angualberto/423ff97c-bf80-4bc9-9621-cf3ec081fd25/rsna_breast_cancer_detection/train_images/64908/1216714014.dcm,1216714014.dcm,64908,1216714014,1664,2048,64908,1216714014,L,CC,0,/media/angualberto/423ff97c-bf80-4bc9-9621-cf3ec081fd25/rsna_breast_cancer_detection/train_images/64908/1216714014.dcm,train
NODULO,/media/angualberto/423ff97c-bf80-4bc9-9621-cf3ec081fd25/rsna_breast_cancer_detection/train_images/64908/1880660195.dcm,1880660195.dcm,64908,1880660195,1664,2048,64908,1880660195,R,MLO,1,/media/angualberto/423ff97c-bf80-4bc9-9621-cf3ec081fd25/rsna_breast_cancer_detection/train_images/64908/1880660195.dcm,train
NODULO,/media/angualberto/423ff97c-bf80-4bc9-9621-cf3ec081fd25/rsna_breast_cancer_detection/train_images/64908/1922052710.dcm,1922052710.dcm,64908,1922052710,1664,2048,64908,1922052710,R,CC,1,/media/angualberto/423ff97c-bf80-4bc9-9621-cf3ec081fd25/rsna_breast_cancer_detection/train_images/64908/1922052710.dcm,train
SEM_NODULO,/media/angualberto/423ff97c-bf80-4bc9-9621-cf3ec081fd25/rsna_breast_cancer_detection/train_images/64908/615106371.dcm,615106371.dcm,64908,615106371,1664,2048,64908,615106371,L,MLO,0,/media/angualberto/423ff97c-bf80-4bc9-9621-cf3ec081fd25/rsna_breast_cancer_detection/train_images/64908/615106371.dcm,train
NODULO,/media/angualberto/423ff97c-bf80-4bc9-9621-cf3ec081fd25/rsna_breast_cancer_detection/train_images/65198/1695106728.dcm,1695106728.dcm,65198,1695106728,1664,2048,65198,1695106728,R,CC,1,/media/angualberto/423ff97c-bf80-4bc9-9621-cf3ec081fd25/rsna_breast_cancer_detection/train_images/65198/1695106728.dcm,test
SEM_NODULO,/media/angualberto/423ff97c-bf80-4bc9-9621-cf3ec081fd25/rsna_breast_cancer_detection/train_images/65198/1706932944.dcm,1706932944.dcm,65198,1706932944,1664,2048,65198,1706932944,L,CC,0,/media/angualberto/423ff97c-bf80-4bc9-9621-cf3ec081fd25/rsna_breast_cancer_detection/train_images/65198/1706932944.dcm,test
SEM_NODULO,/media/angualberto/423ff97c-bf80-4bc9-9621-cf3ec081fd25/rsna_breast_cancer_detection/train_images/65198/1882745961.dcm,1882745961.dcm,65198,1882745961,1664,2048,65198,1882745961,L,MLO,0,/media/angualberto/423ff97c-bf80-4bc9-9621-cf3ec081fd25/rsna_breast_cancer_detection/train_images/65198/1882745961.dcm,test
NODULO,/media/angualberto/423ff97c-bf80-4bc9-9621-cf3ec081fd25/rsna_breast_cancer_detection/train_images/65198/712545807.dcm,712545807.dcm,65198,712545807,1664,2048,65198,712545807,R,MLO,1,/media/angualberto/423ff97c-bf80-4bc9-9621-cf3ec081fd25/rsna_breast_cancer_detection/train_images/65198/712545807.dcm,test
SEM_NODULO,/media/angualberto/423ff97c-bf80-4bc9-9621-cf3ec081fd25/rsna_breast_cancer_detection/train_images/65525/1516736465.dcm,1516736465.dcm,65525,1516736465,1041,1388,65525,1516736465,L,MLO,0,/media/angualberto/423ff97c-bf80-4bc9-9621-cf3ec081fd25/rsna_breast_cancer_detection/train_images/65525/1516736465.dcm,train
SEM_NODULO,/media/angualberto/423ff97c-bf80-4bc9-9621-cf3ec081fd25/rsna_breast_cancer_detection/train_images/65525/308255045.dcm,308255045.dcm,65525,308255045,1041,1388,65525,308255045,R,CC,0,/media/angualberto/423ff97c-bf80-4bc9-9621-cf3ec081fd25/rsna_breast_cancer_detection/train_images/65525/308255045.dcm,train
SEM_NODULO,/media/angualberto/423ff97c-bf80-4bc9-9621-cf3ec081fd25/rsna_breast_cancer_detection/train_images/65525/751035345.dcm,751035345.dcm,65525,751035345,1041,1388,65525,751035345,R,MLO,0,/media/angualberto/423ff97c-bf80-4bc9-9621-cf3ec081fd25/rsna_breast_cancer_detection/train_images/65525/751035345.dcm,train
SEM_NODULO,/media/angualberto/423ff97c-bf80-4bc9-9621-cf3ec081fd25/rsna_breast_cancer_detection/train_images/65525/782942436.dcm,782942436.dcm,65525,782942436,1041,1388,65525,782942436,L,CC,0,/media/angualberto/423ff97c-bf80-4bc9-9621-cf3ec081fd25/rsna_breast_cancer_detection/train_images/65525/782942436.dcm,train
SEM_NODULO,/media/angualberto/423ff97c-bf80-4bc9-9621-cf3ec081fd25/rsna_breast_cancer_detection/train_images/6632/1279193500.dcm,1279193500.dcm,6632,1279193500,2457,2677,6632,1279193500,R,CC,0,/media/angualberto/423ff97c-bf80-4bc9-9621-cf3ec081fd25/rsna_breast_cancer_detection/train_images/6632/1279193500.dcm,train
SEM_NODULO,/media/angualberto/423ff97c-bf80-4bc9-9621-cf3ec081fd25/rsna_breast_cancer_detection/train_images/6632/1771144554.dcm,1771144554.dcm,6632,1771144554,2457,2677,6632,1771144554,L,MLO,0,/media/angualberto/423ff97c-bf80-4bc9-9621-cf3ec081fd25/rsna_breast_cancer_detection/train_images/6632/1771144554.dcm,train
SEM_NODULO,/media/angualberto/423ff97c-bf80-4bc9-9621-cf3ec081fd25/rsna_breast_cancer_detection/train_images/6632/1961619424.dcm,1961619424.dcm,6632,1961619424,2457,2677,6632,1961619424,R,MLO,0,/media/angualberto/423ff97c-bf80-4bc9-9621-cf3ec081fd25/rsna_breast_cancer_detection/train_images/6632/1961619424.dcm,train
SEM_NODULO,/media/angualberto/423ff97c-bf80-4bc9-9621-cf3ec081fd25/rsna_breast_cancer_detection/train_images/6632/884703644.dcm,884703644.dcm,6632,884703644,2457,2677,6632,884703644,L,CC,0,/media/angualberto/423ff97c-bf80-4bc9-9621-cf3ec081fd25/rsna_breast_cancer_detection/train_images/6632/884703644.dcm,train
SEM_NODULO,/media/angualberto/423ff97c-bf80-4bc9-9621-cf3ec081fd25/rsna_breast_cancer_detection/train_images/6853/1080879069.dcm,1080879069.dcm,6853,1080879069,1280,1664,6853,1080879069,R,CC,0,/media/angualberto/423ff97c-bf80-4bc9-9621-cf3ec081fd25/rsna_breast_cancer_detection/train_images/6853/1080879069.dcm,train
SEM_NODULO,/media/angualberto/423ff97c-bf80-4bc9-9621-cf3ec081fd25/rsna_breast_cancer_detection/train_images/6853/1496257460.dcm,1496257460.dcm,6853,1496257460,1280,1664,6853,1496257460,R,MLO,0,/media/angualberto/423ff97c-bf80-4bc9-9621-cf3ec081fd25/rsna_breast_cancer_detection/train_images/6853/1496257460.dcm,train
NODULO,/media/angualberto/423ff97c-bf80-4bc9-9621-cf3ec081fd25/rsna_breast_cancer_detection/train_images/6853/373068997.dcm,373068997.dcm,6853,373068997,1280,1664,6853,373068997,L,CC,1,/media/angualberto/423ff97c-bf80-4bc9-9621-cf3ec081fd25/rsna_breast_cancer_detection/train_images/6853/373068997.dcm,train
NODULO,/media/angualberto/423ff97c-bf80-4bc9-9621-cf3ec081fd25/rsna_breast_cancer_detection/train_images/6853/572494260.dcm,572494260.dcm,6853,572494260,1280,1664,6853,572494260,L,MLO,1,/media/angualberto/423ff97c-bf80-4bc9-9621-cf3ec081fd25/rsna_breast_cancer_detection/train_images/6853/572494260.dcm,train
NODULO,/media/angualberto/423ff97c-bf80-4bc9-9621-cf3ec081fd25/rsna_breast_cancer_detection/train_images/7151/1736413644.dcm,1736413644.dcm,7151,1736413644,1280,1664,7151,1736413644,L,MLO,1,/media/angualberto/423ff97c-bf80-4bc9-9621-cf3ec081fd25/rsna_breast_cancer_detection/train_images/7151/1736413644.dcm,train
NODULO,/media/angualberto/423ff97c-bf80-4bc9-9621-cf3ec081fd25/rsna_breast_cancer_detection/train_images/7151/1938638705.dcm,1938638705.dcm,7151,1938638705,1280,1664,7151,1938638705,L,CC,1,/media/angualberto/423ff97c-bf80-4bc9-9621-cf3ec081fd25/rsna_breast_cancer_detection/train_images/7151/1938638705.dcm,train
NODULO,/media/angualberto/423ff97c-bf80-4bc9-9621-cf3ec081fd25/rsna_breast_cancer_detection/train_images/7151/396925350.dcm,396925350.dcm,7151,396925350,1280,1664,7151,396925350,L,CC,1,/media/angualberto/423ff97c-bf80-4bc9-9621-cf3ec081fd25/rsna_breast_cancer_detection/train_images/7151/396925350.dcm,train
SEM_NODULO,/media/angualberto/423ff97c-bf80-4bc9-9621-cf3ec081fd25/rsna_breast_cancer_detection/train_images/7151/495135071.dcm,495135071.dcm,7151,495135071,1280,1664,7151,495135071,R,CC,0,/media/angualberto/423ff97c-bf80-4bc9-9621-cf3ec081fd25/rsna_breast_cancer_detection/train_images/7151/495135071.dcm,train
SEM_NODULO,/media/angualberto/423ff97c-bf80-4bc9-9621-cf3ec081fd25/rsna_breast_cancer_detection/train_images/7151/720920250.dcm,720920250.dcm,7151,720920250,1280,1664,7151,720920250,R,MLO,0,/media/angualberto/423ff97c-bf80-4bc9-9621-cf3ec081fd25/rsna_breast_cancer_detection/train_images/7151/720920250.dcm,train
NODULO,/media/angualberto/423ff97c-bf80-4bc9-9621-cf3ec081fd25/rsna_breast_cancer_detection/train_images/7151/731258312.dcm,731258312.dcm,7151,731258312,1280,1664,7151,731258312,L,MLO,1,/media/angualberto/423ff97c-bf80-4bc9-9621-cf3ec081fd25/rsna_breast_cancer_detection/train_images/7151/731258312.dcm,train
SEM_NODULO,/media/angualberto/423ff97c-bf80-4bc9-9621-cf3ec081fd25/rsna_breast_cancer_detection/train_images/7173/1107289226.dcm,1107289226.dcm,7173,1107289226,1664,2048,7173,1107289226,L,MLO,0,/media/angualberto/423ff97c-bf80-4bc9-9621-cf3ec081fd25/rsna_breast_cancer_detection/train_images/7173/1107289226.dcm,train
SEM_NODULO,/media/angualberto/423ff97c-bf80-4bc9-9621-cf3ec081fd25/rsna_breast_cancer_detection/train_images/7173/1262370768.dcm,1262370768.dcm,7173,1262370768,1664,2048,7173,1262370768,R,CC,0,/media/angualberto/423ff97c-bf80-4bc9-9621-cf3ec081fd25/rsna_breast_cancer_detection/train_images/7173/1262370768.dcm,train
SEM_NODULO,/media/angualberto/423ff97c-bf80-4bc9-9621-cf3ec081fd25/rsna_breast_cancer_detection/train_images/7173/1772129812.dcm,1772129812.dcm,7173,1772129812,1664,2048,7173,1772129812,L,CC,0,/media/angualberto/423ff97c-bf80-4bc9-9621-cf3ec081fd25/rsna_breast_cancer_detection/train_images/7173/1772129812.dcm,train
SEM_NODULO,/media/angualberto/423ff97c-bf80-4bc9-9621-cf3ec081fd25/rsna_breast_cancer_detection/train_images/7173/431546695.dcm,431546695.dcm,7173,431546695,1664,2048,7173,431546695,L,CC,0,/media/angualberto/423ff97c-bf80-4bc9-9621-cf3ec081fd25/rsna_breast_cancer_detection/train_images/7173/431546695.dcm,train
SEM_NODULO,/media/angualberto/423ff97c-bf80-4bc9-9621-cf3ec081fd25/rsna_breast_cancer_detection/train_images/7173/670659816.dcm,670659816.dcm,7173,670659816,1664,2048,7173,670659816,R,MLO,0,/media/angualberto/423ff97c-bf80-4bc9-9621-cf3ec081fd25/rsna_breast_cancer_detection/train_images/7173/670659816.dcm,train
SEM_NODULO,/media/angualberto/423ff97c-bf80-4bc9-9621-cf3ec081fd25/rsna_breast_cancer_detection/train_images/7196/1324571586.dcm,1324571586.dcm,7196,1324571586,1664,2048,7196,1324571586,L,CC,0,/media/angualberto/423ff97c-bf80-4bc9-9621-cf3ec081fd25/rsna_breast_cancer_detection/train_images/7196/1324571586.dcm,train
SEM_NODULO,/media/angualberto/423ff97c-bf80-4bc9-9621-cf3ec081fd25/rsna_breast_cancer_detection/train_images/7196/1376904547.dcm,1376904547.dcm,7196,1376904547,1664,2048,7196,1376904547,L,MLO,0,/media/angualberto/423ff97c-bf80-4bc9-9621-cf3ec081fd25/rsna_breast_cancer_detection/train_images/7196/1376904547.dcm,train
NODULO,/media/angualberto/423ff97c-bf80-4bc9-9621-cf3ec081fd25/rsna_breast_cancer_detection/train_images/7196/1650195108.dcm,1650195108.dcm,7196,1650195108,1664,2048,7196,1650195108,R,MLO,1,/media/angualberto/423ff97c-bf80-4bc9-9621-cf3ec081fd25/rsna_breast_cancer_detection/train_images/7196/1650195108.dcm,train
NODULO,/media/angualberto/423ff97c-bf80-4bc9-9621-cf3ec081fd25/rsna_breast_cancer_detection/train_images/7196/976434791.dcm,976434791.dcm,7196,976434791,1664,2048,7196,976434791,R,CC,1,/media/angualberto/423ff97c-bf80-4bc9-9621-cf3ec081fd25/rsna_breast_cancer_detection/train_images/7196/976434791.dcm,train
SEM_NODULO,/media/angualberto/423ff97c-bf80-4bc9-9621-cf3ec081fd25/rsna_breast_cancer_detection/train_images/7288/1020266263.dcm,1020266263.dcm,7288,1020266263,1664,2048,7288,1020266263,L,CC,0,/media/angualberto/423ff97c-bf80-4bc9-9621-cf3ec081fd25/rsna_breast_cancer_detection/train_images/7288/1020266263.dcm,train
SEM_NODULO,/media/angualberto/423ff97c-bf80-4bc9-9621-cf3ec081fd25/rsna_breast_cancer_detection/train_images/7288/1457044662.dcm,1457044662.dcm,7288,1457044662,1664,2048,7288,1457044662,L,MLO,0,/media/angualberto/423ff97c-bf80-4bc9-9621-cf3ec081fd25/rsna_breast_cancer_detection/train_images/7288/1457044662.dcm,train
SEM_NODULO,/media/angualberto/423ff97c-bf80-4bc9-9621-cf3ec081fd25/rsna_breast_cancer_detection/train_images/7288/1460251653.dcm,1460251653.dcm,7288,1460251653,1664,2048,7288,1460251653,L,CC,0,/media/angualberto/423ff97c-bf80-4bc9-9621-cf3ec081fd25/rsna_breast_cancer_detection/train_images/7288/1460251653.dcm,train
SEM_NODULO,/media/angualberto/423ff97c-bf80-4bc9-9621-cf3ec081fd25/rsna_breast_cancer_detection/train_images/7288/1861434048.dcm,1861434048.dcm,7288,1861434048,1664,2048,7288,1861434048,R,CC,0,/media/angualberto/423ff97c-bf80-4bc9-9621-cf3ec081fd25/rsna_breast_cancer_detection/train_images/7288/1861434048.dcm,train
SEM_NODULO,/media/angualberto/423ff97c-bf80-4bc9-9621-cf3ec081fd25/rsna_breast_cancer_detection/train_images/7288/2050804980.dcm,2050804980.dcm,7288,2050804980,1664,2048,7288,2050804980,R,MLO,0,/media/angualberto/423ff97c-bf80-4bc9-9621-cf3ec081fd25/rsna_breast_cancer_detection/train_images/7288/2050804980.dcm,train
SEM_NODULO,/media/angualberto/423ff97c-bf80-4bc9-9621-cf3ec081fd25/rsna_breast_cancer_detection/train_images/7288/2064942317.dcm,2064942317.dcm,7288,2064942317,1664,2048,7288,2064942317,R,CC,0,/media/angualberto/423ff97c-bf80-4bc9-9621-cf3ec081fd25/rsna_breast_cancer_detection/train_images/7288/2064942317.dcm,train
NODULO,/media/angualberto/423ff97c-bf80-4bc9-9621-cf3ec081fd25/rsna_breast_cancer_detection/train_images/7339/152254694.dcm,152254694.dcm,7339,152254694,1664,2048,7339,152254694,L,MLO,1,/media/angualberto/423ff97c-bf80-4bc9-9621-cf3ec081fd25/rsna_breast_cancer_detection/train_images/7339/152254694.dcm,train
NODULO,/media/angualberto/423ff97c-bf80-4bc9-9621-cf3ec081fd25/rsna_breast_cancer_detection/train_images/7339/155241368.dcm,155241368.dcm,7339,155241368,1664,2048,7339,155241368,L,CC,1,/media/angualberto/423ff97c-bf80-4bc9-9621-cf3ec081fd25/rsna_breast_cancer_detection/train_images/7339/155241368.dcm,train
NODULO,/media/angualberto/423ff97c-bf80-4bc9-9621-cf3ec081fd25/rsna_breast_cancer_detection/train_images/7339/178035245.dcm,178035245.dcm,7339,178035245,1664,2048,7339,178035245,L,CC,1,/media/angualberto/423ff97c-bf80-4bc9-9621-cf3ec081fd25/rsna_breast_cancer_detection/train_images/7339/178035245.dcm,train
SEM_NODULO,/media/angualberto/423ff97c-bf80-4bc9-9621-cf3ec081fd25/rsna_breast_cancer_detection/train_images/7339/239125551.dcm,239125551.dcm,7339,239125551,1664,2048,7339,239125551,R,CC,0,/media/angualberto/423ff97c-bf80-4bc9-9621-cf3ec081fd25/rsna_breast_cancer_detection/train_images/7339/239125551.dcm,train
SEM_NODULO,/media/angualberto/423ff97c-bf80-4bc9-9621-cf3ec081fd25/rsna_breast_cancer_detection/train_images/7339/356508372.dcm,356508372.dcm,7339,356508372,1664,2048,7339,356508372,R,MLO,0,/media/angualberto/423ff97c-bf80-4bc9-9621-cf3ec081fd25/rsna_breast_cancer_detection/train_images/7339/356508372.dcm,train
SEM_NODULO,/media/angualberto/423ff97c-bf80-4bc9-9621-cf3ec081fd25/rsna_breast_cancer_detection/train_images/7339/922424159.dcm,922424159.dcm,7339,922424159,1664,2048,7339,922424159,R,CC,0,/media/angualberto/423ff97c-bf80-4bc9-9621-cf3ec081fd25/rsna_breast_cancer_detection/train_images/7339/922424159.dcm,train
SEM_NODULO,/media/angualberto/423ff97c-bf80-4bc9-9621-cf3ec081fd25/rsna_breast_cancer_detection/train_images/7339/976373234.dcm,976373234.dcm,7339,976373234,1664,2048,7339,976373234,R,MLO,0,/media/angualberto/423ff97c-bf80-4bc9-9621-cf3ec081fd25/rsna_breast_cancer_detection/train_images/7339/976373234.dcm,train
SEM_NODULO,/media/angualberto/423ff97c-bf80-4bc9-9621-cf3ec081fd25/rsna_breast_cancer_detection/train_images/7624/1733579423.dcm,1733579423.dcm,7624,1733579423,1041,1388,7624,1733579423,R,CC,0,/media/angualberto/423ff97c-bf80-4bc9-9621-cf3ec081fd25/rsna_breast_cancer_detection/train_images/7624/1733579423.dcm,train
SEM_NODULO,/media/angualberto/423ff97c-bf80-4bc9-9621-cf3ec081fd25/rsna_breast_cancer_detection/train_images/7624/1751433817.dcm,1751433817.dcm,7624,1751433817,1041,1388,7624,1751433817,L,CC,0,/media/angualberto/423ff97c-bf80-4bc9-9621-cf3ec081fd25/rsna_breast_cancer_detection/train_images/7624/1751433817.dcm,train
SEM_NODULO,/media/angualberto/423ff97c-bf80-4bc9-9621-cf3ec081fd25/rsna_breast_cancer_detection/train_images/7624/1814426946.dcm,1814426946.dcm,7624,1814426946,1041,1388,7624,1814426946,L,MLO,0,/media/angualberto/423ff97c-bf80-4bc9-9621-cf3ec081fd25/rsna_breast_cancer_detection/train_images/7624/1814426946.dcm,train
SEM_NODULO,/media/angualberto/423ff97c-bf80-4bc9-9621-cf3ec081fd25/rsna_breast_cancer_detection/train_images/7624/2114493794.dcm,2114493794.dcm,7624,2114493794,1041,1388,7624,2114493794,R,MLO,0,/media/angualberto/423ff97c-bf80-4bc9-9621-cf3ec081fd25/rsna_breast_cancer_detection/train_images/7624/2114493794.dcm,train
NODULO,/media/angualberto/423ff97c-bf80-4bc9-9621-cf3ec081fd25/rsna_breast_cancer_detection/train_images/7780/132778066.dcm,132778066.dcm,7780,132778066,1664,2048,7780,132778066,L,CC,1,/media/angualberto/423ff97c-bf80-4bc9-9621-cf3ec081fd25/rsna_breast_cancer_detection/train_images/7780/132778066.dcm,train
NODULO,/media/angualberto/423ff97c-bf80-4bc9-9621-cf3ec081fd25/rsna_breast_cancer_detection/train_images/7780/512684699.dcm,512684699.dcm,7780,512684699,1664,2048,7780,512684699,L,MLO,1,/media/angualberto/423ff97c-bf80-4bc9-9621-cf3ec081fd25/rsna_breast_cancer_detection/train_images/7780/512684699.dcm,train
SEM_NODULO,/media/angualberto/423ff97c-bf80-4bc9-9621-cf3ec081fd25/rsna_breast_cancer_detection/train_images/7780/696271507.dcm,696271507.dcm,7780,696271507,1664,2048,7780,696271507,R,CC,0,/media/angualberto/423ff97c-bf80-4bc9-9621-cf3ec081fd25/rsna_breast_cancer_detection/train_images/7780/696271507.dcm,train
SEM_NODULO,/media/angualberto/423ff97c-bf80-4bc9-9621-cf3ec081fd25/rsna_breast_cancer_detection/train_images/7780/987430935.dcm,987430935.dcm,7780,987430935,1664,2048,7780,987430935,R,MLO,0,/media/angualberto/423ff97c-bf80-4bc9-9621-cf3ec081fd25/rsna_breast_cancer_detection/train_images/7780/987430935.dcm,train
SEM_NODULO,/media/angualberto/423ff97c-bf80-4bc9-9621-cf3ec081fd25/rsna_breast_cancer_detection/train_images/7833/1188777706.dcm,1188777706.dcm,7833,1188777706,1280,1664,7833,1188777706,R,CC,0,/media/angualberto/423ff97c-bf80-4bc9-9621-cf3ec081fd25/rsna_breast_cancer_detection/train_images/7833/1188777706.dcm,train
SEM_NODULO,/media/angualberto/423ff97c-bf80-4bc9-9621-cf3ec081fd25/rsna_breast_cancer_detection/train_images/7833/287289834.dcm,287289834.dcm,7833,287289834,1280,1664,7833,287289834,R,MLO,0,/media/angualberto/423ff97c-bf80-4bc9-9621-cf3ec081fd25/rsna_breast_cancer_detection/train_images/7833/287289834.dcm,train
SEM_NODULO,/media/angualberto/423ff97c-bf80-4bc9-9621-cf3ec081fd25/rsna_breast_cancer_detection/train_images/7833/31748354.dcm,31748354.dcm,7833,31748354,1280,1664,7833,31748354,L,CC,0,/media/angualberto/423ff97c-bf80-4bc9-9621-cf3ec081fd25/rsna_breast_cancer_detection/train_images/7833/31748354.dcm,train
SEM_NODULO,/media/angualberto/423ff97c-bf80-4bc9-9621-cf3ec081fd25/rsna_breast_cancer_detection/train_images/7833/899900574.dcm,899900574.dcm,7833,899900574,1280,1664,7833,899900574,L,MLO,0,/media/angualberto/423ff97c-bf80-4bc9-9621-cf3ec081fd25/rsna_breast_cancer_detection/train_images/7833/899900574.dcm,train
SEM_NODULO,/media/angualberto/423ff97c-bf80-4bc9-9621-cf3ec081fd25/rsna_breast_cancer_detection/train_images/7946/1134085999.dcm,1134085999.dcm,7946,1134085999,2457,2677,7946,1134085999,R,MLO,0,/media/angualberto/423ff97c-bf80-4bc9-9621-cf3ec081fd25/rsna_breast_cancer_detection/train_images/7946/1134085999.dcm,train
SEM_NODULO,/media/angualberto/423ff97c-bf80-4bc9-9621-cf3ec081fd25/rsna_breast_cancer_detection/train_images/7946/1819940172.dcm,1819940172.dcm,7946,1819940172,2457,2677,7946,1819940172,L,MLO,0,/media/angualberto/423ff97c-bf80-4bc9-9621-cf3ec081fd25/rsna_breast_cancer_detection/train_images/7946/1819940172.dcm,train
SEM_NODULO,/media/angualberto/423ff97c-bf80-4bc9-9621-cf3ec081fd25/rsna_breast_cancer_detection/train_images/7946/582278845.dcm,582278845.dcm,7946,582278845,2457,2677,7946,582278845,R,CC,0,/media/angualberto/423ff97c-bf80-4bc9-9621-cf3ec081fd25/rsna_breast_cancer_detection/train_images/7946/582278845.dcm,train
SEM_NODULO,/media/angualberto/423ff97c-bf80-4bc9-9621-cf3ec081fd25/rsna_breast_cancer_detection/train_images/7946/981535545.dcm,981535545.dcm,7946,981535545,2457,2677,7946,981535545,L,CC,0,/media/angualberto/423ff97c-bf80-4bc9-9621-cf3ec081fd25/rsna_breast_cancer_detection/train_images/7946/981535545.dcm,train
SEM_NODULO,/media/angualberto/423ff97c-bf80-4bc9-9621-cf3ec081fd25/rsna_breast_cancer_detection/train_images/8038/1402425103.dcm,1402425103.dcm,8038,1402425103,1280,1664,8038,1402425103,R,MLO,0,/media/angualberto/423ff97c-bf80-4bc9-9621-cf3ec081fd25/rsna_breast_cancer_detection/train_images/8038/1402425103.dcm,train
SEM_NODULO,/media/angualberto/423ff97c-bf80-4bc9-9621-cf3ec081fd25/rsna_breast_cancer_detection/train_images/8038/146014654.dcm,146014654.dcm,8038,146014654,1280,1664,8038,146014654,L,CC,0,/media/angualberto/423ff97c-bf80-4bc9-9621-cf3ec081fd25/rsna_breast_cancer_detection/train_images/8038/146014654.dcm,train
SEM_NODULO,/media/angualberto/423ff97c-bf80-4bc9-9621-cf3ec081fd25/rsna_breast_cancer_detection/train_images/8038/1933758526.dcm,1933758526.dcm,8038,1933758526,1280,1664,8038,1933758526,R,CC,0,/media/angualberto/423ff97c-bf80-4bc9-9621-cf3ec081fd25/rsna_breast_cancer_detection/train_images/8038/1933758526.dcm,train
SEM_NODULO,/media/angualberto/423ff97c-bf80-4bc9-9621-cf3ec081fd25/rsna_breast_cancer_detection/train_images/8038/269081549.dcm,269081549.dcm,8038,269081549,1280,1664,8038,269081549,R,CC,0,/media/angualberto/423ff97c-bf80-4bc9-9621-cf3ec081fd25/rsna_breast_cancer_detection/train_images/8038/269081549.dcm,train
SEM_NODULO,/media/angualberto/423ff97c-bf80-4bc9-9621-cf3ec081fd25/rsna_breast_cancer_detection/train_images/8038/302531270.dcm,302531270.dcm,8038,302531270,1280,1664,8038,302531270,R,MLO,0,/media/angualberto/423ff97c-bf80-4bc9-9621-cf3ec081fd25/rsna_breast_cancer_detection/train_images/8038/302531270.dcm,train
SEM_NODULO,/media/angualberto/423ff97c-bf80-4bc9-9621-cf3ec081fd25/rsna_breast_cancer_detection/train_images/8038/65327662.dcm,65327662.dcm,8038,65327662,1280,1664,8038,65327662,L,MLO,0,/media/angualberto/423ff97c-bf80-4bc9-9621-cf3ec081fd25/rsna_breast_cancer_detection/train_images/8038/65327662.dcm,train
SEM_NODULO,/media/angualberto/423ff97c-bf80-4bc9-9621-cf3ec081fd25/rsna_breast_cancer_detection/train_images/8038/772023036.dcm,772023036.dcm,8038,772023036,1280,1664,8038,772023036,L,MLO,0,/media/angualberto/423ff97c-bf80-4bc9-9621-cf3ec081fd25/rsna_breast_cancer_detection/train_images/8038/772023036.dcm,train
SEM_NODULO,/media/angualberto/423ff97c-bf80-4bc9-9621-cf3ec081fd25/rsna_breast_cancer_detection/train_images/8038/803330736.dcm,803330736.dcm,8038,803330736,1280,1664,8038,803330736,L,CC,0,/media/angualberto/423ff97c-bf80-4bc9-9621-cf3ec081fd25/rsna_breast_cancer_detection/train_images/8038/803330736.dcm,train
SEM_NODULO,/media/angualberto/423ff97c-bf80-4bc9-9621-cf3ec081fd25/rsna_breast_cancer_detection/train_images/826/2056634184.dcm,2056634184.dcm,826,2056634184,1664,2048,826,2056634184,R,MLO,0,/media/angualberto/423ff97c-bf80-4bc9-9621-cf3ec081fd25/rsna_breast_cancer_detection/train_images/826/2056634184.dcm,train
NODULO,/media/angualberto/423ff97c-bf80-4bc9-9621-cf3ec081fd25/rsna_breast_cancer_detection/train_images/826/343058323.dcm,343058323.dcm,826,343058323,1664,2048,826,343058323,L,MLO,1,/media/angualberto/423ff97c-bf80-4bc9-9621-cf3ec081fd25/rsna_breast_cancer_detection/train_images/826/343058323.dcm,train
SEM_NODULO,/media/angualberto/423ff97c-bf80-4bc9-9621-cf3ec081fd25/rsna_breast_cancer_detection/train_images/826/668064372.dcm,668064372.dcm,826,668064372,1664,2048,826,668064372,R,CC,0,/media/angualberto/423ff97c-bf80-4bc9-9621-cf3ec081fd25/rsna_breast_cancer_detection/train_images/826/668064372.dcm,train
NODULO,/media/angualberto/423ff97c-bf80-4bc9-9621-cf3ec081fd25/rsna_breast_cancer_detection/train_images/826/981350543.dcm,981350543.dcm,826,981350543,1664,2048,826,981350543,L,CC,1,/media/angualberto/423ff97c-bf80-4bc9-9621-cf3ec081fd25/rsna_breast_cancer_detection/train_images/826/981350543.dcm,train
SEM_NODULO,/media/angualberto/423ff97c-bf80-4bc9-9621-cf3ec081fd25/rsna_breast_cancer_detection/train_images/8325/1341271965.dcm,1341271965.dcm,8325,1341271965,1664,2048,8325,1341271965,R,CC,0,/media/angualberto/423ff97c-bf80-4bc9-9621-cf3ec081fd25/rsna_breast_cancer_detection/train_images/8325/1341271965.dcm,train
SEM_NODULO,/media/angualberto/423ff97c-bf80-4bc9-9621-cf3ec081fd25/rsna_breast_cancer_detection/train_images/8325/1651262367.dcm,1651262367.dcm,8325,1651262367,1664,2048,8325,1651262367,R,MLO,0,/media/angualberto/423ff97c-bf80-4bc9-9621-cf3ec081fd25/rsna_breast_cancer_detection/train_images/8325/1651262367.dcm,train
SEM_NODULO,/media/angualberto/423ff97c-bf80-4bc9-9621-cf3ec081fd25/rsna_breast_cancer_detection/train_images/8325/1687300875.dcm,1687300875.dcm,8325,1687300875,1664,2048,8325,1687300875,R,MLO,0,/media/angualberto/423ff97c-bf80-4bc9-9621-cf3ec081fd25/rsna_breast_cancer_detection/train_images/8325/1687300875.dcm,train
SEM_NODULO,/media/angualberto/423ff97c-bf80-4bc9-9621-cf3ec081fd25/rsna_breast_cancer_detection/train_images/8325/1735956294.dcm,1735956294.dcm,8325,1735956294,1664,2048,8325,1735956294,L,CC,0,/media/angualberto/423ff97c-bf80-4bc9-9621-cf3ec081fd25/rsna_breast_cancer_detection/train_images/8325/1735956294.dcm,train
SEM_NODULO,/media/angualberto/423ff97c-bf80-4bc9-9621-cf3ec081fd25/rsna_breast_cancer_detection/train_images/8325/1824429137.dcm,1824429137.dcm,8325,1824429137,1664,2048,8325,1824429137,R,MLO,0,/media/angualberto/423ff97c-bf80-4bc9-9621-cf3ec081fd25/rsna_breast_cancer_detection/train_images/8325/1824429137.dcm,train
SEM_NODULO,/media/angualberto/423ff97c-bf80-4bc9-9621-cf3ec081fd25/rsna_breast_cancer_detection/train_images/8325/2026248949.dcm,2026248949.dcm,8325,2026248949,1664,2048,8325,2026248949,L,MLO,0,/media/angualberto/423ff97c-bf80-4bc9-9621-cf3ec081fd25/rsna_breast_cancer_detection/train_images/8325/2026248949.dcm,train
SEM_NODULO,/media/angualberto/423ff97c-bf80-4bc9-9621-cf3ec081fd25/rsna_breast_cancer_detection/train_images/8325/792243320.dcm,792243320.dcm,8325,792243320,1664,2048,8325,792243320,R,CC,0,/media/angualberto/423ff97c-bf80-4bc9-9621-cf3ec081fd25/rsna_breast_cancer_detection/train_images/8325/792243320.dcm,train
SEM_NODULO,/media/angualberto/423ff97c-bf80-4bc9-9621-cf3ec081fd25/rsna_breast_cancer_detection/train_images/8325/826011010.dcm,826011010.dcm,8325,826011010,1664,2048,8325,826011010,L,MLO,0,/media/angualberto/423ff97c-bf80-4bc9-9621-cf3ec081fd25/rsna_breast_cancer_detection/train_images/8325/826011010.dcm,train
SEM_NODULO,/media/angualberto/423ff97c-bf80-4bc9-9621-cf3ec081fd25/rsna_breast_cancer_detection/train_images/8732/1250168404.dcm,1250168404.dcm,8732,1250168404,1280,1664,8732,1250168404,R,MLO,0,/media/angualberto/423ff97c-bf80-4bc9-9621-cf3ec081fd25/rsna_breast_cancer_detection/train_images/8732/1250168404.dcm,train
SEM_NODULO,/media/angualberto/423ff97c-bf80-4bc9-9621-cf3ec081fd25/rsna_breast_cancer_detection/train_images/8732/1459886943.dcm,1459886943.dcm,8732,1459886943,1280,1664,8732,1459886943,R,CC,0,/media/angualberto/423ff97c-bf80-4bc9-9621-cf3ec081fd25/rsna_breast_cancer_detection/train_images/8732/1459886943.dcm,train
SEM_NODULO,/media/angualberto/423ff97c-bf80-4bc9-9621-cf3ec081fd25/rsna_breast_cancer_detection/train_images/8732/391790803.dcm,391790803.dcm,8732,391790803,1280,1664,8732,391790803,R,CC,0,/media/angualberto/423ff97c-bf80-4bc9-9621-cf3ec081fd25/rsna_breast_cancer_detection/train_images/8732/391790803.dcm,train
NODULO,/media/angualberto/423ff97c-bf80-4bc9-9621-cf3ec081fd25/rsna_breast_cancer_detection/train_images/8732/647267886.dcm,647267886.dcm,8732,647267886,1280,1664,8732,647267886,L,MLO,1,/media/angualberto/423ff97c-bf80-4bc9-9621-cf3ec081fd25/rsna_breast_cancer_detection/train_images/8732/647267886.dcm,train
NODULO,/media/angualberto/423ff97c-bf80-4bc9-9621-cf3ec081fd25/rsna_breast_cancer_detection/train_images/8732/791267021.dcm,791267021.dcm,8732,791267021,1280,1664,8732,791267021,L,CC,1,/media/angualberto/423ff97c-bf80-4bc9-9621-cf3ec081fd25/rsna_breast_cancer_detection/train_images/8732/791267021.dcm,train
SEM_NODULO,/media/angualberto/423ff97c-bf80-4bc9-9621-cf3ec081fd25/rsna_breast_cancer_detection/train_images/8898/1487730172.dcm,1487730172.dcm,8898,1487730172,1664,2048,8898,1487730172,L,MLO,0,/media/angualberto/423ff97c-bf80-4bc9-9621-cf3ec081fd25/rsna_breast_cancer_detection/train_images/8898/1487730172.dcm,train
SEM_NODULO,/media/angualberto/423ff97c-bf80-4bc9-9621-cf3ec081fd25/rsna_breast_cancer_detection/train_images/8898/1528947595.dcm,1528947595.dcm,8898,1528947595,1664,2048,8898,1528947595,L,CC,0,/media/angualberto/423ff97c-bf80-4bc9-9621-cf3ec081fd25/rsna_breast_cancer_detection/train_images/8898/1528947595.dcm,train
SEM_NODULO,/media/angualberto/423ff97c-bf80-4bc9-9621-cf3ec081fd25/rsna_breast_cancer_detection/train_images/8898/1781050623.dcm,1781050623.dcm,8898,1781050623,1664,2048,8898,1781050623,R,MLO,0,/media/angualberto/423ff97c-bf80-4bc9-9621-cf3ec081fd25/rsna_breast_cancer_detection/train_images/8898/1781050623.dcm,train
SEM_NODULO,/media/angualberto/423ff97c-bf80-4bc9-9621-cf3ec081fd25/rsna_breast_cancer_detection/train_images/8898/2026350231.dcm,2026350231.dcm,8898,2026350231,1664,2048,8898,2026350231,R,CC,0,/media/angualberto/423ff97c-bf80-4bc9-9621-cf3ec081fd25/rsna_breast_cancer_detection/train_images/8898/2026350231.dcm,train
SEM_NODULO,/media/angualberto/423ff97c-bf80-4bc9-9621-cf3ec081fd25/rsna_breast_cancer_detection/train_images/901/1562437135.dcm,1562437135.dcm,901,1562437135,1664,2048,901,1562437135,R,CC,0,/media/angualberto/423ff97c-bf80-4bc9-9621-cf3ec081fd25/rsna_breast_cancer_detection/train_images/901/1562437135.dcm,train
SEM_NODULO,/media/angualberto/423ff97c-bf80-4bc9-9621-cf3ec081fd25/rsna_breast_cancer_detection/train_images/901/557687219.dcm,557687219.dcm,901,557687219,1664,2048,901,557687219,L,MLO,0,/media/angualberto/423ff97c-bf80-4bc9-9621-cf3ec081fd25/rsna_breast_cancer_detection/train_images/901/557687219.dcm,train
SEM_NODULO,/media/angualberto/423ff97c-bf80-4bc9-9621-cf3ec081fd25/rsna_breast_cancer_detection/train_images/901/613217025.dcm,613217025.dcm,901,613217025,1664,2048,901,613217025,R,MLO,0,/media/angualberto/423ff97c-bf80-4bc9-9621-cf3ec081fd25/rsna_breast_cancer_detection/train_images/901/613217025.dcm,train
SEM_NODULO,/media/angualberto/423ff97c-bf80-4bc9-9621-cf3ec081fd25/rsna_breast_cancer_detection/train_images/901/733335316.dcm,733335316.dcm,901,733335316,1664,2048,901,733335316,L,CC,0,/media/angualberto/423ff97c-bf80-4bc9-9621-cf3ec081fd25/rsna_breast_cancer_detection/train_images/901/733335316.dcm,train
SEM_NODULO,/media/angualberto/423ff97c-bf80-4bc9-9621-cf3ec081fd25/rsna_breast_cancer_detection/train_images/9029/154929774.dcm,154929774.dcm,9029,154929774,1664,2048,9029,154929774,L,MLO,0,/media/angualberto/423ff97c-bf80-4bc9-9621-cf3ec081fd25/rsna_breast_cancer_detection/train_images/9029/154929774.dcm,train
NODULO,/media/angualberto/423ff97c-bf80-4bc9-9621-cf3ec081fd25/rsna_breast_cancer_detection/train_images/9029/1906118149.dcm,1906118149.dcm,9029,1906118149,1664,2048,9029,1906118149,R,CC,1,/media/angualberto/423ff97c-bf80-4bc9-9621-cf3ec081fd25/rsna_breast_cancer_detection/train_images/9029/1906118149.dcm,train
SEM_NODULO,/media/angualberto/423ff97c-bf80-4bc9-9621-cf3ec081fd25/rsna_breast_cancer_detection/train_images/9029/2042108582.dcm,2042108582.dcm,9029,2042108582,1664,2048,9029,2042108582,L,CC,0,/media/angualberto/423ff97c-bf80-4bc9-9621-cf3ec081fd25/rsna_breast_cancer_detection/train_images/9029/2042108582.dcm,train
NODULO,/media/angualberto/423ff97c-bf80-4bc9-9621-cf3ec081fd25/rsna_breast_cancer_detection/train_images/9029/302179668.dcm,302179668.dcm,9029,302179668,1664,2048,9029,302179668,R,MLO,1,/media/angualberto/423ff97c-bf80-4bc9-9621-cf3ec081fd25/rsna_breast_cancer_detection/train_images/9029/302179668.dcm,train
SEM_NODULO,/media/angualberto/423ff97c-bf80-4bc9-9621-cf3ec081fd25/rsna_breast_cancer_detection/train_images/9167/2134049737.dcm,2134049737.dcm,9167,2134049737,1664,2048,9167,2134049737,R,CC,0,/media/angualberto/423ff97c-bf80-4bc9-9621-cf3ec081fd25/rsna_breast_cancer_detection/train_images/9167/2134049737.dcm,train
NODULO,/media/angualberto/423ff97c-bf80-4bc9-9621-cf3ec081fd25/rsna_breast_cancer_detection/train_images/9167/402545081.dcm,402545081.dcm,9167,402545081,1664,2048,9167,402545081,L,CC,1,/media/angualberto/423ff97c-bf80-4bc9-9621-cf3ec081fd25/rsna_breast_cancer_detection/train_images/9167/402545081.dcm,train
NODULO,/media/angualberto/423ff97c-bf80-4bc9-9621-cf3ec081fd25/rsna_breast_cancer_detection/train_images/9167/436533616.dcm,436533616.dcm,9167,436533616,1664,2048,9167,436533616,L,CC,1,/media/angualberto/423ff97c-bf80-4bc9-9621-cf3ec081fd25/rsna_breast_cancer_detection/train_images/9167/436533616.dcm,train
SEM_NODULO,/media/angualberto/423ff97c-bf80-4bc9-9621-cf3ec081fd25/rsna_breast_cancer_detection/train_images/9167/899275731.dcm,899275731.dcm,9167,899275731,1664,2048,9167,899275731,R,MLO,0,/media/angualberto/423ff97c-bf80-4bc9-9621-cf3ec081fd25/rsna_breast_cancer_detection/train_images/9167/899275731.dcm,train
NODULO,/media/angualberto/423ff97c-bf80-4bc9-9621-cf3ec081fd25/rsna_breast_cancer_detection/train_images/9167/906855351.dcm,906855351.dcm,9167,906855351,1664,2048,9167,906855351,L,MLO,1,/media/angualberto/423ff97c-bf80-4bc9-9621-cf3ec081fd25/rsna_breast_cancer_detection/train_images/9167/906855351.dcm,train
SEM_NODULO,/media/angualberto/423ff97c-bf80-4bc9-9621-cf3ec081fd25/rsna_breast_cancer_detection/train_images/9167/953518964.dcm,953518964.dcm,9167,953518964,1664,2048,9167,953518964,R,CC,0,/media/angualberto/423ff97c-bf80-4bc9-9621-cf3ec081fd25/rsna_breast_cancer_detection/train_images/9167/953518964.dcm,train
NODULO,/media/angualberto/423ff97c-bf80-4bc9-9621-cf3ec081fd25/rsna_breast_cancer_detection/train_images/9559/1047452753.dcm,1047452753.dcm,9559,1047452753,1664,2048,9559,1047452753,L,MLO,1,/media/angualberto/423ff97c-bf80-4bc9-9621-cf3ec081fd25/rsna_breast_cancer_detection/train_images/9559/1047452753.dcm,test
NODULO,/media/angualberto/423ff97c-bf80-4bc9-9621-cf3ec081fd25/rsna_breast_cancer_detection/train_images/9559/1174804734.dcm,1174804734.dcm,9559,1174804734,1664,2048,9559,1174804734,L,MLO,1,/media/angualberto/423ff97c-bf80-4bc9-9621-cf3ec081fd25/rsna_breast_cancer_detection/train_images/9559/1174804734.dcm,test
SEM_NODULO,/media/angualberto/423ff97c-bf80-4bc9-9621-cf3ec081fd25/rsna_breast_cancer_detection/train_images/9559/1775300814.dcm,1775300814.dcm,9559,1775300814,1664,2048,9559,1775300814,R,MLO,0,/media/angualberto/423ff97c-bf80-4bc9-9621-cf3ec081fd25/rsna_breast_cancer_detection/train_images/9559/1775300814.dcm,test
NODULO,/media/angualberto/423ff97c-bf80-4bc9-9621-cf3ec081fd25/rsna_breast_cancer_detection/train_images/9559/203061242.dcm,203061242.dcm,9559,203061242,1664,2048,9559,203061242,L,CC,1,/media/angualberto/423ff97c-bf80-4bc9-9621-cf3ec081fd25/rsna_breast_cancer_detection/train_images/9559/203061242.dcm,test
SEM_NODULO,/media/angualberto/423ff97c-bf80-4bc9-9621-cf3ec081fd25/rsna_breast_cancer_detection/train_images/9559/378171161.dcm,378171161.dcm,9559,378171161,1664,2048,9559,378171161,R,MLO,0,/media/angualberto/423ff97c-bf80-4bc9-9621-cf3ec081fd25/rsna_breast_cancer_detection/train_images/9559/378171161.dcm,test
SEM_NODULO,/media/angualberto/423ff97c-bf80-4bc9-9621-cf3ec081fd25/rsna_breast_cancer_detection/train_images/9559/790325351.dcm,790325351.dcm,9559,790325351,1664,2048,9559,790325351,R,CC,0,/media/angualberto/423ff97c-bf80-4bc9-9621-cf3ec081fd25/rsna_breast_cancer_detection/train_images/9559/790325351.dcm,test
SEM_NODULO,/media/angualberto/423ff97c-bf80-4bc9-9621-cf3ec081fd25/rsna_breast_cancer_detection/train_images/9573/1489043765.dcm,1489043765.dcm,9573,1489043765,1664,2048,9573,1489043765,L,CC,0,/media/angualberto/423ff97c-bf80-4bc9-9621-cf3ec081fd25/rsna_breast_cancer_detection/train_images/9573/1489043765.dcm,train
SEM_NODULO,/media/angualberto/423ff97c-bf80-4bc9-9621-cf3ec081fd25/rsna_breast_cancer_detection/train_images/9573/1656991629.dcm,1656991629.dcm,9573,1656991629,1664,2048,9573,1656991629,R,MLO,0,/media/angualberto/423ff97c-bf80-4bc9-9621-cf3ec081fd25/rsna_breast_cancer_detection/train_images/9573/1656991629.dcm,train
SEM_NODULO,/media/angualberto/423ff97c-bf80-4bc9-9621-cf3ec081fd25/rsna_breast_cancer_detection/train_images/9573/1924463708.dcm,1924463708.dcm,9573,1924463708,1664,2048,9573,1924463708,R,CC,0,/media/angualberto/423ff97c-bf80-4bc9-9621-cf3ec081fd25/rsna_breast_cancer_detection/train_images/9573/1924463708.dcm,train
SEM_NODULO,/media/angualberto/423ff97c-bf80-4bc9-9621-cf3ec081fd25/rsna_breast_cancer_detection/train_images/9573/835958805.dcm,835958805.dcm,9573,835958805,1664,2048,9573,835958805,L,MLO,0,/media/angualberto/423ff97c-bf80-4bc9-9621-cf3ec081fd25/rsna_breast_cancer_detection/train_images/9573/835958805.dcm,train
NODULO,/media/angualberto/423ff97c-bf80-4bc9-9621-cf3ec081fd25/rsna_breast_cancer_detection/train_images/9840/111786935.dcm,111786935.dcm,9840,111786935,1041,1388,9840,111786935,R,MLO,1,/media/angualberto/423ff97c-bf80-4bc9-9621-cf3ec081fd25/rsna_breast_cancer_detection/train_images/9840/111786935.dcm,train
NODULO,/media/angualberto/423ff97c-bf80-4bc9-9621-cf3ec081fd25/rsna_breast_cancer_detection/train_images/9840/1559360810.dcm,1559360810.dcm,9840,1559360810,1041,1388,9840,1559360810,R,CC,1,/media/angualberto/423ff97c-bf80-4bc9-9621-cf3ec081fd25/rsna_breast_cancer_detection/train_images/9840/1559360810.dcm,train
SEM_NODULO,/media/angualberto/423ff97c-bf80-4bc9-9621-cf3ec081fd25/rsna_breast_cancer_detection/train_images/9840/629749649.dcm,629749649.dcm,9840,629749649,1041,1388,9840,629749649,L,CC,0,/media/angualberto/423ff97c-bf80-4bc9-9621-cf3ec081fd25/rsna_breast_cancer_detection/train_images/9840/629749649.dcm,train
SEM_NODULO,/media/angualberto/423ff97c-bf80-4bc9-9621-cf3ec081fd25/rsna_breast_cancer_detection/train_images/9840/87146266.dcm,87146266.dcm,9840,87146266,1041,1388,9840,87146266,L,MLO,0,/media/angualberto/423ff97c-bf80-4bc9-9621-cf3ec081fd25/rsna_breast_cancer_detection/train_images/9840/87146266.dcm,train
SEM_NODULO,/media/angualberto/423ff97c-bf80-4bc9-9621-cf3ec081fd25/rsna_breast_cancer_detection/train_images/997/1487679918.dcm,1487679918.dcm,997,1487679918,1280,1664,997,1487679918,R,CC,0,/media/angualberto/423ff97c-bf80-4bc9-9621-cf3ec081fd25/rsna_breast_cancer_detection/train_images/997/1487679918.dcm,test
SEM_NODULO,/media/angualberto/423ff97c-bf80-4bc9-9621-cf3ec081fd25/rsna_breast_cancer_detection/train_images/997/1775983513.dcm,1775983513.dcm,997,1775983513,1280,1664,997,1775983513,R,MLO,0,/media/angualberto/423ff97c-bf80-4bc9-9621-cf3ec081fd25/rsna_breast_cancer_detection/train_images/997/1775983513.dcm,test
SEM_NODULO,/media/angualberto/423ff97c-bf80-4bc9-9621-cf3ec081fd25/rsna_breast_cancer_detection/train_images/997/2129119612.dcm,2129119612.dcm,997,2129119612,1280,1664,997,2129119612,L,MLO,0,/media/angualberto/423ff97c-bf80-4bc9-9621-cf3ec081fd25/rsna_breast_cancer_detection/train_images/997/2129119612.dcm,test
SEM_NODULO,/media/angualberto/423ff97c-bf80-4bc9-9621-cf3ec081fd25/rsna_breast_cancer_detection/train_images/997/873425464.dcm,873425464.dcm,997,873425464,1280,1664,997,873425464,L,CC,0,/media/angualberto/423ff97c-bf80-4bc9-9621-cf3ec081fd25/rsna_breast_cancer_detection/train_images/997/873425464.dcm,test
